ConsumerClassId,Description,Color,ConstantPower,ConstantCurrent,ConstantImpedance,UtilizationFactor,PowerFactor,MeteredLoads,NonMeteredLoads,LoadFactor_percent,FrequenceSensitivityP,FrequenceSensitivityQ,EnableHarmonic,IsExponentialModel,ConstantImpedanceZ_P,ConstantImpedanceZ_Q,ConstantCurrentI_P,ConstantCurrentI_Q,ConstantPowerP_P,ConstantPowerP_Q,ExponentialModel_P,ExponentialModel_Q,LoadFlowVoltPercentOfNominal,UseLTD,AdjustmentSettings,PowerCurveModel,PowerCurveModelID
"Commercial",,0,100,0,0,100,90,1,1,0,1,1,1,0,100,100,0,0,0,0,1,1,80,0,0,0,
"I",,0,100,0,0,100,90,1,1,0,1,1,1,0,0,0,100,100,0,0,1,1,80,0,0,0,
"Industrial",,0,100,0,0,100,90,1,1,0,1,1,1,0,100,100,0,0,0,0,1,1,80,0,0,0,
"Other",,0,100,0,0,100,90,1,1,0,1,1,1,0,100,100,0,0,0,0,1,1,80,0,0,0,
"PQ",,0,100,0,0,100,90,1,1,0,1,1,1,0,0,0,0,0,100,100,1,1,80,0,0,0,
"Residential",,0,100,0,0,100,90,1,1,0,1,1,1,0,100,100,0,0,0,0,1,1,80,0,0,0,
"Z",,0,100,0,0,100,90,1,1,0,1,1,1,0,100,100,0,0,0,0,1,1,80,0,0,0,
