EquipmentId,EquipmentType,ConductorA_Horizontal,ConductorA_Vertical,ConductorB_Horizontal,ConductorB_Vertical,ConductorC_Horizontal,ConductorC_Vertical,NeutralConductor_Horizontal,NeutralConductor_Vertical,Conductor1_C2_X,Conductor1_C2_Y,Conductor2_C2_X,Conductor2_C2_Y,Conductor3_C2_X,Conductor3_C2_Y,Conductor_N2_X,Conductor_N2_Y,BundleDistance,NbPhasesPerCircuit,NbConductorsPerPhase,NbNeutrals,TowerType,DistanceA,DistanceB,DistanceC,DistanceD,DistanceE,ConductorStatusN1,ConductorStatusN2,FootingResistanceN1,FootingResistanceN2,TowerSpanN1,TowerSpanN2
"500",32,0,8.5344,0.762,8.5344,2.1336,8.5344,1.2192,7.3152,0,0,0,0,0,0,0,0,0.01,3,1,1,0,0,0,0,0,0,0,0,1,1,300,300
"505",32,0,8.5344,2.1336,8.5344,0,0,1.2192,7.3152,0,0,0,0,0,0,0,0,0.01,2,1,1,0,0,0,0,0,0,0,0,1,1,300,300
"510",32,0,8.8392,0,0,0,0,0.1524,7.3152,0,0,0,0,0,0,0,0,0.01,1,1,1,0,0,0,0,0,0,0,0,1,1,300,300
"DEFAULT",58,-6,36.75,-9,26,-6,15.25,0,49,6,36.75,9,26,6,15.25,0,0,0.01,3,1,1,4,6,15.25,10.75,12.25,6.75,0,0,1,1,300,300
