EquipmentId,ComponentMask,PhaseConductorIdA,PhaseConductorIdB,PhaseConductorIdC,NeutralConductorId,ConductorSpacingId,NominalRatingA,NominalRatingB,NominalRatingC,FirstRatingA,FirstRatingB,FirstRatingC,SecondRatingA,SecondRatingB,SecondRatingC,ThirdRatingA,ThirdRatingB,ThirdRatingC,FourthRatingA,FourthRatingB,FourthRatingC,SelfResistanceA,SelfResistanceB,SelfResistanceC,SelfReactanceA,SelfReactanceB,SelfReactanceC,ShuntSusceptanceA,ShuntSusceptanceB,ShuntSusceptanceC,LockImpedance,Favorite,Comments,ShuntConductanceA,ShuntConductanceB,ShuntConductanceC,MutualResistanceAB,MutualResistanceBC,MutualResistanceCA,MutualReactanceAB,MutualReactanceBC,MutualReactanceCA,MutualShuntSusceptanceAB,MutualShuntSusceptanceBC,MutualShuntSusceptanceCA,MutualShuntConductanceAB,MutualShuntConductanceBC,MutualShuntConductanceCA
"DEFAULT",0,"DEFAULT","DEFAULT","DEFAULT","DEFAULT","DEFAULT",1000,1000,1000,1000,1000,1000,1000,1000,1000,1000,1000,1000,1000,1000,1000,0.122,0.733,0.122,0.203,0.203,0.203,1.892,2.453,1.892,0,0,,0,0,0,0.122,0.122,0.122,0.203,0.203,0.203,1.892,1.892,1.892,0,0,0
"LINE601",0,"DEFAULT","DEFAULT","DEFAULT","DEFAULT","DEFAULT",1000,1000,1000,1000,1000,1000,1000,1000,1000,1000,1000,1000,1000,1000,1000,0.215305,0.209713,0.212136,0.632494,0.651072,0.642995,3.914513,3.703185,3.503662,1,0,,0,0,0,0.09680999999999999,0.09680999999999999,0.09680999999999999,0.271353,0.271353,0.271353,-0.827853,-0.827853,-0.827853,0,0,0
"LINE602",0,"DEFAULT","DEFAULT","DEFAULT","DEFAULT","DEFAULT",1000,1000,1000,1000,1000,1000,1000,1000,1000,1000,1000,1000,1000,1000,1000,0.467644,0.464475,0.462052,0.734088,0.7445889999999999,0.752605,3.541187,3.218391,3.370689,1,0,,0,0,0,0.09680999999999999,0.09680999999999999,0.09680999999999999,0.271353,0.271353,0.271353,-0.710662,-0.710662,-0.710662,0,0,0
"LINE603",0,"NONE","DEFAULT","DEFAULT","DEFAULT","DEFAULT",0,1000,1000,0,1000,1000,0,1000,1000,0,1000,1000,0,1000,1000,0,0.826051,0.8225710000000001,0,0.837049,0.8431380000000001,0,2.926471,2.899193,1,0,,0,0,0,0,0.064188,0,0,0.142636,0,0,-0.279586,0,0,0,0
"LINE604",0,"DEFAULT","NONE","DEFAULT","DEFAULT","DEFAULT",1000,0,1000,1000,0,1000,1000,0,1000,1000,0,1000,1000,0,1000,0.8225710000000001,0,0.826051,0.8431380000000001,0,0.837049,2.899193,0,2.926471,1,0,,0,0,0,0,0,0.064188,0,0,0.142636,0,0,-0.279586,0,0,0
"LINE605",0,"NONE","NONE","DEFAULT","DEFAULT","DEFAULT",0,0,1000,0,0,1000,0,0,1000,0,0,1000,0,0,1000,0,0,0.825926,0,0,0.837297,0,0,2.808162,1,0,,0,0,0,0,0,0,0,0,0,0,0,0,0,0,0
"LINE606",0,"DEFAULT","DEFAULT","DEFAULT","DEFAULT","DEFAULT",1000,1000,1000,1000,1000,1000,1000,1000,1000,1000,1000,1000,1000,1000,1000,0.495978,0.490324,0.495978,0.277318,0.251096,0.277318,60.204451,60.204451,60.204451,1,0,,0,0,0,0.191258,0.191258,0.191258,0.010625,0.010625,0.010625,0,0,0,0,0,0
"LINE607",0,"DEFAULT","DEFAULT","DEFAULT","DEFAULT","DEFAULT",1000,1000,1000,1000,1000,1000,1000,1000,1000,1000,1000,1000,1000,1000,1000,0.834191,0,0,0.31839,0,0,55.296553,0,0,1,0,,0,0,0,0,0,0,0,0,0,0,0,0,0,0,0
