NodeId,NetworkId,TagText,DeltaX,DeltaY,Angle,Prop,Alignment,Border,Background,TextColor,BorderColor,BackgroundColor,Location,Font,TagTextSize,Offset
"611","650","$NodeId$
VA=$VpuA$ pu / $PH-AngleA$ deg
VB=$VpuB$ pu / $PH-AngleB$ deg
VC=$VpuC$ pu / $PH-AngleC$ deg
IA=$IA$ A / $IAngleA$ deg
IB=$IB$ A / $IAngleB$ deg
IC=$IC$ A / $IAngleC$ deg",1.581533,31.8472,0,290851,2,1,1,0,0,0,0,"Arial",1,0.33
"632","650","$NodeId$
VA=$VpuA$ pu / $PH-AngleA$ deg
VB=$VpuB$ pu / $PH-AngleB$ deg
VC=$VpuC$ pu / $PH-AngleC$ deg
IA=$IA$ A / $IAngleA$ deg
IB=$IB$ A / $IAngleB$ deg
IC=$IC$ A / $IAngleC$ deg",69.57244,-48.128098,0,290851,2,1,1,0,0,0,0,"Arial",1,0.33
"633","650","$NodeId$
VA=$VpuA$ pu / $PH-AngleA$ deg
VB=$VpuB$ pu / $PH-AngleB$ deg
VC=$VpuC$ pu / $PH-AngleC$ deg
IA=$IA$ A / $IAngleA$ deg
IB=$IB$ A / $IAngleB$ deg
IC=$IC$ A / $IAngleC$ deg",-6.612383,65.053181,0,24579,2,1,1,0,0,0,0,"Arial",1,0.33
"634","650","$NodeId$
VA=$VpuA$ pu / $PH-AngleA$ deg
VB=$VpuB$ pu / $PH-AngleB$ deg
VC=$VpuC$ pu / $PH-AngleC$ deg
IA=$IA$ A / $IAngleA$ deg
IB=$IB$ A / $IAngleB$ deg
IC=$IC$ A / $IAngleC$ deg",6.248912,63.487717,0,24579,2,1,1,0,0,0,0,"Arial",1,0.33
"645","650","$NodeId$
VA=$VpuA$ pu / $PH-AngleA$ deg
VB=$VpuB$ pu / $PH-AngleB$ deg
VC=$VpuC$ pu / $PH-AngleC$ deg
IA=$IA$ A / $IAngleA$ deg
IB=$IB$ A / $IAngleB$ deg
IC=$IC$ A / $IAngleC$ deg",4.276814,38.69253,0,24579,2,1,1,0,0,0,0,"Arial",1,0.33
"646","650","$NodeId$
VA=$VpuA$ pu / $PH-AngleA$ deg
VB=$VpuB$ pu / $PH-AngleB$ deg
VC=$VpuC$ pu / $PH-AngleC$ deg
IA=$IA$ A / $IAngleA$ deg
IB=$IB$ A / $IAngleB$ deg
IC=$IC$ A / $IAngleC$ deg",3.158036,37.524306,0,24579,2,1,1,0,0,0,0,"Arial",1,0.33
"650","650","650",0,0,0,28673,1,1,1,0,0,0,0,"Arial",1.5,0.33
"652","650","$NodeId$
VA=$VpuA$ pu / $PH-AngleA$ deg
VB=$VpuB$ pu / $PH-AngleB$ deg
VC=$VpuC$ pu / $PH-AngleC$ deg
IA=$IA$ A / $IAngleA$ deg
IB=$IB$ A / $IAngleB$ deg
IC=$IC$ A / $IAngleC$ deg",53.939929,7.962038,0,24579,2,1,1,0,0,0,0,"Arial",1,0.33
"671","650","$NodeId$
VA=$VpuA$ pu / $PH-AngleA$ deg
VB=$VpuB$ pu / $PH-AngleB$ deg
VC=$VpuC$ pu / $PH-AngleC$ deg
IA=$IA$ A / $IAngleA$ deg
IB=$IB$ A / $IAngleB$ deg
IC=$IC$ A / $IAngleC$ deg",64.280694,-44.107356,0,24579,2,1,1,0,0,0,0,"Arial",1,0.33
"675","650","$NodeId$
VA=$VpuA$ pu / $PH-AngleA$ deg
VB=$VpuB$ pu / $PH-AngleB$ deg
VC=$VpuC$ pu / $PH-AngleC$ deg
IA=$IA$ A / $IAngleA$ deg
IB=$IB$ A / $IAngleB$ deg
IC=$IC$ A / $IAngleC$ deg",13.661897,50.552428,0,24579,2,1,1,0,0,0,0,"Arial",1,0.33
"680","650","$NodeId$
VA=$VpuA$ pu / $PH-AngleA$ deg
VB=$VpuB$ pu / $PH-AngleB$ deg
VC=$VpuC$ pu / $PH-AngleC$ deg
IA=$IA$ A / $IAngleA$ deg
IB=$IB$ A / $IAngleB$ deg
IC=$IC$ A / $IAngleC$ deg",-0.854973,-49.489308,0,24579,2,1,1,0,0,0,0,"Arial",1,0.33
"684","650","$NodeId$
VA=$VpuA$ pu / $PH-AngleA$ deg
VB=$VpuB$ pu / $PH-AngleB$ deg
VC=$VpuC$ pu / $PH-AngleC$ deg
IA=$IA$ A / $IAngleA$ deg
IB=$IB$ A / $IAngleB$ deg
IC=$IC$ A / $IAngleC$ deg",3.725374,37.094315,0,24579,2,1,1,0,0,0,0,"Arial",1,0.33
"692","650","$NodeId$
VA=$VpuA$ pu / $PH-AngleA$ deg
VB=$VpuB$ pu / $PH-AngleB$ deg
VC=$VpuC$ pu / $PH-AngleC$ deg
IA=$IA$ A / $IAngleA$ deg
IB=$IB$ A / $IAngleB$ deg
IC=$IC$ A / $IAngleC$ deg",-8.669266,48.818164,0,24579,2,1,1,0,0,0,0,"Arial",1,0.33
"7","650","$NodeId$
VA=$VpuA$ / $PH-AngleA$ deg
VB=$VpuB$ / $PH-AngleB$ deg
VC=$VpuC$ / $PH-AngleC$ deg
IA=$IA$ A / $IAngleA$ deg
IB=$IB$ A / $IAngleB$ deg
IC=$IC$ A / $IAngleC$ deg",65.478938,3.351202,0,24577,2,1,1,0,0,0,0,"Arial",1,0.33
"RG60","650","$NodeId$
VA=$VpuA$ pu / $PH-AngleA$ deg
VB=$VpuB$ pu / $PH-AngleB$ deg
VC=$VpuC$ pu / $PH-AngleC$ deg
IA=$IA$ A / $IAngleA$ deg
IB=$IB$ A / $IAngleB$ deg
IC=$IC$ A / $IAngleC$ deg",-62.994611,-77.338722,0,24579,2,1,1,0,0,0,0,"Arial",1,0.33
