"PK_Envelope_ID","CK_SiteID","Qty Windows Facing East","Qty Windows Facing East_notes","Qty Windows Facing North","Qty Windows Facing North_notes","Qty Windows Facing NorthEast","Qty Windows Facing NorthEast_notes","Qty Windows Facing NorthWest","Qty Windows Facing NorthWest_notes","Qty Windows Facing South","Qty Windows Facing South_notes","Qty Windows Facing SouthEast","Qty Windows Facing SouthEast_notes","Qty Windows Facing SouthWest","Qty Windows Facing SouthWest_notes","Qty Windows Facing West","Qty Windows Facing West_notes","Qty Total Windows","Pct Windows Facing East","Pct Windows Facing East_notes","Pct Windows Facing North","Pct Windows Facing North_notes","Pct Windows Facing NorthEast","Pct Windows Facing NorthEast_notes","Pct Windows Facing NorthWest","Pct Windows Facing NorthWest_notes","Pct Windows Facing South","Pct Windows Facing South_notes","Pct Windows Facing SouthEast","Pct Windows Facing SouthEast_notes","Pct Windows Facing SouthWest","Pct Windows Facing SouthWest_notes","Pct Windows Facing West","Pct Windows Facing West_notes"
"Envelope_00003361","BLDG_00001",0,,20,,0,,0,,20,,0,,0,,0,,40,0.0000,,0.5000,,0.0000,,0.0000,,0.5000,,0.0000,,0.0000,,0.0000,
"Envelope_00003329","BLDG_00002",103,,27,,0,,0,,23,,0,,0,,112,,265,0.3890,,0.1020,,0.0000,,0.0000,,0.0870,,0.0000,,0.0000,,0.4230,
"Envelope_00003269","BLDG_00003",45,,6,,0,,0,,6,,0,,0,,45,,102,0.4410,,0.0590,,0.0000,,0.0000,,0.0590,,0.0000,,0.0000,,0.4410,
"Envelope_00003271","BLDG_00004",0,,16,,0,,0,,16,,0,,0,,0,,32,0.0000,,0.5000,,0.0000,,0.0000,,0.5000,,0.0000,,0.0000,,0.0000,
"Envelope_00003272","BLDG_00005",18,,6,,0,,0,,6,,0,,0,,28,,58,0.3100,,0.1030,,0.0000,,0.0000,,0.1030,,0.0000,,0.0000,,0.4830,
"Envelope_00003273","BLDG_00010",31,,36,,0,,0,,21,,0,,0,,23,,111,0.2790,,0.3240,,0.0000,,0.0000,,0.1890,,0.0000,,0.0000,,0.2070,
"Envelope_00003302","BLDG_00020",18,,22,,0,,0,,12,,0,,0,,36,,88,0.2050,,0.2500,,0.0000,,0.0000,,0.1360,,0.0000,,0.0000,,0.4090,
"Envelope_00003328","BLDG_00023",33,,16,,0,,0,,44,,0,,0,,30,,123,0.2680,,0.1300,,0.0000,,0.0000,,0.3580,,0.0000,,0.0000,,0.2440,
"Envelope_00003332","BLDG_00027",25,,50,,0,,0,,50,,0,,0,,25,,150,0.1670,,0.3330,,0.0000,,0.0000,,0.3330,,0.0000,,0.0000,,0.1670,
"Envelope_00003270","BLDG_00028",0,,16,,0,,0,,17,,0,,0,,0,,33,0.0000,,0.4850,,0.0000,,0.0000,,0.5150,,0.0000,,0.0000,,0.0000,
"Envelope_00003274","BLDG_00029",36,,30,,0,,0,,24,,0,,0,,36,,126,0.2860,,0.2380,,0.0000,,0.0000,,0.1900,,0.0000,,0.0000,,0.2860,
"Envelope_00003275","BLDG_00031",8,,0,,0,,0,,0,,0,,0,,8,,16,0.5000,,0.0000,,0.0000,,0.0000,,0.0000,,0.0000,,0.0000,,0.5000,
"Envelope_00003362","BLDG_00032",0,,24,,0,,0,,24,,0,,0,,0,,48,0.0000,,0.5000,,0.0000,,0.0000,,0.5000,,0.0000,,0.0000,,0.0000,
"Envelope_00003330","BLDG_00034",0,,0,,8,,8,,0,,7,,4,,0,,27,0.0000,,0.0000,,0.2960,,0.2960,,0.0000,,0.2590,,0.1480,,0.0000,
"Envelope_00003341","BLDG_00035",0,,24,,0,,0,,24,,0,,0,,0,,48,0.0000,,0.5000,,0.0000,,0.0000,,0.5000,,0.0000,,0.0000,,0.0000,
"Envelope_00003363","BLDG_00036",0,,8,,0,,0,,16,,0,,0,,0,,24,0.0000,,0.3330,,0.0000,,0.0000,,0.6670,,0.0000,,0.0000,,0.0000,
"Envelope_00003349","BLDG_00037",16,,0,,0,,0,,0,,0,,0,,16,,32,0.5000,,0.0000,,0.0000,,0.0000,,0.0000,,0.0000,,0.0000,,0.5000,
"Envelope_00003338","BLDG_00037",6,,48,,0,,0,,48,,0,,0,,3,,105,0.0570,,0.4570,,0.0000,,0.0000,,0.4570,,0.0000,,0.0000,,0.0290,
"Envelope_00003342","BLDG_00038",7,,5,,0,,0,,8,,0,,0,,9,,29,0.2410,,0.1720,,0.0000,,0.0000,,0.2760,,0.0000,,0.0000,,0.3100,
"Envelope_00003340","BLDG_00039",1,,0,,0,,0,,6,,0,,0,,16,,23,0.0430,,0.0000,,0.0000,,0.0000,,0.2610,,0.0000,,0.0000,,0.6960,
"Envelope_00003347","BLDG_00040",15,,64,,0,,0,,26,,0,,0,,16,,121,0.1240,,0.5290,,0.0000,,0.0000,,0.2150,,0.0000,,0.0000,,0.1320,
"Envelope_00003364","BLDG_00042",16,,4,,0,,0,,6,,0,,0,,14,,40,0.4000,,0.1000,,0.0000,,0.0000,,0.1500,,0.0000,,0.0000,,0.3500,
"Envelope_00003472","BLDG_00043",0,,8,,0,,0,,8,,0,,0,,0,,16,0.0000,,0.5000,,0.0000,,0.0000,,0.5000,,0.0000,,0.0000,,0.0000,
"Envelope_00003331","BLDG_00044",0,,0,,13,,0,,0,,0,,6,,0,,19,0.0000,,0.0000,,0.6840,,0.0000,,0.0000,,0.0000,,0.3160,,0.0000,
"Envelope_00003339","BLDG_00045",17,,2,,0,,0,,0,,2,,0,,20,,41,0.4150,,0.0490,,0.0000,,0.0000,,0.0000,,0.0490,,0.0000,,0.4880,
"Envelope_00003365","BLDG_00046",5,,17,,0,,0,,14,,0,,0,,5,,41,0.1220,,0.4150,,0.0000,,0.0000,,0.3410,,0.0000,,0.0000,,0.1220,
"Envelope_00003366","BLDG_00048",6,,24,,0,,0,,0,,25,,0,,14,,69,0.0870,,0.3480,,0.0000,,0.0000,,0.0000,,0.3620,,0.0000,,0.2030,
"Envelope_00003334","BLDG_00049",0,,0,,12,,0,,0,,1,,5,,0,,18,0.0000,,0.0000,,0.6670,,0.0000,,0.0000,,0.0560,,0.2780,,0.0000,
"Envelope_00003276","BLDG_00050",16,,0,,0,,0,,0,,0,,0,,7,,23,0.6960,,0.0000,,0.0000,,0.0000,,0.0000,,0.0000,,0.0000,,0.3040,
"Envelope_00003327","BLDG_00052",4,,8,,0,,0,,10,,0,,0,,2,,24,0.1670,,0.3330,,0.0000,,0.0000,,0.4170,,0.0000,,0.0000,,0.0830,
"Envelope_00003344","BLDG_00053",32,,5,,0,,0,,5,,0,,0,,48,,90,0.3560,,0.0560,,0.0000,,0.0000,,0.0560,,0.0000,,0.0000,,0.5330,
"Envelope_00003320","BLDG_00054",0,,0,,18,,4,,0,,4,,18,,0,,44,0.0000,,0.0000,,0.4090,,0.0910,,0.0000,,0.0910,,0.4090,,0.0000,
"Envelope_00003345","BLDG_00057",16,,2,,0,,4,,2,,0,,4,,16,,44,0.3640,,0.0450,,0.0000,,0.0910,,0.0450,,0.0000,,0.0910,,0.3640,
"Envelope_00003321","BLDG_00058",0,,20,,0,,0,,40,,0,,0,,0,,60,0.0000,,0.3330,,0.0000,,0.0000,,0.6670,,0.0000,,0.0000,,0.0000,
"Envelope_00003473","BLDG_00061",2,,20,,0,,0,,36,,0,,0,,2,,60,0.0330,,0.3330,,0.0000,,0.0000,,0.6000,,0.0000,,0.0000,,0.0330,
"Envelope_00003322","BLDG_00062",18,,11,,0,,0,,12,,0,,0,,19,,60,0.3000,,0.1830,,0.0000,,0.0000,,0.2000,,0.0000,,0.0000,,0.3170,
"Envelope_00003336","BLDG_00063",0,,14,,0,,0,,18,,0,,0,,2,,34,0.0000,,0.4120,,0.0000,,0.0000,,0.5290,,0.0000,,0.0000,,0.0590,
"Envelope_00003326","BLDG_00064",1,,10,,0,,0,,19,,0,,0,,0,,30,0.0330,,0.3330,,0.0000,,0.0000,,0.6330,,0.0000,,0.0000,,0.0000,
"Envelope_00003348","BLDG_00066",12,,30,,0,,0,,32,,0,,0,,12,,86,0.1400,,0.3490,,0.0000,,0.0000,,0.3720,,0.0000,,0.0000,,0.1400,
"Envelope_00003343","BLDG_00067",0,,10,,0,,0,,10,,0,,0,,0,,20,0.0000,,0.5000,,0.0000,,0.0000,,0.5000,,0.0000,,0.0000,,0.0000,
"Envelope_00003324","BLDG_00068",0,,0,,15,,10,,0,,10,,24,,0,,59,0.0000,,0.0000,,0.2540,,0.1690,,0.0000,,0.1690,,0.4070,,0.0000,
"Envelope_00003333","BLDG_00069",4,,20,,4,,4,,10,,0,,0,,4,,46,0.0870,,0.4350,,0.0870,,0.0870,,0.2170,,0.0000,,0.0000,,0.0870,
"Envelope_00003325","BLDG_00070",10,,54,,0,,0,,46,,0,,0,,8,,118,0.0850,,0.4580,,0.0000,,0.0000,,0.3900,,0.0000,,0.0000,,0.0680,
"Envelope_00003335","BLDG_00071",8,,45,,0,,0,,50,,0,,0,,8,,111,0.0720,,0.4050,,0.0000,,0.0000,,0.4500,,0.0000,,0.0000,,0.0720,
"Envelope_00003346","BLDG_00071",26,,50,,0,,0,,44,,0,,0,,19,,139,0.1870,,0.3600,,0.0000,,0.0000,,0.3170,,0.0000,,0.0000,,0.1370,
"Envelope_00003323","BLDG_00072",0,,0,,12,,0,,0,,0,,6,,0,,18,0.0000,,0.0000,,0.6670,,0.0000,,0.0000,,0.0000,,0.3330,,0.0000,
"Envelope_00003367","BLDG_00073",8,,4,,0,,0,,4,,0,,0,,8,,24,0.3330,,0.1670,,0.0000,,0.0000,,0.1670,,0.0000,,0.0000,,0.3330,
"Envelope_00003337","BLDG_00074",32,,3,,0,,0,,2,,0,,0,,21,,58,0.5520,,0.0520,,0.0000,,0.0000,,0.0340,,0.0000,,0.0000,,0.3620,
"Envelope_00003277","BLDG_00075",0,,20,,0,,0,,28,,0,,0,,0,,48,0.0000,,0.4170,,0.0000,,0.0000,,0.5830,,0.0000,,0.0000,,0.0000,
"Envelope_00003368","BLDG_00076",0,,0,,78,,15,,0,,16,,72,,0,,181,0.0000,,0.0000,,0.4310,,0.0830,,0.0000,,0.0880,,0.3980,,0.0000,
"Envelope_00003317","BLDG_00077",35,,0,,0,,0,,0,,0,,0,,36,,71,0.4930,,0.0000,,0.0000,,0.0000,,0.0000,,0.0000,,0.0000,,0.5070,
"Envelope_00003304","BLDG_00078",5,,29,,0,,0,,29,,0,,0,,11,,74,0.0680,,0.3920,,0.0000,,0.0000,,0.3920,,0.0000,,0.0000,,0.1490,
"Envelope_00003307","BLDG_00079",36,,6,,0,,0,,6,,0,,0,,36,,84,0.4290,,0.0710,,0.0000,,0.0000,,0.0710,,0.0000,,0.0000,,0.4290,
"Envelope_00003308","BLDG_00080",28,,4,,0,,0,,4,,0,,0,,28,,64,0.4380,,0.0630,,0.0000,,0.0000,,0.0630,,0.0000,,0.0000,,0.4380,
"Envelope_00003305","BLDG_00081",10,,4,,0,,0,,4,,0,,0,,10,,28,0.3570,,0.1430,,0.0000,,0.0000,,0.1430,,0.0000,,0.0000,,0.3570,
"Envelope_00003306","BLDG_00082",12,,2,,0,,0,,2,,0,,0,,12,,28,0.4290,,0.0710,,0.0000,,0.0000,,0.0710,,0.0000,,0.0000,,0.4290,
"Envelope_00003359","BLDG_00083",4,,4,,0,,0,,4,,0,,0,,8,,20,0.2000,,0.2000,,0.0000,,0.0000,,0.2000,,0.0000,,0.0000,,0.4000,
"Envelope_00003357","BLDG_00084",2,,8,,0,,0,,8,,0,,0,,2,,20,0.1000,,0.4000,,0.0000,,0.0000,,0.4000,,0.0000,,0.0000,,0.1000,
"Envelope_00003358","BLDG_00085",8,,4,,0,,0,,2,,0,,0,,8,,22,0.3640,,0.1820,,0.0000,,0.0000,,0.0910,,0.0000,,0.0000,,0.3640,
"Envelope_00003474","BLDG_00086",24,,4,,0,,0,,3,,0,,0,,24,,55,0.4360,,0.0730,,0.0000,,0.0000,,0.0550,,0.0000,,0.0000,,0.4360,
"Envelope_00003356","BLDG_00087",0,,11,,0,,0,,5,,0,,0,,1,,17,0.0000,,0.6470,,0.0000,,0.0000,,0.2940,,0.0000,,0.0000,,0.0590,
"Envelope_00003369","BLDG_00088",16,,0,,0,,0,,6,,0,,0,,18,,40,0.4000,,0.0000,,0.0000,,0.0000,,0.1500,,0.0000,,0.0000,,0.4500,
"Envelope_00003370","BLDG_00089",24,,4,,0,,0,,6,,0,,0,,16,,50,0.4800,,0.0800,,0.0000,,0.0000,,0.1200,,0.0000,,0.0000,,0.3200,
"Envelope_00003354","BLDG_00090",0,,0,,2,,13,,0,,12,,2,,0,,29,0.0000,,0.0000,,0.0690,,0.4480,,0.0000,,0.4140,,0.0690,,0.0000,
"Envelope_00003352","BLDG_00091",0,,0,,0,,16,,0,,12,,6,,0,,34,0.0000,,0.0000,,0.0000,,0.4710,,0.0000,,0.3530,,0.1760,,0.0000,
"Envelope_00003353","BLDG_00092",1,,10,,0,,0,,12,,0,,0,,1,,24,0.0420,,0.4170,,0.0000,,0.0000,,0.5000,,0.0000,,0.0000,,0.0420,
"Envelope_00003253","BLDG_00093",2,,0,,0,,8,,2,,18,,0,,0,,30,0.0670,,0.0000,,0.0000,,0.2670,,0.0670,,0.6000,,0.0000,,0.0000,
"Envelope_00003254","BLDG_00094",0,,0,,48,,0,,0,,0,,48,,0,,96,0.0000,,0.0000,,0.5000,,0.0000,,0.0000,,0.0000,,0.5000,,0.0000,
"Envelope_00003255","BLDG_00095",6,,51,,0,,0,,51,,0,,0,,6,,114,0.0530,,0.4470,,0.0000,,0.0000,,0.4470,,0.0000,,0.0000,,0.0530,
"Envelope_00003256","BLDG_00096",4,,16,,2,,2,,8,,0,,0,,4,,36,0.1110,,0.4440,,0.0560,,0.0560,,0.2220,,0.0000,,0.0000,,0.1110,
"Envelope_00003257","BLDG_00097",8,,2,,0,,0,,2,,0,,0,,8,,20,0.4000,,0.1000,,0.0000,,0.0000,,0.1000,,0.0000,,0.0000,,0.4000,
"Envelope_00003258","BLDG_00098",6,,0,,0,,0,,0,,0,,0,,10,,16,0.3750,,0.0000,,0.0000,,0.0000,,0.0000,,0.0000,,0.0000,,0.6250,
"Envelope_00003259","BLDG_00099",6,,24,,0,,0,,24,,0,,0,,6,,60,0.1000,,0.4000,,0.0000,,0.0000,,0.4000,,0.0000,,0.0000,,0.1000,
"Envelope_00003260","BLDG_00100",0,,0,,6,,4,,0,,4,,6,,0,,20,0.0000,,0.0000,,0.3000,,0.2000,,0.0000,,0.2000,,0.3000,,0.0000,
"Envelope_00003261","BLDG_00101",5,,8,,0,,0,,4,,0,,0,,5,,22,0.2270,,0.3640,,0.0000,,0.0000,,0.1820,,0.0000,,0.0000,,0.2270,
"Envelope_00003262","BLDG_00102",3,,8,,0,,0,,16,,0,,0,,3,,30,0.1000,,0.2670,,0.0000,,0.0000,,0.5330,,0.0000,,0.0000,,0.1000,
"Envelope_00003263","BLDG_00103",12,,0,,0,,0,,0,,0,,0,,12,,24,0.5000,,0.0000,,0.0000,,0.0000,,0.0000,,0.0000,,0.0000,,0.5000,
"Envelope_00003264","BLDG_00105",0,,0,,12,,4,,0,,4,,12,,0,,32,0.0000,,0.0000,,0.3750,,0.1250,,0.0000,,0.1250,,0.3750,,0.0000,
"Envelope_00003265","BLDG_00106",0,,12,,0,,0,,12,,0,,0,,0,,24,0.0000,,0.5000,,0.0000,,0.0000,,0.5000,,0.0000,,0.0000,,0.0000,
"Envelope_00003266","BLDG_00107",6,,2,,0,,0,,2,,0,,0,,6,,16,0.3750,,0.1250,,0.0000,,0.0000,,0.1250,,0.0000,,0.0000,,0.3750,
"Envelope_00003267","BLDG_00108",49,,0,,0,,0,,0,,0,,0,,41,,90,0.5440,,0.0000,,0.0000,,0.0000,,0.0000,,0.0000,,0.0000,,0.4560,
"Envelope_00003371","BLDG_00109",0,,0,,4,,16,,0,,16,,4,,0,,40,0.0000,,0.0000,,0.1000,,0.4000,,0.0000,,0.4000,,0.1000,,0.0000,
"Envelope_00003319","BLDG_00110",1,,15,,0,,0,,23,,0,,0,,2,,41,0.0240,,0.3660,,0.0000,,0.0000,,0.5610,,0.0000,,0.0000,,0.0490,
"Envelope_00003297","BLDG_00112",0,,16,,0,,0,,16,,0,,0,,0,,32,0.0000,,0.5000,,0.0000,,0.0000,,0.5000,,0.0000,,0.0000,,0.0000,
"Envelope_00003294","BLDG_00113",16,,16,,0,,0,,12,,0,,0,,15,,59,0.2710,,0.2710,,0.0000,,0.0000,,0.2030,,0.0000,,0.0000,,0.2540,
"Envelope_00003292","BLDG_00114",0,,6,,0,,0,,6,,0,,0,,0,,12,0.0000,,0.5000,,0.0000,,0.0000,,0.5000,,0.0000,,0.0000,,0.0000,
"Envelope_00003284","BLDG_00115",0,,0,,14,,1,,0,,1,,6,,0,,22,0.0000,,0.0000,,0.6360,,0.0450,,0.0000,,0.0450,,0.2730,,0.0000,
"Envelope_00003295","BLDG_00117",24,,1,,0,,0,,0,,0,,0,,45,,70,0.3430,,0.0140,,0.0000,,0.0000,,0.0000,,0.0000,,0.0000,,0.6430,
"Envelope_00003303","BLDG_00118",4,,0,,0,,0,,0,,0,,0,,8,,12,0.3330,,0.0000,,0.0000,,0.0000,,0.0000,,0.0000,,0.0000,,0.6670,
"Envelope_00003291","BLDG_00119",6,,0,,0,,0,,0,,0,,0,,10,,16,0.3750,,0.0000,,0.0000,,0.0000,,0.0000,,0.0000,,0.0000,,0.6250,
"Envelope_00003293","BLDG_00120",0,,8,,0,,0,,16,,0,,0,,0,,24,0.0000,,0.3330,,0.0000,,0.0000,,0.6670,,0.0000,,0.0000,,0.0000,
"Envelope_00003299","BLDG_00121",3,,36,,0,,0,,48,,0,,0,,3,,90,0.0330,,0.4000,,0.0000,,0.0000,,0.5330,,0.0000,,0.0000,,0.0330,
"Envelope_00003288","BLDG_00122",9,,0,,0,,0,,12,,0,,0,,9,,30,0.3000,,0.0000,,0.0000,,0.0000,,0.4000,,0.0000,,0.0000,,0.3000,
"Envelope_00003286","BLDG_00123",0,,6,,0,,0,,18,,0,,0,,0,,24,0.0000,,0.2500,,0.0000,,0.0000,,0.7500,,0.0000,,0.0000,,0.0000,
"Envelope_00003285","BLDG_00124",36,,3,,0,,0,,3,,0,,0,,30,,72,0.5000,,0.0420,,0.0000,,0.0000,,0.0420,,0.0000,,0.0000,,0.4170,
"Envelope_00003290","BLDG_00126",18,,24,,0,,0,,24,,0,,0,,18,,84,0.2140,,0.2860,,0.0000,,0.0000,,0.2860,,0.0000,,0.0000,,0.2140,
"Envelope_00003287","BLDG_00127",24,,0,,0,,0,,0,,0,,0,,24,,48,0.5000,,0.0000,,0.0000,,0.0000,,0.0000,,0.0000,,0.0000,,0.5000,
"Envelope_00003283","BLDG_00128",0,,0,,10,,24,,0,,24,,10,,0,,68,0.0000,,0.0000,,0.1470,,0.3530,,0.0000,,0.3530,,0.1470,,0.0000,
"Envelope_00003314","BLDG_00129",29,,41,,0,,0,,36,,0,,0,,27,,133,0.2180,,0.3080,,0.0000,,0.0000,,0.2710,,0.0000,,0.0000,,0.2030,
"Envelope_00003311","BLDG_00130",6,,48,,0,,0,,48,,0,,0,,6,,108,0.0560,,0.4440,,0.0000,,0.0000,,0.4440,,0.0000,,0.0000,,0.0560,
"Envelope_00003316","BLDG_00131",6,,51,,0,,0,,51,,0,,0,,6,,114,0.0530,,0.4470,,0.0000,,0.0000,,0.4470,,0.0000,,0.0000,,0.0530,
"Envelope_00003315","BLDG_00132",3,,30,,0,,3,,20,,0,,0,,0,,56,0.0540,,0.5360,,0.0000,,0.0540,,0.3570,,0.0000,,0.0000,,0.0000,
"Envelope_00003289","BLDG_00133",2,,16,,0,,0,,18,,0,,0,,0,,36,0.0560,,0.4440,,0.0000,,0.0000,,0.5000,,0.0000,,0.0000,,0.0000,
"Envelope_00003301","BLDG_00134",4,,1,,0,,0,,1,,0,,0,,2,,8,0.5000,,0.1250,,0.0000,,0.0000,,0.1250,,0.0000,,0.0000,,0.2500,
"Envelope_00003309","BLDG_00135",18,,36,,0,,0,,36,,0,,0,,18,,108,0.1670,,0.3330,,0.0000,,0.0000,,0.3330,,0.0000,,0.0000,,0.1670,
"Envelope_00003296","BLDG_00136",40,,2,,0,,0,,2,,0,,0,,24,,68,0.5880,,0.0290,,0.0000,,0.0000,,0.0290,,0.0000,,0.0000,,0.3530,
"Envelope_00003313","BLDG_00137",0,,0,,8,,3,,0,,3,,6,,0,,20,0.0000,,0.0000,,0.4000,,0.1500,,0.0000,,0.1500,,0.3000,,0.0000,
"Envelope_00003300","BLDG_00138",0,,27,,0,,0,,0,,0,,0,,33,,60,0.0000,,0.4500,,0.0000,,0.0000,,0.0000,,0.0000,,0.0000,,0.5500,
"Envelope_00003312","BLDG_00139",0,,24,,0,,0,,24,,0,,0,,0,,48,0.0000,,0.5000,,0.0000,,0.0000,,0.5000,,0.0000,,0.0000,,0.0000,
"Envelope_00003310","BLDG_00140",0,,0,,16,,0,,0,,0,,0,,8,,24,0.0000,,0.0000,,0.6670,,0.0000,,0.0000,,0.0000,,0.0000,,0.3330,
"Envelope_00003372","BLDG_00142",5,,36,,0,,0,,36,,0,,0,,4,,81,0.0620,,0.4440,,0.0000,,0.0000,,0.4440,,0.0000,,0.0000,,0.0490,
"Envelope_00003475","BLDG_00143",29,,5,,0,,0,,5,,0,,0,,38,,77,0.3770,,0.0650,,0.0000,,0.0000,,0.0650,,0.0000,,0.0000,,0.4940,
"Envelope_00003373","BLDG_00145",41,,5,,0,,0,,5,,0,,0,,38,,89,0.4610,,0.0560,,0.0000,,0.0000,,0.0560,,0.0000,,0.0000,,0.4270,
"Envelope_00003374","BLDG_00146",4,,18,,0,,0,,18,,0,,0,,8,,48,0.0830,,0.3750,,0.0000,,0.0000,,0.3750,,0.0000,,0.0000,,0.1670,
"Envelope_00003375","BLDG_00147",2,,24,,0,,0,,18,,0,,0,,2,,46,0.0430,,0.5220,,0.0000,,0.0000,,0.3910,,0.0000,,0.0000,,0.0430,
"Envelope_00003476","BLDG_00148",6,,22,,0,,0,,24,,0,,0,,6,,58,0.1030,,0.3790,,0.0000,,0.0000,,0.4140,,0.0000,,0.0000,,0.1030,
"Envelope_00003477","BLDG_00150",0,,32,,0,,0,,32,,0,,0,,0,,64,0.0000,,0.5000,,0.0000,,0.0000,,0.5000,,0.0000,,0.0000,,0.0000,
"Envelope_00003478","BLDG_00151",20,,2,,0,,0,,2,,0,,0,,20,,44,0.4550,,0.0450,,0.0000,,0.0000,,0.0450,,0.0000,,0.0000,,0.4550,
"Envelope_00003376","BLDG_00152",12,,0,,0,,0,,0,,0,,0,,12,,24,0.5000,,0.0000,,0.0000,,0.0000,,0.0000,,0.0000,,0.0000,,0.5000,
"Envelope_00003479","BLDG_00153",19,,24,,0,,0,,36,,0,,0,,19,,98,0.1940,,0.2450,,0.0000,,0.0000,,0.3670,,0.0000,,0.0000,,0.1940,
"Envelope_00003480","BLDG_00155",1,,18,,0,,0,,16,,0,,0,,1,,36,0.0280,,0.5000,,0.0000,,0.0000,,0.4440,,0.0000,,0.0000,,0.0280,
"Envelope_00003481","BLDG_00156",30,,66,,0,,0,,63,,0,,0,,30,,189,0.1590,,0.3490,,0.0000,,0.0000,,0.3330,,0.0000,,0.0000,,0.1590,
"Envelope_00003377","BLDG_00157",5,,20,,0,,0,,24,,0,,0,,4,,53,0.0940,,0.3770,,0.0000,,0.0000,,0.4530,,0.0000,,0.0000,,0.0750,
"Envelope_00003282","BLDG_00159",0,,0,,9,,47,,0,,49,,9,,0,,114,0.0000,,0.0000,,0.0790,,0.4120,,0.0000,,0.4300,,0.0790,,0.0000,
"Envelope_00003351","BLDG_00160",0,,0,,16,,8,,0,,3,,18,,0,,45,0.0000,,0.0000,,0.3560,,0.1780,,0.0000,,0.0670,,0.4000,,0.0000,
"Envelope_00003360","BLDG_00161",0,,14,,0,,0,,12,,0,,0,,0,,26,0.0000,,0.5380,,0.0000,,0.0000,,0.4620,,0.0000,,0.0000,,0.0000,
"Envelope_00003278","BLDG_00162",0,,0,,12,,44,,0,,39,,15,,0,,110,0.0000,,0.0000,,0.1090,,0.4000,,0.0000,,0.3550,,0.1360,,0.0000,
"Envelope_00003279","BLDG_00163",14,,12,,0,,0,,7,,0,,0,,14,,47,0.2980,,0.2550,,0.0000,,0.0000,,0.1490,,0.0000,,0.0000,,0.2980,
"Envelope_00003280","BLDG_00164",4,,8,,0,,0,,9,,0,,0,,6,,27,0.1480,,0.2960,,0.0000,,0.0000,,0.3330,,0.0000,,0.0000,,0.2220,
"Envelope_00003281","BLDG_00165",8,,0,,0,,0,,10,,0,,0,,0,,18,0.4440,,0.0000,,0.0000,,0.0000,,0.5560,,0.0000,,0.0000,,0.0000,
"Envelope_00011861","BLDG_00166",0,,0,,0,,30,,0,,0,,30,,0,,60,0.0000,,0.0000,,0.0000,,0.5000,,0.0000,,0.0000,,0.5000,,0.0000,
"Envelope_00011869","BLDG_00167",1,,6,,0,,0,,6,,0,,0,,1,,14,0.0710,,0.4290,,0.0000,,0.0000,,0.4290,,0.0000,,0.0000,,0.0710,
"Envelope_00011867","BLDG_00168",10,,0,,0,,0,,0,,0,,0,,20,,30,0.3330,,0.0000,,0.0000,,0.0000,,0.0000,,0.0000,,0.0000,,0.6670,
"Envelope_00011872","BLDG_00169",0,,0,,14,,4,,0,,6,,12,,0,,36,0.0000,,0.0000,,0.3890,,0.1110,,0.0000,,0.1670,,0.3330,,0.0000,
"Envelope_00011866","BLDG_00170",2,,20,,0,,0,,20,,0,,0,,2,,44,0.0450,,0.4550,,0.0000,,0.0000,,0.4550,,0.0000,,0.0000,,0.0450,
"Envelope_00011876","BLDG_00171",5,,4,,0,,0,,12,,0,,0,,5,,26,0.1920,,0.1540,,0.0000,,0.0000,,0.4620,,0.0000,,0.0000,,0.1920,
"Envelope_00011863","BLDG_00172",0,,0,,6,,0,,0,,0,,6,,0,,12,0.0000,,0.0000,,0.5000,,0.0000,,0.0000,,0.0000,,0.5000,,0.0000,
"Envelope_00011871","BLDG_00173",8,,14,,0,,0,,14,,0,,0,,8,,44,0.1820,,0.3180,,0.0000,,0.0000,,0.3180,,0.0000,,0.0000,,0.1820,
"Envelope_00011875","BLDG_00174",44,,19,,0,,0,,25,,0,,0,,44,,132,0.3330,,0.1440,,0.0000,,0.0000,,0.1890,,0.0000,,0.0000,,0.3330,
"Envelope_00011865","BLDG_00176",9,,6,,0,,0,,2,,0,,0,,7,,24,0.3750,,0.2500,,0.0000,,0.0000,,0.0830,,0.0000,,0.0000,,0.2920,
"Envelope_00011860","BLDG_00178",0,,0,,12,,3,,0,,9,,3,,0,,27,0.0000,,0.0000,,0.4440,,0.1110,,0.0000,,0.3330,,0.1110,,0.0000,
"Envelope_00011870","BLDG_00180",18,,6,,0,,0,,6,,0,,0,,33,,63,0.2860,,0.0950,,0.0000,,0.0000,,0.0950,,0.0000,,0.0000,,0.5240,
"Envelope_00011862","BLDG_00181",15,,12,,0,,0,,10,,0,,0,,9,,46,0.3260,,0.2610,,0.0000,,0.0000,,0.2170,,0.0000,,0.0000,,0.1960,
"Envelope_00011864","BLDG_00182",0,,16,,0,,0,,32,,0,,0,,0,,48,0.0000,,0.3330,,0.0000,,0.0000,,0.6670,,0.0000,,0.0000,,0.0000,
"Envelope_00011859","BLDG_00183",18,,24,,0,,0,,16,,0,,0,,18,,76,0.2370,,0.3160,,0.0000,,0.0000,,0.2110,,0.0000,,0.0000,,0.2370,
"Envelope_00011868","BLDG_00184",0,,12,,0,,0,,8,,0,,0,,0,,20,0.0000,,0.6000,,0.0000,,0.0000,,0.4000,,0.0000,,0.0000,,0.0000,
"Envelope_00011873","BLDG_00185",0,,0,,8,,2,,0,,2,,8,,0,,20,0.0000,,0.0000,,0.4000,,0.1000,,0.0000,,0.1000,,0.4000,,0.0000,
"Envelope_00011808","BLDG_00187",0,,0,,2,,20,,0,,16,,2,,0,,40,0.0000,,0.0000,,0.0500,,0.5000,,0.0000,,0.4000,,0.0500,,0.0000,
"Envelope_00011849","BLDG_00190",62,,3,,0,,0,,3,,0,,0,,60,,128,0.4840,,0.0230,,0.0000,,0.0000,,0.0230,,0.0000,,0.0000,,0.4690,
"Envelope_00011793","BLDG_00191",60,,50,,0,,0,,28,,0,,0,,60,,198,0.3030,,0.2530,,0.0000,,0.0000,,0.1410,,0.0000,,0.0000,,0.3030,
"Envelope_00011805","BLDG_00192",0,,0,,8,,11,,0,,11,,22,,0,,52,0.0000,,0.0000,,0.1540,,0.2120,,0.0000,,0.2120,,0.4230,,0.0000,
"Envelope_00011795","BLDG_00193",18,,3,,0,,0,,3,,0,,0,,26,,50,0.3600,,0.0600,,0.0000,,0.0000,,0.0600,,0.0000,,0.0000,,0.5200,
"Envelope_00011806","BLDG_00195",32,,4,,0,,0,,4,,0,,0,,32,,72,0.4440,,0.0560,,0.0000,,0.0000,,0.0560,,0.0000,,0.0000,,0.4440,
"Envelope_00011838","BLDG_00197",0,,8,,0,,0,,0,,0,,0,,18,,26,0.0000,,0.3080,,0.0000,,0.0000,,0.0000,,0.0000,,0.0000,,0.6920,
"Envelope_00011834","BLDG_00198",8,,10,,0,,0,,10,,0,,0,,8,,36,0.2220,,0.2780,,0.0000,,0.0000,,0.2780,,0.0000,,0.0000,,0.2220,
"Envelope_00011797","BLDG_00199",72,,9,,0,,0,,6,,0,,0,,45,,132,0.5450,,0.0680,,0.0000,,0.0000,,0.0450,,0.0000,,0.0000,,0.3410,
"Envelope_00011796","BLDG_00202",18,,69,,0,,0,,51,,0,,0,,33,,171,0.1050,,0.4040,,0.0000,,0.0000,,0.2980,,0.0000,,0.0000,,0.1930,
"Envelope_00011832","BLDG_00204",0,,9,,0,,0,,9,,0,,0,,0,,18,0.0000,,0.5000,,0.0000,,0.0000,,0.5000,,0.0000,,0.0000,,0.0000,
"Envelope_00011786","BLDG_00205",12,,3,,0,,0,,3,,0,,0,,48,,66,0.1820,,0.0450,,0.0000,,0.0000,,0.0450,,0.0000,,0.0000,,0.7270,
"Envelope_00011836","BLDG_00206",100,,4,,0,,0,,6,,0,,0,,88,,198,0.5050,,0.0200,,0.0000,,0.0000,,0.0300,,0.0000,,0.0000,,0.4440,
"Envelope_00011794","BLDG_00207",0,,0,,48,,2,,0,,2,,12,,0,,64,0.0000,,0.0000,,0.7500,,0.0310,,0.0000,,0.0310,,0.1880,,0.0000,
"Envelope_00011837","BLDG_00208",16,,4,,0,,0,,4,,0,,0,,16,,40,0.4000,,0.1000,,0.0000,,0.0000,,0.1000,,0.0000,,0.0000,,0.4000,
"Envelope_00011839","BLDG_00209",3,,12,,0,,0,,3,,0,,0,,0,,18,0.1670,,0.6670,,0.0000,,0.0000,,0.1670,,0.0000,,0.0000,,0.0000,
"Envelope_00011877","BLDG_00210",8,,0,,0,,0,,0,,0,,0,,12,,20,0.4000,,0.0000,,0.0000,,0.0000,,0.0000,,0.0000,,0.0000,,0.6000,
"Envelope_00011884","BLDG_00211",15,,6,,0,,0,,3,,0,,0,,27,,51,0.2940,,0.1180,,0.0000,,0.0000,,0.0590,,0.0000,,0.0000,,0.5290,
"Envelope_00011879","BLDG_00212",0,,18,,0,,0,,16,,0,,0,,0,,34,0.0000,,0.5290,,0.0000,,0.0000,,0.4710,,0.0000,,0.0000,,0.0000,
"Envelope_00011911","BLDG_00213",0,,16,,0,,0,,18,,0,,0,,0,,34,0.0000,,0.4710,,0.0000,,0.0000,,0.5290,,0.0000,,0.0000,,0.0000,
"Envelope_00011881","BLDG_00215",18,,0,,0,,0,,0,,0,,0,,30,,48,0.3750,,0.0000,,0.0000,,0.0000,,0.0000,,0.0000,,0.0000,,0.6250,
"Envelope_00011883","BLDG_00216",4,,7,,0,,0,,4,,0,,0,,14,,29,0.1380,,0.2410,,0.0000,,0.0000,,0.1380,,0.0000,,0.0000,,0.4830,
"Envelope_00011882","BLDG_00217",2,,8,,0,,0,,16,,0,,0,,2,,28,0.0710,,0.2860,,0.0000,,0.0000,,0.5710,,0.0000,,0.0000,,0.0710,
"Envelope_00011912","BLDG_00218",17,,0,,0,,0,,0,,0,,0,,16,,33,0.5150,,0.0000,,0.0000,,0.0000,,0.0000,,0.0000,,0.0000,,0.4850,
"Envelope_00011913","BLDG_00219",0,,0,,20,,0,,0,,0,,20,,0,,40,0.0000,,0.0000,,0.5000,,0.0000,,0.0000,,0.0000,,0.5000,,0.0000,
"Envelope_00011914","BLDG_00219",0,,0,,4,,1,,0,,1,,4,,0,,10,0.0000,,0.0000,,0.4000,,0.1000,,0.0000,,0.1000,,0.4000,,0.0000,
"Envelope_00011880","BLDG_00220",40,,11,,0,,0,,12,,0,,0,,32,,95,0.4210,,0.1160,,0.0000,,0.0000,,0.1260,,0.0000,,0.0000,,0.3370,
"Envelope_00011915","BLDG_00221",3,,28,,0,,0,,24,,0,,0,,2,,57,0.0530,,0.4910,,0.0000,,0.0000,,0.4210,,0.0000,,0.0000,,0.0350,
"Envelope_00011916","BLDG_00222",2,,12,,0,,0,,12,,0,,0,,1,,27,0.0740,,0.4440,,0.0000,,0.0000,,0.4440,,0.0000,,0.0000,,0.0370,
"Envelope_00011917","BLDG_00224",9,,13,,0,,0,,33,,0,,0,,2,,57,0.1580,,0.2280,,0.0000,,0.0000,,0.5790,,0.0000,,0.0000,,0.0350,
"Envelope_00011918","BLDG_00226",0,,0,,8,,0,,0,,0,,9,,0,,17,0.0000,,0.0000,,0.4710,,0.0000,,0.0000,,0.0000,,0.5290,,0.0000,
"Envelope_00011919","BLDG_00228",0,,0,,14,,8,,0,,8,,14,,0,,44,0.0000,,0.0000,,0.3180,,0.1820,,0.0000,,0.1820,,0.3180,,0.0000,
"Envelope_00011920","BLDG_00229",0,,12,,0,,0,,10,,0,,0,,0,,22,0.0000,,0.5450,,0.0000,,0.0000,,0.4550,,0.0000,,0.0000,,0.0000,
"Envelope_00011921","BLDG_00230",13,,16,,0,,0,,10,,0,,0,,15,,54,0.2410,,0.2960,,0.0000,,0.0000,,0.1850,,0.0000,,0.0000,,0.2780,
"Envelope_00011922","BLDG_00231",40,,11,,0,,0,,12,,0,,0,,32,,95,0.4210,,0.1160,,0.0000,,0.0000,,0.1260,,0.0000,,0.0000,,0.3370,
"Envelope_00011775","BLDG_00232",17,,24,,0,,0,,29,,0,,0,,17,,87,0.1950,,0.2760,,0.0000,,0.0000,,0.3330,,0.0000,,0.0000,,0.1950,
"Envelope_00011772","BLDG_00233",3,,5,,0,,0,,9,,0,,0,,3,,20,0.1500,,0.2500,,0.0000,,0.0000,,0.4500,,0.0000,,0.0000,,0.1500,
"Envelope_00011773","BLDG_00235",3,,9,,0,,0,,5,,0,,0,,3,,20,0.1500,,0.4500,,0.0000,,0.0000,,0.2500,,0.0000,,0.0000,,0.1500,
"Envelope_00011777","BLDG_00236",0,,0,,5,,0,,0,,1,,6,,0,,12,0.0000,,0.0000,,0.4170,,0.0000,,0.0000,,0.0830,,0.5000,,0.0000,
"Envelope_00011776","BLDG_00237",15,,2,,0,,0,,2,,0,,0,,15,,34,0.4410,,0.0590,,0.0000,,0.0000,,0.0590,,0.0000,,0.0000,,0.4410,
"Envelope_00011764","BLDG_00237",0,,2,,0,,0,,2,,0,,0,,0,,4,0.0000,,0.5000,,0.0000,,0.0000,,0.5000,,0.0000,,0.0000,,0.0000,
"Envelope_00011765","BLDG_00240",12,,7,,0,,0,,10,,0,,0,,3,,32,0.3750,,0.2190,,0.0000,,0.0000,,0.3130,,0.0000,,0.0000,,0.0940,
"Envelope_00011766","BLDG_00241",54,,0,,0,,0,,0,,0,,0,,18,,72,0.7500,,0.0000,,0.0000,,0.0000,,0.0000,,0.0000,,0.0000,,0.2500,
"Envelope_00011767","BLDG_00242",0,,0,,10,,8,,0,,8,,8,,0,,34,0.0000,,0.0000,,0.2940,,0.2350,,0.0000,,0.2350,,0.2350,,0.0000,
"Envelope_00011774","BLDG_00243",11,,54,,0,,0,,39,,0,,0,,11,,115,0.0960,,0.4700,,0.0000,,0.0000,,0.3390,,0.0000,,0.0000,,0.0960,
"Envelope_00011878","BLDG_00245",5,,9,,0,,0,,10,,0,,0,,4,,28,0.1790,,0.3210,,0.0000,,0.0000,,0.3570,,0.0000,,0.0000,,0.1430,
"Envelope_00011768","BLDG_00246",24,,0,,0,,0,,0,,0,,0,,12,,36,0.6670,,0.0000,,0.0000,,0.0000,,0.0000,,0.0000,,0.0000,,0.3330,
"Envelope_00011851","BLDG_00247",57,,30,,0,,0,,36,,0,,0,,36,,159,0.3580,,0.1890,,0.0000,,0.0000,,0.2260,,0.0000,,0.0000,,0.2260,
"Envelope_00011784","BLDG_00248",2,,20,,0,,0,,16,,0,,0,,3,,41,0.0490,,0.4880,,0.0000,,0.0000,,0.3900,,0.0000,,0.0000,,0.0730,
"Envelope_00011814","BLDG_00249",2,,41,,0,,0,,12,,0,,0,,5,,60,0.0330,,0.6830,,0.0000,,0.0000,,0.2000,,0.0000,,0.0000,,0.0830,
"Envelope_00011827","BLDG_00250",23,,3,,0,,28,,4,,0,,4,,0,,62,0.3710,,0.0480,,0.0000,,0.4520,,0.0650,,0.0000,,0.0650,,0.0000,
"Envelope_00011818","BLDG_00251",4,,18,,0,,0,,18,,0,,0,,4,,44,0.0910,,0.4090,,0.0000,,0.0000,,0.4090,,0.0000,,0.0000,,0.0910,
"Envelope_00011816","BLDG_00255",0,,24,,0,,0,,24,,0,,0,,0,,48,0.0000,,0.5000,,0.0000,,0.0000,,0.5000,,0.0000,,0.0000,,0.0000,
"Envelope_00011830","BLDG_00256",0,,0,,12,,36,,0,,36,,6,,0,,90,0.0000,,0.0000,,0.1330,,0.4000,,0.0000,,0.4000,,0.0670,,0.0000,
"Envelope_00011813","BLDG_00257",6,,39,,10,,10,,54,,0,,0,,6,,125,0.0480,,0.3120,,0.0800,,0.0800,,0.4320,,0.0000,,0.0000,,0.0480,
"Envelope_00011847","BLDG_00258",110,,120,,0,,0,,120,,0,,0,,110,,460,0.2390,,0.2610,,0.0000,,0.0000,,0.2610,,0.0000,,0.0000,,0.2390,
"Envelope_00011821","BLDG_00259",0,,0,,6,,50,,0,,52,,6,,0,,114,0.0000,,0.0000,,0.0530,,0.4390,,0.0000,,0.4560,,0.0530,,0.0000,
"Envelope_00011799","BLDG_00260",0,,16,,0,,0,,16,,0,,0,,0,,32,0.0000,,0.5000,,0.0000,,0.0000,,0.5000,,0.0000,,0.0000,,0.0000,
"Envelope_00011819","BLDG_00261",36,,3,,0,,0,,3,,0,,0,,24,,66,0.5450,,0.0450,,0.0000,,0.0000,,0.0450,,0.0000,,0.0000,,0.3640,
"Envelope_00011778","BLDG_00262",0,,0,,24,,0,,0,,0,,12,,0,,36,0.0000,,0.0000,,0.6670,,0.0000,,0.0000,,0.0000,,0.3330,,0.0000,
"Envelope_00011779","BLDG_00263",6,,0,,0,,0,,0,,0,,0,,6,,12,0.5000,,0.0000,,0.0000,,0.0000,,0.0000,,0.0000,,0.0000,,0.5000,
"Envelope_00003355","BLDG_00264",21,,24,,0,,0,,24,,0,,0,,18,,87,0.2410,,0.2760,,0.0000,,0.0000,,0.2760,,0.0000,,0.0000,,0.2070,
"Envelope_00011815","BLDG_00265",4,,3,,0,,0,,9,,0,,0,,26,,42,0.0950,,0.0710,,0.0000,,0.0000,,0.2140,,0.0000,,0.0000,,0.6190,
"Envelope_00011842","BLDG_00267",40,,18,,0,,0,,10,,0,,0,,38,,106,0.3770,,0.1700,,0.0000,,0.0000,,0.0940,,0.0000,,0.0000,,0.3580,
"Envelope_00011798","BLDG_00268",15,,0,,0,,0,,0,,0,,0,,22,,37,0.4050,,0.0000,,0.0000,,0.0000,,0.0000,,0.0000,,0.0000,,0.5950,
"Envelope_00011824","BLDG_00269",3,,0,,2,,0,,33,,0,,0,,107,,145,0.0210,,0.0000,,0.0140,,0.0000,,0.2280,,0.0000,,0.0000,,0.7380,
"Envelope_00011840","BLDG_00270",0,,0,,8,,16,,0,,16,,8,,0,,48,0.0000,,0.0000,,0.1670,,0.3330,,0.0000,,0.3330,,0.1670,,0.0000,
"Envelope_00011781","BLDG_00271",30,,6,,0,,0,,6,,0,,0,,32,,74,0.4050,,0.0810,,0.0000,,0.0000,,0.0810,,0.0000,,0.0000,,0.4320,
"Envelope_00011780","BLDG_00272",0,,24,,0,,0,,24,,0,,0,,0,,48,0.0000,,0.5000,,0.0000,,0.0000,,0.5000,,0.0000,,0.0000,,0.0000,
"Envelope_00011807","BLDG_00273",0,,0,,10,,10,,0,,11,,15,,0,,46,0.0000,,0.0000,,0.2170,,0.2170,,0.0000,,0.2390,,0.3260,,0.0000,
"Envelope_00011843","BLDG_00274",0,,0,,6,,14,,0,,14,,18,,0,,52,0.0000,,0.0000,,0.1150,,0.2690,,0.0000,,0.2690,,0.3460,,0.0000,
"Envelope_00011828","BLDG_00275",0,,0,,0,,30,,0,,18,,0,,0,,48,0.0000,,0.0000,,0.0000,,0.6250,,0.0000,,0.3750,,0.0000,,0.0000,
"Envelope_00011810","BLDG_00276",9,,24,,0,,0,,24,,0,,0,,9,,66,0.1360,,0.3640,,0.0000,,0.0000,,0.3640,,0.0000,,0.0000,,0.1360,
"Envelope_00011809","BLDG_00277",0,,0,,11,,36,,0,,20,,11,,0,,78,0.0000,,0.0000,,0.1410,,0.4620,,0.0000,,0.2560,,0.1410,,0.0000,
"Envelope_00011803","BLDG_00281",24,,30,,0,,0,,30,,0,,2,,180,,266,0.0900,,0.1130,,0.0000,,0.0000,,0.1130,,0.0000,,0.0080,,0.6770,
"Envelope_00011852","BLDG_00283",64,,17,,0,,0,,14,,0,,0,,40,,135,0.4740,,0.1260,,0.0000,,0.0000,,0.1040,,0.0000,,0.0000,,0.2960,
"Envelope_00011801","BLDG_00284",18,,10,,0,,0,,10,,0,,0,,40,,78,0.2310,,0.1280,,0.0000,,0.0000,,0.1280,,0.0000,,0.0000,,0.5130,
"Envelope_00011844","BLDG_00285",0,,0,,4,,20,,0,,20,,4,,0,,48,0.0000,,0.0000,,0.0830,,0.4170,,0.0000,,0.4170,,0.0830,,0.0000,
"Envelope_00011804","BLDG_00286",24,,0,,0,,0,,0,,0,,0,,18,,42,0.5710,,0.0000,,0.0000,,0.0000,,0.0000,,0.0000,,0.0000,,0.4290,
"Envelope_00011800","BLDG_00287",3,,32,,0,,0,,30,,0,,0,,3,,68,0.0440,,0.4710,,0.0000,,0.0000,,0.4410,,0.0000,,0.0000,,0.0440,
"Envelope_00011848","BLDG_00288",0,,0,,55,,7,,0,,7,,55,,0,,124,0.0000,,0.0000,,0.4440,,0.0560,,0.0000,,0.0560,,0.4440,,0.0000,
"Envelope_00011790","BLDG_00291",0,,168,,0,,0,,185,,0,,0,,0,,353,0.0000,,0.4760,,0.0000,,0.0000,,0.5240,,0.0000,,0.0000,,0.0000,
"Envelope_00011792","BLDG_00292",0,,0,,19,,102,,0,,525,,18,,0,,664,0.0000,,0.0000,,0.0290,,0.1540,,0.0000,,0.7910,,0.0270,,0.0000,
"Envelope_00011811","BLDG_00295",18,,32,,0,,0,,28,,0,,0,,18,,96,0.1880,,0.3330,,0.0000,,0.0000,,0.2920,,0.0000,,0.0000,,0.1880,
"Envelope_00011802","BLDG_00296",11,,11,,0,,0,,15,,0,,0,,11,,48,0.2290,,0.2290,,0.0000,,0.0000,,0.3130,,0.0000,,0.0000,,0.2290,
"Envelope_00011791","BLDG_00298",344,,342,,0,,0,,348,,0,,0,,340,,1374,0.2500,,0.2490,,0.0000,,0.0000,,0.2530,,0.0000,,0.0000,,0.2470,
"Envelope_00011817","BLDG_00299",15,,17,,0,,0,,17,,0,,0,,15,,64,0.2340,,0.2660,,0.0000,,0.0000,,0.2660,,0.0000,,0.0000,,0.2340,
"Envelope_00011846","BLDG_00306",29,,6,,0,,0,,0,,0,,0,,34,,69,0.4200,,0.0870,,0.0000,,0.0000,,0.0000,,0.0000,,0.0000,,0.4930,
"Envelope_00011835","BLDG_00307",0,,16,,0,,0,,16,,0,,0,,0,,32,0.0000,,0.5000,,0.0000,,0.0000,,0.5000,,0.0000,,0.0000,,0.0000,
"Envelope_00011826","BLDG_00308",12,,3,,0,,0,,3,,0,,0,,24,,42,0.2860,,0.0710,,0.0000,,0.0000,,0.0710,,0.0000,,0.0000,,0.5710,
"Envelope_00011785","BLDG_00310",18,,5,,0,,0,,7,,0,,0,,24,,54,0.3330,,0.0930,,0.0000,,0.0000,,0.1300,,0.0000,,0.0000,,0.4440,
"Envelope_00011850","BLDG_00311",42,,6,,0,,0,,6,,0,,0,,42,,96,0.4380,,0.0630,,0.0000,,0.0000,,0.0630,,0.0000,,0.0000,,0.4380,
"Envelope_00011822","BLDG_00312",32,,6,,0,,0,,6,,0,,0,,18,,62,0.5160,,0.0970,,0.0000,,0.0000,,0.0970,,0.0000,,0.0000,,0.2900,
"Envelope_00011820","BLDG_00313",6,,48,,0,,0,,48,,0,,0,,6,,108,0.0560,,0.4440,,0.0000,,0.0000,,0.4440,,0.0000,,0.0000,,0.0560,
"Envelope_00011841","BLDG_00314",0,,31,,0,,0,,16,,0,,0,,0,,47,0.0000,,0.6600,,0.0000,,0.0000,,0.3400,,0.0000,,0.0000,,0.0000,
"Envelope_00011823","BLDG_00315",14,,0,,0,,0,,0,,0,,0,,20,,34,0.4120,,0.0000,,0.0000,,0.0000,,0.0000,,0.0000,,0.0000,,0.5880,
"Envelope_00011812","BLDG_00316",0,,0,,32,,20,,0,,20,,32,,0,,104,0.0000,,0.0000,,0.3080,,0.1920,,0.0000,,0.1920,,0.3080,,0.0000,
"Envelope_00011783","BLDG_00317",2,,11,,0,,0,,8,,0,,0,,3,,24,0.0830,,0.4580,,0.0000,,0.0000,,0.3330,,0.0000,,0.0000,,0.1250,
"Envelope_00011825","BLDG_00318",10,,0,,0,,0,,0,,0,,0,,10,,20,0.5000,,0.0000,,0.0000,,0.0000,,0.0000,,0.0000,,0.0000,,0.5000,
"Envelope_00011833","BLDG_00319",0,,48,,0,,0,,48,,0,,0,,1,,97,0.0000,,0.4950,,0.0000,,0.0000,,0.4950,,0.0000,,0.0000,,0.0100,
"Envelope_00011829","BLDG_00320",48,,0,,0,,0,,0,,0,,0,,48,,96,0.5000,,0.0000,,0.0000,,0.0000,,0.0000,,0.0000,,0.0000,,0.5000,
"Envelope_00011787","BLDG_00321",26,,18,,0,,0,,25,,0,,0,,16,,85,0.3060,,0.2120,,0.0000,,0.0000,,0.2940,,0.0000,,0.0000,,0.1880,
"Envelope_00011788","BLDG_00323",0,,0,,9,,0,,0,,0,,9,,0,,18,0.0000,,0.0000,,0.5000,,0.0000,,0.0000,,0.0000,,0.5000,,0.0000,
"Envelope_00011782","BLDG_00324",0,,16,,0,,0,,16,,0,,0,,0,,32,0.0000,,0.5000,,0.0000,,0.0000,,0.5000,,0.0000,,0.0000,,0.0000,
"Envelope_00011845","BLDG_00325",22,,15,,0,,0,,15,,0,,0,,18,,70,0.3140,,0.2140,,0.0000,,0.0000,,0.2140,,0.0000,,0.0000,,0.2570,
"Envelope_00011789","BLDG_00326",0,,0,,28,,0,,0,,0,,25,,0,,53,0.0000,,0.0000,,0.5280,,0.0000,,0.0000,,0.0000,,0.4720,,0.0000,
"Envelope_00011831","BLDG_00327",18,,0,,0,,0,,0,,0,,0,,14,,32,0.5630,,0.0000,,0.0000,,0.0000,,0.0000,,0.0000,,0.0000,,0.4380,
"Envelope_00011857","BLDG_00329",2,,6,,0,,0,,12,,0,,0,,2,,22,0.0910,,0.2730,,0.0000,,0.0000,,0.5450,,0.0000,,0.0000,,0.0910,
"Envelope_00011968","BLDG_00330",24,,2,,0,,0,,2,,0,,0,,24,,52,0.4620,,0.0380,,0.0000,,0.0000,,0.0380,,0.0000,,0.0000,,0.4620,
"Envelope_00011858","BLDG_00331",0,,0,,10,,2,,0,,2,,19,,0,,33,0.0000,,0.0000,,0.3030,,0.0610,,0.0000,,0.0610,,0.5760,,0.0000,
"Envelope_00011854","BLDG_00333",8,,2,,0,,0,,2,,0,,0,,8,,20,0.4000,,0.1000,,0.0000,,0.0000,,0.1000,,0.0000,,0.0000,,0.4000,
"Envelope_00011856","BLDG_00334",18,,4,,0,,0,,2,,0,,0,,18,,42,0.4290,,0.0950,,0.0000,,0.0000,,0.0480,,0.0000,,0.0000,,0.4290,
"Envelope_00011855","BLDG_00335",7,,17,,0,,0,,17,,0,,0,,0,,41,0.1710,,0.4150,,0.0000,,0.0000,,0.4150,,0.0000,,0.0000,,0.0000,
"Envelope_00011895","BLDG_00336",9,,2,,0,,0,,0,,0,,0,,12,,23,0.3910,,0.0870,,0.0000,,0.0000,,0.0000,,0.0000,,0.0000,,0.5220,
"Envelope_00011853","BLDG_00337",4,,24,,0,,0,,18,,0,,0,,6,,52,0.0770,,0.4620,,0.0000,,0.0000,,0.3460,,0.0000,,0.0000,,0.1150,
"Envelope_00011900","BLDG_00338",8,,0,,0,,0,,0,,0,,0,,8,,16,0.5000,,0.0000,,0.0000,,0.0000,,0.0000,,0.0000,,0.0000,,0.5000,
"Envelope_00011910","BLDG_00339",24,,0,,0,,0,,0,,0,,0,,30,,54,0.4440,,0.0000,,0.0000,,0.0000,,0.0000,,0.0000,,0.0000,,0.5560,
"Envelope_00011890","BLDG_00340",4,,2,,0,,0,,2,,0,,0,,4,,12,0.3330,,0.1670,,0.0000,,0.0000,,0.1670,,0.0000,,0.0000,,0.3330,
"Envelope_00011969","BLDG_00341",0,,0,,4,,4,,0,,4,,8,,0,,20,0.0000,,0.0000,,0.2000,,0.2000,,0.0000,,0.2000,,0.4000,,0.0000,
"Envelope_00011923","BLDG_00342",7,,16,,0,,0,,16,,0,,0,,7,,46,0.0000,,0.0000,,0.0000,,0.0000,,0.0000,,0.0000,,0.0000,,0.0000,
"Envelope_00011924","BLDG_00343",20,,7,,0,,0,,8,,0,,0,,15,,50,0.4000,,0.1400,,0.0000,,0.0000,,0.1600,,0.0000,,0.0000,,0.3000,
"Envelope_00011970","BLDG_00344",0,,10,,0,,0,,8,,0,,0,,0,,18,0.0000,,0.5560,,0.0000,,0.0000,,0.4440,,0.0000,,0.0000,,0.0000,
"Envelope_00011971","BLDG_00347",4,,9,,0,,0,,7,,0,,0,,1,,21,0.1900,,0.4290,,0.0000,,0.0000,,0.3330,,0.0000,,0.0000,,0.0480,
"Envelope_00011894","BLDG_00348",6,,6,,0,,0,,7,,0,,0,,5,,24,0.2500,,0.2500,,0.0000,,0.0000,,0.2920,,0.0000,,0.0000,,0.2080,
"Envelope_00011898","BLDG_00349",2,,0,,8,,0,,0,,0,,4,,0,,14,0.1430,,0.0000,,0.5710,,0.0000,,0.0000,,0.0000,,0.2860,,0.0000,
"Envelope_00011902","BLDG_00350",0,,0,,9,,0,,0,,2,,9,,0,,20,0.0000,,0.0000,,0.4500,,0.0000,,0.0000,,0.1000,,0.4500,,0.0000,
"Envelope_00011972","BLDG_00351",4,,4,,16,,6,,0,,6,,36,,0,,72,0.0560,,0.0560,,0.2220,,0.0830,,0.0000,,0.0830,,0.5000,,0.0000,
"Envelope_00011925","BLDG_00352",0,,8,,0,,0,,8,,0,,0,,0,,16,0.0000,,0.5000,,0.0000,,0.0000,,0.5000,,0.0000,,0.0000,,0.0000,
"Envelope_00011926","BLDG_00354",0,,0,,8,,1,,0,,1,,16,,0,,26,0.0000,,0.0000,,0.3080,,0.0380,,0.0000,,0.0380,,0.6150,,0.0000,
"Envelope_00011889","BLDG_00354",0,,0,,36,,0,,0,,0,,24,,0,,60,0.0000,,0.0000,,0.6000,,0.0000,,0.0000,,0.0000,,0.4000,,0.0000,
"Envelope_00011892","BLDG_00355",0,,16,,0,,0,,16,,0,,0,,0,,32,0.0000,,0.5000,,0.0000,,0.0000,,0.5000,,0.0000,,0.0000,,0.0000,
"Envelope_00011927","BLDG_00356",0,,0,,4,,8,,0,,8,,4,,0,,24,0.0000,,0.0000,,0.1670,,0.3330,,0.0000,,0.3330,,0.1670,,0.0000,
"Envelope_00011887","BLDG_00357",8,,12,,0,,0,,12,,0,,0,,8,,40,0.2000,,0.3000,,0.0000,,0.0000,,0.3000,,0.0000,,0.0000,,0.2000,
"Envelope_00011896","BLDG_00358",0,,0,,24,,7,,0,,2,,8,,0,,41,0.0000,,0.0000,,0.5850,,0.1710,,0.0000,,0.0490,,0.1950,,0.0000,
"Envelope_00011899","BLDG_00360",0,,12,,0,,0,,16,,0,,0,,0,,28,0.0000,,0.4290,,0.0000,,0.0000,,0.5710,,0.0000,,0.0000,,0.0000,
"Envelope_00011897","BLDG_00361",0,,0,,24,,0,,0,,0,,36,,0,,60,0.0000,,0.0000,,0.4000,,0.0000,,0.0000,,0.0000,,0.6000,,0.0000,
"Envelope_00011928","BLDG_00362",36,,6,,0,,0,,6,,0,,0,,36,,84,0.4290,,0.0710,,0.0000,,0.0000,,0.0710,,0.0000,,0.0000,,0.4290,
"Envelope_00011929","BLDG_00363",0,,16,,0,,0,,17,,0,,0,,0,,33,0.0000,,0.4850,,0.0000,,0.0000,,0.5150,,0.0000,,0.0000,,0.0000,
"Envelope_00011930","BLDG_00364",4,,10,,0,,0,,10,,0,,0,,0,,24,0.1670,,0.4170,,0.0000,,0.0000,,0.4170,,0.0000,,0.0000,,0.0000,
"Envelope_00011931","BLDG_00365",3,,20,,0,,0,,10,,0,,0,,1,,34,0.0880,,0.5880,,0.0000,,0.0000,,0.2940,,0.0000,,0.0000,,0.0290,
"Envelope_00011903","BLDG_00366",4,,16,,0,,0,,12,,0,,0,,4,,36,0.1110,,0.4440,,0.0000,,0.0000,,0.3330,,0.0000,,0.0000,,0.1110,
"Envelope_00011932","BLDG_00367",12,,18,,0,,0,,12,,0,,0,,12,,54,0.2220,,0.3330,,0.0000,,0.0000,,0.2220,,0.0000,,0.0000,,0.2220,
"Envelope_00011891","BLDG_00368",0,,0,,14,,20,,0,,24,,14,,0,,72,0.0000,,0.0000,,0.1940,,0.2780,,0.0000,,0.3330,,0.1940,,0.0000,
"Envelope_00011888","BLDG_00369",3,,17,,0,,0,,15,,0,,0,,2,,37,0.0810,,0.4590,,0.0000,,0.0000,,0.4050,,0.0000,,0.0000,,0.0540,
"Envelope_00011933","BLDG_00370",16,,4,,0,,0,,4,,0,,0,,8,,32,0.5000,,0.1250,,0.0000,,0.0000,,0.1250,,0.0000,,0.0000,,0.2500,
"Envelope_00011905","BLDG_00371",0,,16,,0,,0,,16,,0,,0,,4,,36,0.0000,,0.4440,,0.0000,,0.0000,,0.4440,,0.0000,,0.0000,,0.1110,
"Envelope_00011934","BLDG_00372",0,,16,,0,,0,,16,,0,,0,,0,,32,0.0000,,0.5000,,0.0000,,0.0000,,0.5000,,0.0000,,0.0000,,0.0000,
"Envelope_00011893","BLDG_00373",0,,4,,0,,0,,8,,0,,0,,0,,12,0.0000,,0.3330,,0.0000,,0.0000,,0.6670,,0.0000,,0.0000,,0.0000,
"Envelope_00011935","BLDG_00374",16,,4,,0,,0,,4,,0,,0,,16,,40,0.4000,,0.1000,,0.0000,,0.0000,,0.1000,,0.0000,,0.0000,,0.4000,
"Envelope_00011908","BLDG_00375",0,,8,,0,,0,,8,,0,,0,,0,,16,0.0000,,0.5000,,0.0000,,0.0000,,0.5000,,0.0000,,0.0000,,0.0000,
"Envelope_00011909","BLDG_00376",18,,0,,0,,0,,0,,0,,0,,12,,30,0.6000,,0.0000,,0.0000,,0.0000,,0.0000,,0.0000,,0.0000,,0.4000,
"Envelope_00011901","BLDG_00377",16,,0,,0,,0,,0,,0,,0,,16,,32,0.5000,,0.0000,,0.0000,,0.0000,,0.0000,,0.0000,,0.0000,,0.5000,
"Envelope_00011904","BLDG_00378",6,,2,,0,,0,,2,,0,,0,,6,,16,0.3750,,0.1250,,0.0000,,0.0000,,0.1250,,0.0000,,0.0000,,0.3750,
"Envelope_00011907","BLDG_00379",48,,15,,0,,0,,26,,0,,0,,46,,135,0.3560,,0.1110,,0.0000,,0.0000,,0.1930,,0.0000,,0.0000,,0.3410,
"Envelope_00011906","BLDG_00380",10,,5,,0,,0,,9,,0,,0,,12,,36,0.2780,,0.1390,,0.0000,,0.0000,,0.2500,,0.0000,,0.0000,,0.3330,
"Envelope_00007765","BLDG_00382",0,,0,,8,,0,,0,,0,,16,,0,,24,0.0000,,0.0000,,0.3330,,0.0000,,0.0000,,0.0000,,0.6670,,0.0000,
"Envelope_00007766","BLDG_00385",35,,7,,0,,0,,7,,0,,0,,42,,91,0.3850,,0.0770,,0.0000,,0.0000,,0.0770,,0.0000,,0.0000,,0.4620,
"Envelope_00007767","BLDG_00387",0,,0,,16,,0,,0,,0,,16,,0,,32,0.0000,,0.0000,,0.5000,,0.0000,,0.0000,,0.0000,,0.5000,,0.0000,
"Envelope_00007768","BLDG_00388",0,,8,,0,,0,,6,,0,,0,,0,,14,0.0000,,0.5710,,0.0000,,0.0000,,0.4290,,0.0000,,0.0000,,0.0000,
"Envelope_00007769","BLDG_00389",2,,8,,0,,0,,8,,0,,0,,2,,20,0.1000,,0.4000,,0.0000,,0.0000,,0.4000,,0.0000,,0.0000,,0.1000,
"Envelope_00007770","BLDG_00392",12,,0,,0,,0,,0,,0,,0,,6,,18,0.6670,,0.0000,,0.0000,,0.0000,,0.0000,,0.0000,,0.0000,,0.3330,
"Envelope_00007771","BLDG_00393",0,,0,,22,,0,,0,,0,,24,,0,,46,0.0000,,0.0000,,0.4780,,0.0000,,0.0000,,0.0000,,0.5220,,0.0000,
"Envelope_00007772","BLDG_00395",6,,0,,0,,0,,6,,0,,0,,8,,20,0.3000,,0.0000,,0.0000,,0.0000,,0.3000,,0.0000,,0.0000,,0.4000,
"Envelope_00007773","BLDG_00397",4,,35,,0,,0,,42,,0,,0,,0,,81,0.0490,,0.4320,,0.0000,,0.0000,,0.5190,,0.0000,,0.0000,,0.0000,
"Envelope_00007774","BLDG_00398",24,,0,,0,,0,,0,,0,,0,,24,,48,0.5000,,0.0000,,0.0000,,0.0000,,0.0000,,0.0000,,0.0000,,0.5000,
"Envelope_00007775","BLDG_00401",0,,0,,24,,0,,0,,0,,16,,0,,40,0.0000,,0.0000,,0.6000,,0.0000,,0.0000,,0.0000,,0.4000,,0.0000,
"Envelope_00007776","BLDG_00402",2,,0,,0,,0,,0,,0,,0,,2,,4,0.5000,,0.0000,,0.0000,,0.0000,,0.0000,,0.0000,,0.0000,,0.5000,
"Envelope_00007777","BLDG_00403",18,,18,,0,,0,,18,,0,,0,,18,,72,0.2500,,0.2500,,0.0000,,0.0000,,0.2500,,0.0000,,0.0000,,0.2500,
"Envelope_00007778","BLDG_00404",0,,0,,0,,15,,0,,12,,3,,0,,30,0.0000,,0.0000,,0.0000,,0.5000,,0.0000,,0.4000,,0.1000,,0.0000,
"Envelope_00007779","BLDG_00405",28,,6,,0,,0,,4,,0,,0,,20,,58,0.4830,,0.1030,,0.0000,,0.0000,,0.0690,,0.0000,,0.0000,,0.3450,
"Envelope_00007780","BLDG_00406",6,,6,,0,,0,,6,,0,,0,,6,,24,0.2500,,0.2500,,0.0000,,0.0000,,0.2500,,0.0000,,0.0000,,0.2500,
"Envelope_00007781","BLDG_00407",6,,6,,0,,0,,6,,0,,0,,6,,24,0.2500,,0.2500,,0.0000,,0.0000,,0.2500,,0.0000,,0.0000,,0.2500,
"Envelope_00007782","BLDG_00408",0,,0,,8,,19,,0,,11,,20,,0,,58,0.0000,,0.0000,,0.1380,,0.3280,,0.0000,,0.1900,,0.3450,,0.0000,
"Envelope_00007783","BLDG_00409",0,,0,,24,,29,,0,,21,,1,,0,,75,0.0000,,0.0000,,0.3200,,0.3870,,0.0000,,0.2800,,0.0130,,0.0000,
"Envelope_00007784","BLDG_00410",20,,48,,0,,0,,68,,0,,0,,20,,156,0.1280,,0.3080,,0.0000,,0.0000,,0.4360,,0.0000,,0.0000,,0.1280,
"Envelope_00007785","BLDG_00411",0,,16,,0,,0,,16,,0,,0,,0,,32,0.0000,,0.5000,,0.0000,,0.0000,,0.5000,,0.0000,,0.0000,,0.0000,
"Envelope_00007786","BLDG_00412",0,,18,,0,,0,,18,,0,,0,,0,,36,0.0000,,0.5000,,0.0000,,0.0000,,0.5000,,0.0000,,0.0000,,0.0000,
"Envelope_00007787","BLDG_00413",0,,24,,0,,0,,20,,0,,0,,0,,44,0.0000,,0.5450,,0.0000,,0.0000,,0.4550,,0.0000,,0.0000,,0.0000,
"Envelope_00007788","BLDG_00415",0,,0,,54,,12,,0,,9,,24,,0,,99,0.0000,,0.0000,,0.5450,,0.1210,,0.0000,,0.0910,,0.2420,,0.0000,
"Envelope_00011770","BLDG_00415",25,,3,,0,,0,,0,,0,,0,,24,,52,0.4810,,0.0580,,0.0000,,0.0000,,0.0000,,0.0000,,0.0000,,0.4620,
"Envelope_00007789","BLDG_00416",24,,12,,0,,0,,7,,0,,0,,16,,59,0.4070,,0.2030,,0.0000,,0.0000,,0.1190,,0.0000,,0.0000,,0.2710,
"Envelope_00007790","BLDG_00417",0,,16,,0,,0,,18,,0,,0,,0,,34,0.0000,,0.4710,,0.0000,,0.0000,,0.5290,,0.0000,,0.0000,,0.0000,
"Envelope_00007791","BLDG_00418",10,,8,,0,,0,,8,,0,,0,,12,,38,0.2630,,0.2110,,0.0000,,0.0000,,0.2110,,0.0000,,0.0000,,0.3160,
"Envelope_00007792","BLDG_00419",0,,0,,24,,36,,0,,36,,30,,0,,126,0.0000,,0.0000,,0.1900,,0.2860,,0.0000,,0.2860,,0.2380,,0.0000,
"Envelope_00007793","BLDG_00421",0,,16,,0,,0,,8,,0,,0,,0,,24,0.0000,,0.6670,,0.0000,,0.0000,,0.3330,,0.0000,,0.0000,,0.0000,
"Envelope_00007794","BLDG_00425",8,,0,,0,,0,,0,,0,,0,,8,,16,0.5000,,0.0000,,0.0000,,0.0000,,0.0000,,0.0000,,0.0000,,0.5000,
"Envelope_00007795","BLDG_00426",5,,7,,0,,0,,4,,0,,0,,7,,23,0.2170,,0.3040,,0.0000,,0.0000,,0.1740,,0.0000,,0.0000,,0.3040,
"Envelope_00011771","BLDG_00427",0,,9,,0,,0,,11,,0,,0,,13,,33,0.0000,,0.2730,,0.0000,,0.0000,,0.3330,,0.0000,,0.0000,,0.3940,
"Envelope_00007797","BLDG_00430",4,,3,,0,,0,,0,,0,,0,,7,,14,0.2860,,0.2140,,0.0000,,0.0000,,0.0000,,0.0000,,0.0000,,0.5000,
"Envelope_00007831","BLDG_00435",24,,1,,0,,0,,0,,0,,0,,24,,49,0.4900,,0.0200,,0.0000,,0.0000,,0.0000,,0.0000,,0.0000,,0.4900,
"Envelope_00007818","BLDG_00436",7,,4,,0,,0,,3,,0,,0,,12,,26,0.2690,,0.1540,,0.0000,,0.0000,,0.1150,,0.0000,,0.0000,,0.4620,
"Envelope_00007830","BLDG_00439",38,,32,,18,,16,,42,,14,,4,,38,,202,0.1880,,0.1580,,0.0890,,0.0790,,0.2080,,0.0690,,0.0200,,0.1880,
"Envelope_00007825","BLDG_00441",50,,50,,0,,0,,50,,0,,0,,50,,200,0.2500,,0.2500,,0.0000,,0.0000,,0.2500,,0.0000,,0.0000,,0.2500,
"Envelope_00007809","BLDG_00443",0,,34,,0,,0,,34,,0,,0,,0,,68,0.0000,,0.5000,,0.0000,,0.0000,,0.5000,,0.0000,,0.0000,,0.0000,
"Envelope_00007820","BLDG_00448",18,,9,,0,,0,,6,,0,,0,,14,,47,0.3830,,0.1910,,0.0000,,0.0000,,0.1280,,0.0000,,0.0000,,0.2980,
"Envelope_00007804","BLDG_00449",0,,0,,33,,2,,0,,2,,44,,0,,81,0.0000,,0.0000,,0.4070,,0.0250,,0.0000,,0.0250,,0.5430,,0.0000,
"Envelope_00007827","BLDG_00450",36,,3,,0,,0,,3,,0,,0,,36,,78,0.4620,,0.0380,,0.0000,,0.0000,,0.0380,,0.0000,,0.0000,,0.4620,
"Envelope_00007828","BLDG_00451",0,,0,,0,,16,,0,,16,,0,,0,,32,0.0000,,0.0000,,0.0000,,0.5000,,0.0000,,0.5000,,0.0000,,0.0000,
"Envelope_00007829","BLDG_00453",0,,0,,40,,6,,0,,3,,40,,0,,89,0.0000,,0.0000,,0.4490,,0.0670,,0.0000,,0.0340,,0.4490,,0.0000,
"Envelope_00007800","BLDG_00456",0,,0,,12,,12,,0,,8,,12,,0,,44,0.0000,,0.0000,,0.2730,,0.2730,,0.0000,,0.1820,,0.2730,,0.0000,
"Envelope_00007822","BLDG_00458",63,,3,,0,,0,,3,,0,,0,,41,,110,0.5730,,0.0270,,0.0000,,0.0000,,0.0270,,0.0000,,0.0000,,0.3730,
"Envelope_00007810","BLDG_00459",36,,0,,0,,0,,0,,0,,0,,36,,72,0.5000,,0.0000,,0.0000,,0.0000,,0.0000,,0.0000,,0.0000,,0.5000,
"Envelope_00007814","BLDG_00462",45,,2,,0,,2,,3,,0,,2,,45,,99,0.4550,,0.0200,,0.0000,,0.0200,,0.0300,,0.0000,,0.0200,,0.4550,
"Envelope_00007857","BLDG_00466",28,,0,,0,,0,,0,,0,,0,,12,,40,0.7000,,0.0000,,0.0000,,0.0000,,0.0000,,0.0000,,0.0000,,0.3000,
"Envelope_00007832","BLDG_00467",0,,0,,60,,4,,0,,4,,36,,0,,104,0.0000,,0.0000,,0.5770,,0.0380,,0.0000,,0.0380,,0.3460,,0.0000,
"Envelope_00007812","BLDG_00468",0,,16,,0,,0,,6,,0,,0,,0,,22,0.0000,,0.7270,,0.0000,,0.0000,,0.2730,,0.0000,,0.0000,,0.0000,
"Envelope_00007821","BLDG_00470",16,,4,,0,,0,,4,,0,,0,,16,,40,0.4000,,0.1000,,0.0000,,0.0000,,0.1000,,0.0000,,0.0000,,0.4000,
"Envelope_00007856","BLDG_00471",54,,10,,0,,0,,10,,0,,0,,18,,92,0.5870,,0.1090,,0.0000,,0.0000,,0.1090,,0.0000,,0.0000,,0.1960,
"Envelope_00007807","BLDG_00472",0,,0,,40,,4,,0,,9,,44,,0,,97,0.0000,,0.0000,,0.4120,,0.0410,,0.0000,,0.0930,,0.4540,,0.0000,
"Envelope_00007826","BLDG_00473",36,,0,,0,,0,,0,,0,,0,,72,,108,0.3330,,0.0000,,0.0000,,0.0000,,0.0000,,0.0000,,0.0000,,0.6670,
"Envelope_00007819","BLDG_00474",0,,8,,0,,0,,16,,0,,0,,0,,24,0.0000,,0.3330,,0.0000,,0.0000,,0.6670,,0.0000,,0.0000,,0.0000,
"Envelope_00007841","BLDG_00481",33,,0,,0,,0,,0,,0,,0,,40,,73,0.4520,,0.0000,,0.0000,,0.0000,,0.0000,,0.0000,,0.0000,,0.5480,
"Envelope_00007833","BLDG_00482",2,,2,,0,,0,,2,,0,,0,,2,,8,0.2500,,0.2500,,0.0000,,0.0000,,0.2500,,0.0000,,0.0000,,0.2500,
"Envelope_00007839","BLDG_00485",0,,8,,0,,0,,17,,0,,0,,0,,25,0.0000,,0.3200,,0.0000,,0.0000,,0.6800,,0.0000,,0.0000,,0.0000,
"Envelope_00007838","BLDG_00486",0,,12,,0,,0,,24,,0,,0,,0,,36,0.0000,,0.3330,,0.0000,,0.0000,,0.6670,,0.0000,,0.0000,,0.0000,
"Envelope_00007837","BLDG_00488",12,,0,,0,,0,,0,,0,,0,,18,,30,0.4000,,0.0000,,0.0000,,0.0000,,0.0000,,0.0000,,0.0000,,0.6000,
"Envelope_00007840","BLDG_00489",0,,0,,0,,24,,0,,16,,0,,0,,40,0.0000,,0.0000,,0.0000,,0.6000,,0.0000,,0.4000,,0.0000,,0.0000,
"Envelope_00007823","BLDG_00491",24,,0,,0,,0,,0,,0,,0,,24,,48,0.5000,,0.0000,,0.0000,,0.0000,,0.0000,,0.0000,,0.0000,,0.5000,
"Envelope_00007835","BLDG_00492",14,,0,,0,,0,,5,,0,,0,,14,,33,0.4240,,0.0000,,0.0000,,0.0000,,0.1520,,0.0000,,0.0000,,0.4240,
"Envelope_00007824","BLDG_00493",16,,7,,0,,0,,7,,0,,0,,16,,46,0.3480,,0.1520,,0.0000,,0.0000,,0.1520,,0.0000,,0.0000,,0.3480,
"Envelope_00007836","BLDG_00496",0,,24,,0,,0,,24,,0,,0,,0,,48,0.0000,,0.5000,,0.0000,,0.0000,,0.5000,,0.0000,,0.0000,,0.0000,
"Envelope_00007834","BLDG_00497",3,,32,,0,,0,,24,,0,,0,,3,,62,0.0480,,0.5160,,0.0000,,0.0000,,0.3870,,0.0000,,0.0000,,0.0480,
"Envelope_00007803","BLDG_00499",0,,0,,5,,45,,0,,32,,4,,0,,86,0.0000,,0.0000,,0.0580,,0.5230,,0.0000,,0.3720,,0.0470,,0.0000,
"Envelope_00007801","BLDG_00500",39,,0,,0,,0,,0,,0,,0,,39,,78,0.5000,,0.0000,,0.0000,,0.0000,,0.0000,,0.0000,,0.0000,,0.5000,
"Envelope_00007808","BLDG_00501",36,,8,,0,,6,,8,,0,,6,,30,,94,0.3830,,0.0850,,0.0000,,0.0640,,0.0850,,0.0000,,0.0640,,0.3190,
"Envelope_00007802","BLDG_00502",6,,15,,0,,0,,24,,0,,0,,6,,51,0.1180,,0.2940,,0.0000,,0.0000,,0.4710,,0.0000,,0.0000,,0.1180,
"Envelope_00007817","BLDG_00503",42,,3,,0,,6,,3,,0,,6,,24,,84,0.5000,,0.0360,,0.0000,,0.0710,,0.0360,,0.0000,,0.0710,,0.2860,
"Envelope_00007816","BLDG_00507",45,,0,,0,,0,,12,,0,,0,,30,,87,0.5170,,0.0000,,0.0000,,0.0000,,0.1380,,0.0000,,0.0000,,0.3450,
"Envelope_00007813","BLDG_00510",9,,12,,0,,24,,21,,0,,0,,24,,90,0.1000,,0.1330,,0.0000,,0.2670,,0.2330,,0.0000,,0.0000,,0.2670,
"Envelope_00007811","BLDG_00517",16,,33,,0,,0,,24,,0,,0,,16,,89,0.1800,,0.3710,,0.0000,,0.0000,,0.2700,,0.0000,,0.0000,,0.1800,
"Envelope_00007805","BLDG_00518",36,,0,,0,,0,,0,,0,,0,,36,,72,0.5000,,0.0000,,0.0000,,0.0000,,0.0000,,0.0000,,0.0000,,0.5000,
"Envelope_00007850","BLDG_00521",0,,24,,0,,0,,16,,0,,0,,0,,40,0.0000,,0.6000,,0.0000,,0.0000,,0.4000,,0.0000,,0.0000,,0.0000,
"Envelope_00007852","BLDG_00523",0,,0,,0,,24,,0,,46,,0,,0,,70,0.0000,,0.0000,,0.0000,,0.3430,,0.0000,,0.6570,,0.0000,,0.0000,
"Envelope_00007851","BLDG_00524",53,,2,,0,,0,,0,,0,,0,,28,,83,0.6390,,0.0240,,0.0000,,0.0000,,0.0000,,0.0000,,0.0000,,0.3370,
"Envelope_00007849","BLDG_00525",0,,0,,0,,8,,0,,16,,0,,0,,24,0.0000,,0.0000,,0.0000,,0.3330,,0.0000,,0.6670,,0.0000,,0.0000,
"Envelope_00007845","BLDG_00526",0,,8,,0,,0,,8,,0,,0,,0,,16,0.0000,,0.5000,,0.0000,,0.0000,,0.5000,,0.0000,,0.0000,,0.0000,
"Envelope_00007842","BLDG_00527",4,,20,,0,,0,,20,,0,,0,,4,,48,0.0830,,0.4170,,0.0000,,0.0000,,0.4170,,0.0000,,0.0000,,0.0830,
"Envelope_00007843","BLDG_00528",2,,14,,0,,0,,16,,0,,0,,2,,34,0.0590,,0.4120,,0.0000,,0.0000,,0.4710,,0.0000,,0.0000,,0.0590,
"Envelope_00007847","BLDG_00529",24,,0,,0,,0,,0,,0,,0,,36,,60,0.4000,,0.0000,,0.0000,,0.0000,,0.0000,,0.0000,,0.0000,,0.6000,
"Envelope_00007846","BLDG_00531",118,,82,,0,,0,,98,,0,,0,,136,,434,0.2720,,0.1890,,0.0000,,0.0000,,0.2260,,0.0000,,0.0000,,0.3130,
"Envelope_00007855","BLDG_00532",0,,0,,16,,0,,0,,0,,8,,0,,24,0.0000,,0.0000,,0.6670,,0.0000,,0.0000,,0.0000,,0.3330,,0.0000,
"Envelope_00007848","BLDG_00533",0,,0,,0,,16,,0,,24,,2,,0,,42,0.0000,,0.0000,,0.0000,,0.3810,,0.0000,,0.5710,,0.0480,,0.0000,
"Envelope_00007844","BLDG_00534",80,,88,,97,,20,,40,,68,,107,,80,,580,0.1380,,0.1520,,0.1670,,0.0340,,0.0690,,0.1170,,0.1840,,0.1380,
"Envelope_00007854","BLDG_00535",0,,0,,18,,2,,0,,0,,36,,0,,56,0.0000,,0.0000,,0.3210,,0.0360,,0.0000,,0.0000,,0.6430,,0.0000,
"Envelope_00007853","BLDG_00536",26,,4,,0,,0,,4,,0,,0,,18,,52,0.5000,,0.0770,,0.0000,,0.0000,,0.0770,,0.0000,,0.0000,,0.3460,
"Envelope_00003659","BLDG_00539",4,,40,,0,,0,,24,,0,,0,,2,,70,0.0570,,0.5710,,0.0000,,0.0000,,0.3430,,0.0000,,0.0000,,0.0290,
"Envelope_00007815","BLDG_00541",6,,54,,0,,0,,30,,0,,0,,6,,96,0.0630,,0.5630,,0.0000,,0.0000,,0.3130,,0.0000,,0.0000,,0.0630,
"Envelope_00012057","BLDG_00542",16,,0,,0,,0,,0,,0,,0,,7,,23,0.6960,,0.0000,,0.0000,,0.0000,,0.0000,,0.0000,,0.0000,,0.3040,
"Envelope_00012058","BLDG_00543",36,,3,,0,,0,,3,,0,,0,,30,,72,0.5000,,0.0420,,0.0000,,0.0000,,0.0420,,0.0000,,0.0000,,0.4170,
"Envelope_00012059","BLDG_00544",6,,51,,0,,0,,51,,0,,0,,6,,114,0.0530,,0.4470,,0.0000,,0.0000,,0.4470,,0.0000,,0.0000,,0.0530,
"Envelope_00012062","BLDG_00545",19,,24,,0,,0,,36,,0,,0,,19,,98,0.1940,,0.2450,,0.0000,,0.0000,,0.3670,,0.0000,,0.0000,,0.1940,
"Envelope_00012074","BLDG_00546",2,,8,,0,,0,,16,,0,,0,,2,,28,0.0710,,0.2860,,0.0000,,0.0000,,0.5710,,0.0000,,0.0000,,0.0710,
"Envelope_00012073","BLDG_00547",40,,11,,0,,0,,12,,0,,0,,32,,95,0.4210,,0.1160,,0.0000,,0.0000,,0.1260,,0.0000,,0.0000,,0.3370,
"Envelope_00003672","SITE_00108",3,,3,,0,,0,,3,,0,,0,,0,,9,0.3330,,0.3330,,0.0000,,0.0000,,0.3330,,0.0000,,0.0000,,0.0000,
"Envelope_00011886","SITE_00108",3,,3,,0,,0,,3,,0,,0,,0,,9,0.3330,,0.3330,,0.0000,,0.0000,,0.3330,,0.0000,,0.0000,,0.0000,
"Envelope_00003268","SITE_00150",8,,0,,0,,0,,0,,0,,0,,12,,20,0.4000,,0.0000,,0.0000,,0.0000,,0.0000,,0.0000,,0.0000,,0.6000,
"Envelope_00011885","SITE_00204",8,,4,,0,,0,,4,,0,,0,,8,,24,0.3330,,0.1670,,0.0000,,0.0000,,0.1670,,0.0000,,0.0000,,0.3330,
"Envelope_00003298","SITE_00692",0,,10,,0,,0,,4,,0,,0,,14,,28,0.0000,,0.3570,,0.0000,,0.0000,,0.1430,,0.0000,,0.0000,,0.5000,
"Envelope_00003318","SITE_00825",4,,0,,0,,0,,0,,0,,0,,8,,12,0.3330,,0.0000,,0.0000,,0.0000,,0.0000,,0.0000,,0.0000,,0.6670,
"Envelope_00003350","SITE_01247",10,,3,,0,,0,,3,,0,,0,,6,,22,0.4550,,0.1360,,0.0000,,0.0000,,0.1360,,0.0000,,0.0000,,0.2730,
"Envelope_00003656","SITE_01379",2,,0,,0,,0,,0,,0,,0,,2,,4,0.5000,,0.0000,,0.0000,,0.0000,,0.0000,,0.0000,,0.0000,,0.5000,
"Envelope_00003657","SITE_01498",3,,4,,0,,0,,4,,0,,1,,4,,16,0.1880,,0.2500,,0.0000,,0.0000,,0.2500,,0.0000,,0.0630,,0.2500,
"Envelope_00003658","SITE_01796",16,,0,,0,,0,,0,,0,,0,,64,,80,0.2000,,0.0000,,0.0000,,0.0000,,0.0000,,0.0000,,0.0000,,0.8000,
