ConsumerClassId,DCCustomerType,Description,Color,SymbolID,ConstantPower,ConstantCurrent,ConstantImpedance,UtilizationFactor,PowerFactor,MeteredLoads,NonMeteredLoads,LoadFactor_percent,FrequenceSensitivityP,FrequenceSensitivityQ,EnableHarmonic,HarmonicCurrentSourceInPercent,IsExponentialModel,ConstantImpedanceZ_P,ConstantImpedanceZ_Q,ConstantCurrentI_P,ConstantCurrentI_Q,ConstantPowerP_P,ConstantPowerP_Q,ExponentialModel_P,ExponentialModel_Q,LoadFlowVoltPercentOfNominal,LossesPerCustomer,ConnectedCenterTap1N,ConnectedCenterTap2N,UseLTD,AdjustmentSettings,PowerCurveModel,PowerCurveModelID
"Commercial",0,,0,-1,100,0,0,100,90,1,1,0,1,1,0,1,0,100,100,0,0,0,0,1,1,80,0,50,50,0,0,0,
"Heater",1,,0,-1,100,0,0,100,90,1,1,0,0,0,0,1,0,100,0,0,0,0,100,2,0,80,0,50,50,0,0,0,
"I",0,,0,-1,100,0,0,100,90,1,1,0,0,0,0,1,0,0,0,100,100,0,0,0,0,80,0,50,50,0,0,0,
"Industrial",0,,0,-1,100,0,0,100,90,1,1,0,1,1,0,1,0,100,100,0,0,0,0,1,1,80,0,50,50,0,0,0,
"Lighting",1,,0,-1,100,0,0,100,90,1,1,0,0,0,0,1,0,100,0,0,0,0,100,2,0,80,0,50,50,0,0,0,
"Other",0,,0,-1,100,0,0,100,90,1,1,0,1,1,0,1,0,100,100,0,0,0,0,1,1,80,0,50,50,0,0,0,
"Power_Electronics",1,,0,-1,100,0,0,100,90,1,1,0,0,0,0,1,0,0,0,0,0,100,100,0,0,80,0,50,50,0,0,0,
"PQ",0,,0,-1,100,0,0,100,90,1,1,0,0,0,0,1,0,0,0,0,0,100,100,0,0,80,0,50,50,0,0,0,
"Residential",0,,0,-1,100,0,0,100,90,1,1,0,1,1,0,1,0,100,100,0,0,0,0,1,1,80,0,50,50,0,0,0,
"Rotating_Machine",1,,0,-1,100,0,0,100,90,1,1,0,0,0,0,1,0,0,0,0,0,100,100,0,0,80,0,50,50,0,0,0,
"Z",0,,0,-1,100,0,0,100,90,1,1,0,0,0,0,1,0,100,100,0,0,0,0,0,0,80,0,50,50,0,0,0,
