EquipmentId,ComponentMask,PhaseType,RatedKVA,FirstRatedKVA,SecondRatedKVA,ThirdRatedKVA,FourthRatedKVA,RatedKVLN,MaximumBoost,MaximumBuck,ForwardBandwidth,ReverseBandwidth,CTPrimaryRating,PTRatio,NumberOfTaps,Reversible,Favorite,Flags,LastChange,ConstructionType,EnableBonusRating,BonusRating1,BonusRating2,BonusRating3,BonusRating4,RegulationRange1,RegulationRange2,RegulationRange3,RegulationRange4,MaxRatingCurrent,Comments
"DEFAULT",2,1,45,45,45,45,45,2.4,10,10,2,2,100,120,32,0,0,0,1585332454,0,0,110,120,135,160,8.75,7.5,6.25,5,1000,
"NON-REVERSIBLE",2,1,250,250,250,250,250,2.4,10,10,2,2,100,60,32,0,0,0,1585332454,0,0,110,120,135,160,8.75,7.5,6.25,5,2000,
"REGULATOR_150_149",2,2,135,135,135,135,135,2.4,10,10,2,2,700,20,32,0,0,0,1585332454,0,0,110,120,135,160,8.75,7.5,6.25,5,1000,
"REGULATOR_160_67",2,1,45,45,45,45,45,2.4,10,10,2,2,300,20,32,0,0,0,1585332454,0,0,110,120,135,160,8.75,7.5,6.25,5,1000,
"REGULATOR_25_26",2,1,45,45,45,45,45,2.4,10,10,2,2,50,20,32,0,0,0,1585332454,0,0,110,120,135,160,8.75,7.5,6.25,5,1000,
"REGULATOR_9_14",2,1,45,45,45,45,45,2.4,10,10,2,2,50,20,32,0,0,0,1585332454,0,0,110,120,135,160,8.75,7.5,6.25,5,1000,
