DeviceNumber,DeviceType,NetworkId,ConnectionConfiguration,SymbolSize
"F1",20,"IEEE-123-NODES",0,0
"F10",20,"IEEE-123-NODES",0,0
"F100",20,"IEEE-123-NODES",0,0
"F102",20,"IEEE-123-NODES",0,0
"F103",20,"IEEE-123-NODES",0,0
"F104",20,"IEEE-123-NODES",0,0
"F106",20,"IEEE-123-NODES",0,0
"F107",20,"IEEE-123-NODES",0,0
"F109",20,"IEEE-123-NODES",0,0
"F11",20,"IEEE-123-NODES",0,0
"F111",20,"IEEE-123-NODES",0,0
"F112",20,"IEEE-123-NODES",0,0
"F113",20,"IEEE-123-NODES",0,0
"F114",20,"IEEE-123-NODES",0,0
"F12",20,"IEEE-123-NODES",0,0
"F16",20,"IEEE-123-NODES",0,0
"F17",20,"IEEE-123-NODES",0,0
"F19",20,"IEEE-123-NODES",0,0
"F2",20,"IEEE-123-NODES",0,0
"F20",20,"IEEE-123-NODES",0,0
"F22",20,"IEEE-123-NODES",0,0
"F24",20,"IEEE-123-NODES",0,0
"F28",20,"IEEE-123-NODES",0,0
"F29",20,"IEEE-123-NODES",0,0
"F30",20,"IEEE-123-NODES",0,0
"F31",20,"IEEE-123-NODES",0,0
"F32",20,"IEEE-123-NODES",0,0
"F33",20,"IEEE-123-NODES",0,0
"F34",20,"IEEE-123-NODES",0,0
"F35",20,"IEEE-123-NODES",2,0
"F37",20,"IEEE-123-NODES",0,0
"F38",20,"IEEE-123-NODES",0,0
"F39",20,"IEEE-123-NODES",0,0
"F4",20,"IEEE-123-NODES",0,0
"F41",20,"IEEE-123-NODES",0,0
"F42",20,"IEEE-123-NODES",0,0
"F43",20,"IEEE-123-NODES",0,0
"F45",20,"IEEE-123-NODES",0,0
"F46",20,"IEEE-123-NODES",0,0
"F47",20,"IEEE-123-NODES",0,0
"F48",20,"IEEE-123-NODES",0,0
"F49",20,"IEEE-123-NODES",0,0
"F5",20,"IEEE-123-NODES",0,0
"F50",20,"IEEE-123-NODES",0,0
"F51",20,"IEEE-123-NODES",0,0
"F52",20,"IEEE-123-NODES",0,0
"F53",20,"IEEE-123-NODES",0,0
"F55",20,"IEEE-123-NODES",0,0
"F56",20,"IEEE-123-NODES",0,0
"F58",20,"IEEE-123-NODES",0,0
"F59",20,"IEEE-123-NODES",0,0
"F6",20,"IEEE-123-NODES",0,0
"F60",20,"IEEE-123-NODES",0,0
"F62",20,"IEEE-123-NODES",0,0
"F63",20,"IEEE-123-NODES",0,0
"F64",20,"IEEE-123-NODES",0,0
"F65",20,"IEEE-123-NODES",2,0
"F66",20,"IEEE-123-NODES",0,0
"F68",20,"IEEE-123-NODES",0,0
"F69",20,"IEEE-123-NODES",0,0
"F7",20,"IEEE-123-NODES",0,0
"F70",20,"IEEE-123-NODES",0,0
"F71",20,"IEEE-123-NODES",0,0
"F73",20,"IEEE-123-NODES",0,0
"F74",20,"IEEE-123-NODES",0,0
"F75",20,"IEEE-123-NODES",0,0
"F76",20,"IEEE-123-NODES",2,0
"F77",20,"IEEE-123-NODES",0,0
"F79",20,"IEEE-123-NODES",0,0
"F80",20,"IEEE-123-NODES",0,0
"F82",20,"IEEE-123-NODES",0,0
"F83",20,"IEEE-123-NODES",0,0
"F84",20,"IEEE-123-NODES",0,0
"F85",20,"IEEE-123-NODES",0,0
"F86",20,"IEEE-123-NODES",0,0
"F87",20,"IEEE-123-NODES",0,0
"F88",20,"IEEE-123-NODES",0,0
"F9",20,"IEEE-123-NODES",0,0
"F90",20,"IEEE-123-NODES",0,0
"F92",20,"IEEE-123-NODES",0,0
"F94",20,"IEEE-123-NODES",0,0
"F95",20,"IEEE-123-NODES",0,0
"F96",20,"IEEE-123-NODES",0,0
"F98",20,"IEEE-123-NODES",0,0
"F99",20,"IEEE-123-NODES",0,0
