DeviceNumber,NetworkId,LineId,Length,X,Y,Status,NominalRatingA,NominalRatingB,NominalRatingC,FirstRatingA,FirstRatingB,FirstRatingC,SecondRatingA,SecondRatingB,SecondRatingC,ThirdRatingA,ThirdRatingB,ThirdRatingC,FourthRatingA,FourthRatingB,FourthRatingC,AmpacityDeratingFactor,HarmonicModel,TCCRepositoryID,FlowConstraintActive,FlowConstraintUnit,MaximumFlow
"200","IEEE-123-NODES","DEFAULT",0,,,0,0,0,0,0,0,0,0,0,0,0,0,0,0,0,0,1,2,,,,
"CONFIG_12_60_62","IEEE-123-NODES","UNDERGROUND_LINE",76.2,,,0,0,0,0,0,0,0,0,0,0,0,0,0,0,0,0,1,2,,,,
"CONFIG_12_62_63","IEEE-123-NODES","UNDERGROUND_LINE",53.34,,,0,0,0,0,0,0,0,0,0,0,0,0,0,0,0,0,1,2,,,,
"CONFIG_12_63_64","IEEE-123-NODES","UNDERGROUND_LINE",106.68,,,0,0,0,0,0,0,0,0,0,0,0,0,0,0,0,0,1,2,,,,
"CONFIG_12_64_65","IEEE-123-NODES","UNDERGROUND_LINE",129.54,,,0,0,0,0,0,0,0,0,0,0,0,0,0,0,0,0,1,2,,,,
"CONFIG_12_65_66","IEEE-123-NODES","UNDERGROUND_LINE",99.06,,,0,0,0,0,0,0,0,0,0,0,0,0,0,0,0,0,1,2,,,,
