DeviceNumber,NetworkId,EquipmentId,ConnectionConfiguration,Lagging,CTPrimaryRating,PTRatio,BoostPercent,BuckPercent,SettingOption,TapPositionA,TapPositionB,TapPositionC,LoadCenterId,ControlStatus,ReverseSensingMode,ReverseThreshold,NormalFeedingNodeId,SymbolSize,FirstHouseLow,FirstHouseHigh,FaultIndicator,Status,X,Y,ByPassOnRestoration,PythonDeviceScriptID,Reversible
"RG1","IEEE-123-NODES","REGULATOR_150_149",0,0,700,20,10,10,2,7,7,7,"149",1,4,1,"28663",0,0,0,0,0,,,0,,0
"RG2","IEEE-123-NODES","REGULATOR_9_14",0,0,50,20,10,10,2,-1,0,0,"14",1,4,1,"9",0,0,0,0,0,,,0,,0
"RG3","IEEE-123-NODES","REGULATOR_25_26",0,0,50,20,10,10,2,0,0,1,"26",5,4,1,"25",0,0,0,0,0,,,0,,0
"RG4","IEEE-123-NODES","REGULATOR_160_67",0,0,300,20,10,10,2,8,1,5,"67",7,4,1,"160",0,0,0,0,0,,,0,,0
