DeviceNumber,NetworkId,EquipmentId,Status,ConnectionConfiguration,KVARA,KVARB,KVARC,KVLN,CapacitorControlType,OnValueA,OnValueB,OnValueC,OffValueA,OffValueB,OffValueC,SwitchingMode,InitiallyClosedPhase,CurrentClosedPhase,ControlledPhase,SensorLocation,ControlledNodeId,SymbolSize,LossesA,LossesB,LossesC,ByPhase,SwitchedKVARA,SwitchedKVARB,SwitchedKVARC,SwitchedLossesA,SwitchedLossesB,SwitchedLossesC,VoltageOverride,VoltageOverrideOn,VoltageOverrideOff,VoltageOverrideDeadband,CTConnection,InterruptingRating,PythonDeviceScriptID
"83","IEEE-123-NODES",,0,0,200,200,200,2.4,0,,,,,,,,,,,,,0,0,0,0,0,0,0,0,0,0,0,0,116,134,2,3,600,
"88","IEEE-123-NODES",,0,0,50,0,0,2.4,0,,,,,,,,,,,,,0,0,0,0,0,0,0,0,0,0,0,0,116,134,2,3,600,
"90","IEEE-123-NODES",,0,0,0,50,0,2.4,0,,,,,,,,,,,,,0,0,0,0,0,0,0,0,0,0,0,0,116,134,2,3,600,
"92","IEEE-123-NODES",,0,0,0,0,50,2.4,0,,,,,,,,,,,,,0,0,0,0,0,0,0,0,0,0,0,0,116,134,2,3,600,
