DeviceNumber,NetworkId,EquipmentId,ClosedPhase,GroundTripRating,PhaseTripRating,AlternateGroundTripRating,AlternatePhaseTripRating,NormalFeedingNodeId,NormalStatus,RemoteControlled,Locked,UseAlternate,SymbolSize,FaultIndicator,Automated,SensorMode,Status,X,Y,Strategic,RestorationMode,ByPassOnRestoration,Reversible
"13-152","IEEE-123-NODES","DEFAULT",7,0,0,0,0,"13",1,0,0,0,0,0,0,0,0,,,0,0,0,1
"150-149","IEEE-123-NODES","DEFAULT",7,0,0,0,0,"28663",1,0,0,0,0,0,0,0,0,,,0,0,0,1
"151-300","IEEE-123-NODES","DEFAULT",0,0,0,0,0,"151",1,0,0,0,0,0,0,0,0,,,0,0,0,1
"18-135","IEEE-123-NODES","DEFAULT",7,0,0,0,0,"18",1,0,0,0,0,0,0,0,0,,,0,0,0,1
"250-251","IEEE-123-NODES","DEFAULT",0,0,0,0,0,"250",1,0,0,0,0,0,0,0,0,,,0,0,0,1
"300-350","IEEE-123-NODES","DEFAULT",0,0,0,0,0,"300",1,0,0,0,0,0,0,0,0,,,0,0,0,1
"450-451","IEEE-123-NODES","DEFAULT",0,0,0,0,0,"450",1,0,0,0,0,0,0,0,0,,,0,0,0,1
"54-94","IEEE-123-NODES","DEFAULT",0,0,0,0,0,"94",1,0,0,0,0,0,0,0,0,470.323834,125.277419,0,0,0,1
"60-160","IEEE-123-NODES","DEFAULT",7,0,0,0,0,"60",1,0,0,0,0,0,0,0,0,,,0,0,0,1
"61-610","IEEE-123-NODES","DEFAULT",7,0,0,0,0,"61",1,0,0,0,0,0,0,0,0,,,0,0,0,1
"95-195","IEEE-123-NODES","DEFAULT",0,0,0,0,0,"95",1,0,0,0,0,0,0,0,0,,,0,0,0,1
"97-197","IEEE-123-NODES","DEFAULT",7,0,0,0,0,"197",1,0,0,0,0,0,0,0,0,,,0,0,0,1
