Month,Daytype,Hour,Heating,Cooling,Ventilation,Water_Heating,Cooking,Refrigeration,Exterior_Lighting,Interior_Lighting,Office_Equipment,Miscellaneous
1,WEEKDAY,0,0.0163,0.0000,0.0073,0.1178,0.4304,0.8125,0.2814,0.6611,0.0141,0.0631
1,WEEKDAY,1,0.0443,0.0000,0.0256,0.1152,0.2704,0.8014,0.2814,0.5257,0.0127,0.0601
1,WEEKDAY,2,0.0456,0.0000,0.0256,0.1152,0.1225,0.7910,0.2814,0.3955,0.0123,0.0563
1,WEEKDAY,3,0.0633,0.0000,0.0366,0.1152,0.0551,0.7821,0.2814,0.2867,0.0115,0.0494
1,WEEKDAY,4,0.0512,0.0000,0.0293,0.1152,0.0388,0.7732,0.2814,0.2091,0.0098,0.0347
1,WEEKDAY,5,0.0649,0.0000,0.0366,0.1191,0.0428,0.7781,0.2814,0.1586,0.0081,0.0214
1,WEEKDAY,6,0.0721,0.0000,0.0403,0.1543,0.0871,0.7701,0.2814,0.1344,0.0085,0.0182
1,WEEKDAY,7,0.0687,0.0000,0.0366,0.2683,0.2060,0.7644,0.1164,0.1434,0.1423,0.0259
1,WEEKDAY,8,0.0071,0.0000,0.0037,0.4847,0.4121,0.7588,0.0000,0.1736,0.1497,0.0394
1,WEEKDAY,9,0.0000,0.0225,0.0243,0.7550,0.6412,0.7737,0.0000,0.2085,0.1601,0.0528
1,WEEKDAY,10,0.0257,0.0543,0.0778,0.9563,0.7574,0.7870,0.0000,0.2452,0.1702,0.0601
1,WEEKDAY,11,0.0184,0.1088,0.1146,1.0254,0.8379,0.8042,0.0000,0.2825,0.1783,0.0602
1,WEEKDAY,12,0.0000,0.1693,0.1171,1.0379,0.9427,0.8273,0.0000,0.3392,0.1860,0.0602
1,WEEKDAY,13,0.0000,0.2004,0.1171,0.9992,1.1496,0.8549,0.0000,0.5228,0.1882,0.0618
1,WEEKDAY,14,0.0000,0.2171,0.1181,0.9768,1.2925,0.8981,0.0000,0.7795,0.1894,0.0728
1,WEEKDAY,15,0.0000,0.2161,0.1180,0.9865,1.3622,0.9200,0.0000,0.9332,0.1916,0.0899
1,WEEKDAY,16,0.4188,0.8956,0.4017,1.0161,1.4066,0.9160,0.0000,1.0010,0.1933,0.1010
1,WEEKDAY,17,0.3749,1.0256,0.4470,1.0192,1.4297,0.9133,0.2814,1.0227,0.1940,0.1077
1,WEEKDAY,18,0.3689,0.8434,0.4403,0.9793,1.4989,0.8978,0.2814,1.0291,0.1933,0.1095
1,WEEKDAY,19,0.3728,0.8335,0.4547,0.8145,1.4940,0.8857,0.2814,1.0222,0.1887,0.1089
1,WEEKDAY,20,0.3924,0.7580,0.4549,0.5246,1.3707,0.8759,0.2814,0.9726,0.1775,0.1016
1,WEEKDAY,21,0.3994,0.6873,0.3982,0.3406,1.1634,0.8557,0.2814,0.9185,0.1520,0.0925
1,WEEKDAY,22,0.3933,0.5876,0.3370,0.2143,0.9029,0.8464,0.2814,0.8566,0.0982,0.0777
1,WEEKDAY,23,0.4053,0.5029,0.3138,0.1412,0.6133,0.8233,0.2814,0.7833,0.0179,0.0680
1,SATURDAY,0,0.0000,0.0000,0.0000,0.1178,0.4304,0.8125,0.2814,0.6611,0.0141,0.0631
1,SATURDAY,1,0.1282,0.0000,0.0604,0.1152,0.2704,0.8014,0.2814,0.5257,0.0127,0.0601
1,SATURDAY,2,0.0000,0.0000,0.0000,0.1152,0.1225,0.7910,0.2814,0.3955,0.0123,0.0563
1,SATURDAY,3,0.1590,0.0000,0.0806,0.1152,0.0551,0.7821,0.2814,0.2867,0.0115,0.0494
1,SATURDAY,4,0.0385,0.0000,0.0201,0.1152,0.0388,0.7732,0.2814,0.2091,0.0098,0.0347
1,SATURDAY,5,0.1690,0.0000,0.0806,0.1191,0.0428,0.7781,0.2814,0.1586,0.0081,0.0214
1,SATURDAY,6,0.0428,0.0000,0.0201,0.1543,0.0871,0.7701,0.2814,0.1344,0.0085,0.0182
1,SATURDAY,7,0.1568,0.0000,0.0806,0.2683,0.2060,0.7644,0.1164,0.1434,0.1423,0.0259
1,SATURDAY,8,0.0000,0.0000,0.0000,0.4847,0.4121,0.7588,0.0000,0.1736,0.1497,0.0394
1,SATURDAY,9,0.0000,0.0208,0.0259,0.7550,0.6412,0.7737,0.0000,0.2085,0.1601,0.0528
1,SATURDAY,10,0.0000,0.0446,0.0356,0.9563,0.7574,0.7870,0.0000,0.2452,0.1702,0.0601
1,SATURDAY,11,0.0556,0.0556,0.1149,1.0254,0.8379,0.8042,0.0000,0.2825,0.1783,0.0602
1,SATURDAY,12,0.0000,0.1044,0.1174,1.0379,0.9427,0.8273,0.0000,0.3392,0.1860,0.0602
1,SATURDAY,13,0.0000,0.1396,0.1179,0.9992,1.1496,0.8549,0.0000,0.5228,0.1882,0.0618
1,SATURDAY,14,0.0000,0.1507,0.1191,0.9768,1.2925,0.8981,0.0000,0.7795,0.1894,0.0728
1,SATURDAY,15,0.0000,0.1544,0.1181,0.9865,1.3622,0.9200,0.0000,0.9332,0.1916,0.0899
1,SATURDAY,16,0.5452,0.8845,0.4247,1.0161,1.4066,0.9160,0.0000,1.0010,0.1933,0.1010
1,SATURDAY,17,0.4852,1.0266,0.4593,1.0192,1.4297,0.9133,0.2814,1.0227,0.1940,0.1077
1,SATURDAY,18,0.4457,0.8447,0.4489,0.9793,1.4989,0.8978,0.2814,1.0291,0.1933,0.1095
1,SATURDAY,19,0.4406,0.8395,0.4523,0.8145,1.4940,0.8857,0.2814,1.0222,0.1887,0.1089
1,SATURDAY,20,0.4749,0.7852,0.4460,0.5246,1.3707,0.8759,0.2814,0.9726,0.1775,0.1016
1,SATURDAY,21,0.4272,0.7258,0.3526,0.3406,1.1634,0.8557,0.2814,0.9185,0.1520,0.0925
1,SATURDAY,22,0.4155,0.6083,0.3299,0.2143,0.9029,0.8464,0.2814,0.8566,0.0982,0.0777
1,SATURDAY,23,0.3987,0.5250,0.3014,0.1412,0.6133,0.8233,0.2814,0.7833,0.0179,0.0680
1,SUNDAY,0,0.0488,0.0000,0.0201,0.1178,0.4304,0.8125,0.2814,0.6611,0.0141,0.0631
1,SUNDAY,1,0.0406,0.0000,0.0201,0.1152,0.2704,0.8014,0.2814,0.5257,0.0127,0.0601
1,SUNDAY,2,0.0441,0.0000,0.0201,0.1152,0.1225,0.7910,0.2814,0.3955,0.0123,0.0563
1,SUNDAY,3,0.0722,0.0000,0.0403,0.1152,0.0551,0.7821,0.2814,0.2867,0.0115,0.0494
1,SUNDAY,4,0.0780,0.0000,0.0403,0.1152,0.0388,0.7732,0.2814,0.2091,0.0098,0.0347
1,SUNDAY,5,0.0775,0.0000,0.0403,0.1191,0.0428,0.7781,0.2814,0.1586,0.0081,0.0214
1,SUNDAY,6,0.0773,0.0000,0.0403,0.1543,0.0871,0.7701,0.2814,0.1344,0.0085,0.0182
1,SUNDAY,7,0.0749,0.0000,0.0403,0.2683,0.2060,0.7644,0.1164,0.1434,0.1423,0.0259
1,SUNDAY,8,0.0000,0.0000,0.0000,0.4847,0.4121,0.7588,0.0000,0.1736,0.1497,0.0394
1,SUNDAY,9,0.0000,0.0217,0.0249,0.7550,0.6412,0.7737,0.0000,0.2085,0.1601,0.0528
1,SUNDAY,10,0.0135,0.0465,0.0534,0.9563,0.7574,0.7870,0.0000,0.2452,0.1702,0.0601
1,SUNDAY,11,0.0158,0.0721,0.1127,1.0254,0.8379,0.8042,0.0000,0.2825,0.1783,0.0602
1,SUNDAY,12,0.0000,0.1402,0.1153,1.0379,0.9427,0.8273,0.0000,0.3392,0.1860,0.0602
1,SUNDAY,13,0.0000,0.1713,0.1169,0.9992,1.1496,0.8549,0.0000,0.5228,0.1882,0.0618
1,SUNDAY,14,0.0000,0.1937,0.1169,0.9768,1.2925,0.8981,0.0000,0.7795,0.1894,0.0728
1,SUNDAY,15,0.0000,0.1996,0.1180,0.9865,1.3622,0.9200,0.0000,0.9332,0.1916,0.0899
1,SUNDAY,16,0.5319,0.9441,0.3835,1.0161,1.4066,0.9160,0.0000,1.0010,0.1933,0.1010
1,SUNDAY,17,0.4980,1.0681,0.4290,1.0192,1.4297,0.9133,0.2814,1.0227,0.1940,0.1077
1,SUNDAY,18,0.4655,0.8773,0.4079,0.9793,1.4989,0.8978,0.2814,1.0291,0.1933,0.1095
1,SUNDAY,19,0.4622,0.8747,0.4486,0.8145,1.4940,0.8857,0.2814,1.0222,0.1887,0.1089
1,SUNDAY,20,0.4744,0.8020,0.4064,0.5246,1.3707,0.8759,0.2814,0.9726,0.1775,0.1016
1,SUNDAY,21,0.4584,0.7336,0.3903,0.3406,1.1634,0.8557,0.2814,0.9185,0.1520,0.0925
1,SUNDAY,22,0.4375,0.6277,0.2961,0.2143,0.9029,0.8464,0.2814,0.8566,0.0982,0.0777
1,SUNDAY,23,0.4426,0.5113,0.3308,0.1412,0.6133,0.8233,0.2814,0.7833,0.0179,0.0680
1,HOLIDAY,0,0.0000,0.0000,0.0000,0.1178,0.3972,0.8107,0.2814,0.6573,0.0126,0.0607
1,HOLIDAY,1,0.0000,0.0000,0.0000,0.1152,0.2668,0.8003,0.2814,0.5252,0.0125,0.0598
1,HOLIDAY,2,0.0000,0.0000,0.0000,0.1152,0.1225,0.7903,0.2814,0.3955,0.0123,0.0563
1,HOLIDAY,3,0.0000,0.0000,0.0000,0.1152,0.0551,0.7819,0.2814,0.2867,0.0115,0.0494
1,HOLIDAY,4,0.0000,0.0000,0.0000,0.1152,0.0388,0.7732,0.2814,0.2088,0.0098,0.0347
1,HOLIDAY,5,0.0000,0.0000,0.0000,0.1191,0.0384,0.7780,0.2814,0.1560,0.0079,0.0210
1,HOLIDAY,6,0.0000,0.0000,0.0000,0.1543,0.0485,0.7695,0.2814,0.1284,0.0073,0.0148
1,HOLIDAY,7,0.0000,0.0000,0.0000,0.2683,0.0808,0.7623,0.1164,0.1322,0.1385,0.0163
1,HOLIDAY,8,0.0000,0.0000,0.0000,0.4847,0.1406,0.7547,0.0000,0.1543,0.1413,0.0214
1,HOLIDAY,9,0.0000,0.0243,0.0109,0.7550,0.2226,0.7681,0.0000,0.1828,0.1471,0.0266
1,HOLIDAY,10,0.0398,0.0565,0.0936,0.9563,0.3171,0.7808,0.0000,0.2185,0.1561,0.0317
1,HOLIDAY,11,0.0000,0.1499,0.0925,1.0254,0.3632,0.7979,0.0000,0.2558,0.1642,0.0317
1,HOLIDAY,12,0.0000,0.1745,0.0933,1.0379,0.4668,0.8211,0.0000,0.3124,0.1718,0.0317
1,HOLIDAY,13,0.0000,0.1929,0.0928,0.9992,0.7005,0.8487,0.0000,0.4961,0.1741,0.0333
1,HOLIDAY,14,0.0000,0.2122,0.0928,0.9768,0.8619,0.8919,0.0000,0.7528,0.1753,0.0442
1,HOLIDAY,15,0.0000,0.2213,0.0929,0.9865,0.9368,0.9139,0.0000,0.9064,0.1775,0.0613
1,HOLIDAY,16,0.5404,0.8519,0.4375,1.0161,0.9662,0.9100,0.0000,0.9743,0.1792,0.0724
1,HOLIDAY,17,0.4219,1.0318,0.4130,1.0192,0.9714,0.9075,0.2814,0.9960,0.1799,0.0792
1,HOLIDAY,18,0.3792,0.8776,0.4726,0.9793,1.0372,0.8922,0.2814,1.0024,0.1792,0.0811
1,HOLIDAY,19,0.3627,0.8906,0.3821,0.8145,1.0444,0.8805,0.2814,0.9955,0.1747,0.0813
1,HOLIDAY,20,0.3625,0.8264,0.4737,0.5246,0.9524,0.8713,0.2814,0.9460,0.1643,0.0761
1,HOLIDAY,21,0.3263,0.7430,0.4436,0.3406,0.8125,0.8517,0.2814,0.8937,0.1407,0.0710
1,HOLIDAY,22,0.3387,0.6216,0.4409,0.2143,0.6535,0.8431,0.2814,0.8389,0.0903,0.0634
1,HOLIDAY,23,0.3869,0.5132,0.3427,0.1412,0.4991,0.8208,0.2814,0.7730,0.0136,0.0608
2,WEEKDAY,0,0.0000,0.0000,0.0000,0.1213,0.4304,0.8148,0.2814,0.6611,0.0141,0.0631
2,WEEKDAY,1,0.0071,0.0000,0.0042,0.1186,0.2704,0.8033,0.2814,0.5257,0.0127,0.0601
2,WEEKDAY,2,0.0069,0.0000,0.0042,0.1186,0.1225,0.7928,0.2814,0.3955,0.0123,0.0563
2,WEEKDAY,3,0.0070,0.0000,0.0042,0.1186,0.0551,0.7832,0.2814,0.2867,0.0115,0.0494
2,WEEKDAY,4,0.0197,0.0000,0.0127,0.1186,0.0388,0.7742,0.2814,0.2091,0.0098,0.0347
2,WEEKDAY,5,0.0136,0.0000,0.0085,0.1227,0.0428,0.7783,0.2814,0.1586,0.0081,0.0214
2,WEEKDAY,6,0.0400,0.0000,0.0254,0.1589,0.0871,0.7702,0.2814,0.1344,0.0085,0.0182
2,WEEKDAY,7,0.0189,0.0000,0.0127,0.2762,0.2060,0.7642,0.0000,0.1434,0.1423,0.0259
2,WEEKDAY,8,0.0000,0.0000,0.0000,0.4991,0.4121,0.7612,0.0000,0.1736,0.1497,0.0394
2,WEEKDAY,9,0.0078,0.0306,0.0396,0.7775,0.6412,0.7791,0.0000,0.2085,0.1601,0.0528
2,WEEKDAY,10,0.0183,0.0921,0.1109,0.9847,0.7574,0.7928,0.0000,0.2452,0.1702,0.0601
2,WEEKDAY,11,0.0000,0.1748,0.1163,1.0559,0.8379,0.8102,0.0000,0.2825,0.1783,0.0602
2,WEEKDAY,12,0.0000,0.2302,0.1194,1.0687,0.9427,0.8338,0.0000,0.3392,0.1860,0.0602
2,WEEKDAY,13,0.0000,0.2699,0.1205,1.0290,1.1496,0.8612,0.0000,0.5228,0.1882,0.0618
2,WEEKDAY,14,0.0000,0.2849,0.1212,1.0059,1.2925,0.9048,0.0000,0.7795,0.1894,0.0728
2,WEEKDAY,15,0.0000,0.2912,0.1224,1.0158,1.3622,0.9265,0.0000,0.9332,0.1916,0.0899
2,WEEKDAY,16,0.2362,1.1239,0.3924,1.0464,1.4066,0.9223,0.0000,1.0010,0.1933,0.1010
2,WEEKDAY,17,0.2236,1.2065,0.4482,1.0495,1.4297,0.9213,0.0000,1.0227,0.1940,0.1077
2,WEEKDAY,18,0.2166,0.9706,0.4280,1.0085,1.4989,0.9041,0.2814,1.0291,0.1933,0.1095
2,WEEKDAY,19,0.2240,0.9588,0.4519,0.8386,1.4940,0.8910,0.2814,1.0222,0.1887,0.1089
2,WEEKDAY,20,0.2324,0.8625,0.4373,0.5404,1.3707,0.8800,0.2814,0.9726,0.1775,0.1016
2,WEEKDAY,21,0.2451,0.7628,0.4288,0.3507,1.1634,0.8592,0.2814,0.9185,0.1520,0.0925
2,WEEKDAY,22,0.2419,0.6421,0.3585,0.2207,0.9029,0.8495,0.2814,0.8566,0.0982,0.0777
2,WEEKDAY,23,0.2443,0.5400,0.3251,0.1453,0.6133,0.8258,0.2814,0.7833,0.0179,0.0680
2,SATURDAY,0,0.0000,0.0000,0.0000,0.1213,0.4304,0.8148,0.2814,0.6611,0.0141,0.0631
2,SATURDAY,1,0.0312,0.0000,0.0201,0.1186,0.2704,0.8033,0.2814,0.5257,0.0127,0.0601
2,SATURDAY,2,0.0000,0.0000,0.0000,0.1186,0.1225,0.7928,0.2814,0.3955,0.0123,0.0563
2,SATURDAY,3,0.0624,0.0000,0.0403,0.1186,0.0551,0.7832,0.2814,0.2867,0.0115,0.0494
2,SATURDAY,4,0.0000,0.0000,0.0000,0.1186,0.0388,0.7742,0.2814,0.2091,0.0098,0.0347
2,SATURDAY,5,0.0319,0.0000,0.0201,0.1227,0.0428,0.7783,0.2814,0.1586,0.0081,0.0214
2,SATURDAY,6,0.0333,0.0000,0.0201,0.1589,0.0871,0.7702,0.2814,0.1344,0.0085,0.0182
2,SATURDAY,7,0.0323,0.0000,0.0201,0.2762,0.2060,0.7642,0.0000,0.1434,0.1423,0.0259
2,SATURDAY,8,0.0000,0.0000,0.0000,0.4991,0.4121,0.7612,0.0000,0.1736,0.1497,0.0394
2,SATURDAY,9,0.0129,0.0253,0.0427,0.7775,0.6412,0.7791,0.0000,0.2085,0.1601,0.0528
2,SATURDAY,10,0.0119,0.0797,0.1141,0.9847,0.7574,0.7928,0.0000,0.2452,0.1702,0.0601
2,SATURDAY,11,0.0000,0.1599,0.1154,1.0559,0.8379,0.8102,0.0000,0.2825,0.1783,0.0602
2,SATURDAY,12,0.0000,0.2066,0.1182,1.0687,0.9427,0.8338,0.0000,0.3392,0.1860,0.0602
2,SATURDAY,13,0.0000,0.2422,0.1192,1.0290,1.1496,0.8612,0.0000,0.5228,0.1882,0.0618
2,SATURDAY,14,0.0000,0.2501,0.1194,1.0059,1.2925,0.9048,0.0000,0.7795,0.1894,0.0728
2,SATURDAY,15,0.0000,0.2536,0.1209,1.0158,1.3622,0.9265,0.0000,0.9332,0.1916,0.0899
2,SATURDAY,16,0.4201,0.9015,0.4283,1.0464,1.4066,0.9223,0.0000,1.0010,0.1933,0.1010
2,SATURDAY,17,0.3914,1.0101,0.5036,1.0495,1.4297,0.9213,0.0000,1.0227,0.1940,0.1077
2,SATURDAY,18,0.4003,0.8284,0.4870,1.0085,1.4989,0.9041,0.2814,1.0291,0.1933,0.1095
2,SATURDAY,19,0.4244,0.8047,0.4943,0.8386,1.4940,0.8910,0.2814,1.0222,0.1887,0.1089
2,SATURDAY,20,0.4426,0.7288,0.4882,0.5404,1.3707,0.8800,0.2814,0.9726,0.1775,0.1016
2,SATURDAY,21,0.4726,0.6413,0.4558,0.3507,1.1634,0.8592,0.2814,0.9185,0.1520,0.0925
2,SATURDAY,22,0.4673,0.5455,0.3686,0.2207,0.9029,0.8495,0.2814,0.8566,0.0982,0.0777
2,SATURDAY,23,0.4880,0.4622,0.3392,0.1453,0.6133,0.8258,0.2814,0.7833,0.0179,0.0680
2,SUNDAY,0,0.0000,0.0000,0.0000,0.1213,0.4304,0.8148,0.2814,0.6611,0.0141,0.0631
2,SUNDAY,1,0.0000,0.0000,0.0000,0.1186,0.2704,0.8033,0.2814,0.5257,0.0127,0.0601
2,SUNDAY,2,0.0000,0.0000,0.0000,0.1186,0.1225,0.7928,0.2814,0.3955,0.0123,0.0563
2,SUNDAY,3,0.0000,0.0000,0.0000,0.1186,0.0551,0.7832,0.2814,0.2867,0.0115,0.0494
2,SUNDAY,4,0.0635,0.0000,0.0403,0.1186,0.0388,0.7742,0.2814,0.2091,0.0098,0.0347
2,SUNDAY,5,0.0000,0.0000,0.0000,0.1227,0.0428,0.7783,0.2814,0.1586,0.0081,0.0214
2,SUNDAY,6,0.0617,0.0000,0.0403,0.1589,0.0871,0.7702,0.2814,0.1344,0.0085,0.0182
2,SUNDAY,7,0.0000,0.0000,0.0000,0.2762,0.2060,0.7642,0.0000,0.1434,0.1423,0.0259
2,SUNDAY,8,0.0000,0.0000,0.0000,0.4991,0.4121,0.7612,0.0000,0.1736,0.1497,0.0394
2,SUNDAY,9,0.0128,0.0257,0.0431,0.7775,0.6412,0.7791,0.0000,0.2085,0.1601,0.0528
2,SUNDAY,10,0.0090,0.0834,0.0959,0.9847,0.7574,0.7928,0.0000,0.2452,0.1702,0.0601
2,SUNDAY,11,0.0080,0.1592,0.1175,1.0559,0.8379,0.8102,0.0000,0.2825,0.1783,0.0602
2,SUNDAY,12,0.0000,0.2293,0.1208,1.0687,0.9427,0.8338,0.0000,0.3392,0.1860,0.0602
2,SUNDAY,13,0.0000,0.2692,0.1226,1.0290,1.1496,0.8612,0.0000,0.5228,0.1882,0.0618
2,SUNDAY,14,0.0000,0.2895,0.1246,1.0059,1.2925,0.9048,0.0000,0.7795,0.1894,0.0728
2,SUNDAY,15,0.0000,0.2959,0.1263,1.0158,1.3622,0.9265,0.0000,0.9332,0.1916,0.0899
2,SUNDAY,16,0.2755,0.9844,0.3929,1.0464,1.4066,0.9223,0.0000,1.0010,0.1933,0.1010
2,SUNDAY,17,0.2742,1.0837,0.5085,1.0495,1.4297,0.9213,0.0000,1.0227,0.1940,0.1077
2,SUNDAY,18,0.2795,0.8648,0.4615,1.0085,1.4989,0.9041,0.2814,1.0291,0.1933,0.1095
2,SUNDAY,19,0.2757,0.8540,0.4985,0.8386,1.4940,0.8910,0.2814,1.0222,0.1887,0.1089
2,SUNDAY,20,0.2849,0.7643,0.4751,0.5404,1.3707,0.8800,0.2814,0.9726,0.1775,0.1016
2,SUNDAY,21,0.2942,0.6819,0.4585,0.3507,1.1634,0.8592,0.2814,0.9185,0.1520,0.0925
2,SUNDAY,22,0.2861,0.5749,0.3921,0.2207,0.9029,0.8495,0.2814,0.8566,0.0982,0.0777
2,SUNDAY,23,0.3045,0.4938,0.3346,0.1453,0.6133,0.8258,0.2814,0.7833,0.0179,0.0680
2,HOLIDAY,0,0.0000,0.0000,0.0000,0.1213,0.4304,0.8148,0.2814,0.6611,0.0141,0.0631
2,HOLIDAY,1,0.0000,0.0000,0.0000,0.1186,0.2704,0.8033,0.2814,0.5257,0.0127,0.0601
2,HOLIDAY,2,0.0000,0.0000,0.0000,0.1186,0.1225,0.7928,0.2814,0.3955,0.0123,0.0563
2,HOLIDAY,3,0.1270,0.0000,0.0806,0.1186,0.0551,0.7832,0.2814,0.2867,0.0115,0.0494
2,HOLIDAY,4,0.0000,0.0000,0.0000,0.1186,0.0388,0.7742,0.2814,0.2091,0.0098,0.0347
2,HOLIDAY,5,0.1261,0.0000,0.0806,0.1227,0.0428,0.7783,0.2814,0.1586,0.0081,0.0214
2,HOLIDAY,6,0.0000,0.0000,0.0000,0.1589,0.0871,0.7702,0.2814,0.1344,0.0085,0.0182
2,HOLIDAY,7,0.1297,0.0000,0.0806,0.2762,0.2060,0.7642,0.0000,0.1434,0.1423,0.0259
2,HOLIDAY,8,0.0000,0.0000,0.0000,0.4991,0.4121,0.7612,0.0000,0.1736,0.1497,0.0394
2,HOLIDAY,9,0.0000,0.0225,0.0228,0.7775,0.6412,0.7791,0.0000,0.2085,0.1601,0.0528
2,HOLIDAY,10,0.0414,0.0475,0.1120,0.9847,0.7574,0.7928,0.0000,0.2452,0.1702,0.0601
2,HOLIDAY,11,0.0000,0.1259,0.1119,1.0559,0.8379,0.8102,0.0000,0.2825,0.1783,0.0602
2,HOLIDAY,12,0.0000,0.1527,0.1149,1.0687,0.9427,0.8338,0.0000,0.3392,0.1860,0.0602
2,HOLIDAY,13,0.0000,0.1883,0.1178,1.0290,1.1496,0.8612,0.0000,0.5228,0.1882,0.0618
2,HOLIDAY,14,0.0000,0.1929,0.1172,1.0059,1.2925,0.9048,0.0000,0.7795,0.1894,0.0728
2,HOLIDAY,15,0.0000,0.2265,0.1156,1.0158,1.3622,0.9265,0.0000,0.9332,0.1916,0.0899
2,HOLIDAY,16,1.2000,0.7192,0.4592,1.0464,1.4066,0.9223,0.0000,1.0010,0.1933,0.1010
2,HOLIDAY,17,1.1007,0.8022,0.4882,1.0495,1.4297,0.9213,0.0000,1.0227,0.1940,0.1077
2,HOLIDAY,18,1.0302,0.6762,0.4802,1.0085,1.4989,0.9041,0.2814,1.0291,0.1933,0.1095
2,HOLIDAY,19,0.9959,0.6714,0.4828,0.8386,1.4940,0.8910,0.2814,1.0222,0.1887,0.1089
2,HOLIDAY,20,0.9830,0.6045,0.4784,0.5404,1.3707,0.8800,0.2814,0.9726,0.1775,0.1016
2,HOLIDAY,21,1.0019,0.5338,0.4655,0.3507,1.1634,0.8592,0.2814,0.9185,0.1520,0.0925
2,HOLIDAY,22,0.9666,0.4483,0.3584,0.2207,0.9029,0.8495,0.2814,0.8566,0.0982,0.0777
2,HOLIDAY,23,0.8886,0.3905,0.3315,0.1453,0.6133,0.8258,0.2814,0.7833,0.0179,0.0680
3,WEEKDAY,0,0.0000,0.0020,0.0115,0.1193,0.4304,0.8226,0.2814,0.6611,0.0141,0.0631
3,WEEKDAY,1,0.0000,0.0007,0.0077,0.1166,0.2704,0.8105,0.2814,0.5257,0.0127,0.0601
3,WEEKDAY,2,0.0000,0.0000,0.0038,0.1166,0.1225,0.7993,0.2814,0.3955,0.0123,0.0563
3,WEEKDAY,3,0.0000,0.0000,0.0000,0.1166,0.0551,0.7894,0.2814,0.2867,0.0115,0.0494
3,WEEKDAY,4,0.0066,0.0000,0.0038,0.1166,0.0388,0.7802,0.2814,0.2091,0.0098,0.0347
3,WEEKDAY,5,0.0000,0.0000,0.0000,0.1206,0.0428,0.7848,0.2814,0.1586,0.0081,0.0214
3,WEEKDAY,6,0.0060,0.0000,0.0038,0.1561,0.0871,0.7767,0.0000,0.1344,0.0085,0.0182
3,WEEKDAY,7,0.0064,0.0000,0.0115,0.2715,0.2060,0.7731,0.0000,0.1434,0.1423,0.0259
3,WEEKDAY,8,0.0063,0.0083,0.0269,0.4906,0.4121,0.7759,0.0000,0.1736,0.1497,0.0394
3,WEEKDAY,9,0.0135,0.0892,0.1011,0.7640,0.6412,0.7949,0.0000,0.2085,0.1601,0.0528
3,WEEKDAY,10,0.0014,0.2093,0.1193,0.9678,0.7574,0.8085,0.0000,0.2452,0.1702,0.0601
3,WEEKDAY,11,0.0000,0.2593,0.1208,1.0378,0.8379,0.8257,0.0000,0.2825,0.1783,0.0602
3,WEEKDAY,12,0.0000,0.3305,0.1249,1.0504,0.9427,0.8504,0.0000,0.3392,0.1860,0.0602
3,WEEKDAY,13,0.0000,0.3668,0.1258,1.0113,1.1496,0.8784,0.0000,0.5228,0.1882,0.0618
3,WEEKDAY,14,0.0000,0.3838,0.1269,0.9886,1.2925,0.9230,0.0000,0.7795,0.1894,0.0728
3,WEEKDAY,15,0.0000,0.4008,0.1291,0.9984,1.3622,0.9445,0.0000,0.9332,0.1916,0.0899
3,WEEKDAY,16,0.0578,1.4435,0.3649,1.0284,1.4066,0.9398,0.0000,1.0010,0.1933,0.1010
3,WEEKDAY,17,0.0591,1.5205,0.4236,1.0315,1.4297,0.9387,0.0000,1.0227,0.1940,0.1077
3,WEEKDAY,18,0.0659,1.1990,0.3895,0.9912,1.4989,0.9202,0.2814,1.0291,0.1933,0.1095
3,WEEKDAY,19,0.0710,1.1447,0.4082,0.8242,1.4940,0.9045,0.2814,1.0222,0.1887,0.1089
3,WEEKDAY,20,0.0831,1.0350,0.4137,0.5311,1.3707,0.8924,0.2814,0.9726,0.1775,0.1016
3,WEEKDAY,21,0.0960,0.9188,0.4083,0.3447,1.1634,0.8701,0.2814,0.9185,0.1520,0.0925
3,WEEKDAY,22,0.1096,0.7532,0.3790,0.2168,0.9029,0.8595,0.2814,0.8566,0.0982,0.0777
3,WEEKDAY,23,0.1231,0.6195,0.3215,0.1429,0.6133,0.8350,0.2814,0.7833,0.0179,0.0680
3,SATURDAY,0,0.0000,0.0028,0.0161,0.1193,0.4304,0.8226,0.2814,0.6611,0.0141,0.0631
3,SATURDAY,1,0.0000,0.0000,0.0000,0.1166,0.2704,0.8105,0.2814,0.5257,0.0127,0.0601
3,SATURDAY,2,0.0000,0.0000,0.0000,0.1166,0.1225,0.7993,0.2814,0.3955,0.0123,0.0563
3,SATURDAY,3,0.0000,0.0000,0.0000,0.1166,0.0551,0.7894,0.2814,0.2867,0.0115,0.0494
3,SATURDAY,4,0.0000,0.0000,0.0000,0.1166,0.0388,0.7802,0.2814,0.2091,0.0098,0.0347
3,SATURDAY,5,0.0000,0.0000,0.0000,0.1206,0.0428,0.7848,0.2814,0.1586,0.0081,0.0214
3,SATURDAY,6,0.0252,0.0000,0.0161,0.1561,0.0871,0.7767,0.0000,0.1344,0.0085,0.0182
3,SATURDAY,7,0.0119,0.0000,0.0161,0.2715,0.2060,0.7731,0.0000,0.1434,0.1423,0.0259
3,SATURDAY,8,0.0000,0.0090,0.0161,0.4906,0.4121,0.7759,0.0000,0.1736,0.1497,0.0394
3,SATURDAY,9,0.0202,0.0784,0.0889,0.7640,0.6412,0.7949,0.0000,0.2085,0.1601,0.0528
3,SATURDAY,10,0.0000,0.1917,0.1196,0.9678,0.7574,0.8085,0.0000,0.2452,0.1702,0.0601
3,SATURDAY,11,0.0000,0.2475,0.1205,1.0378,0.8379,0.8257,0.0000,0.2825,0.1783,0.0602
3,SATURDAY,12,0.0000,0.3031,0.1239,1.0504,0.9427,0.8504,0.0000,0.3392,0.1860,0.0602
3,SATURDAY,13,0.0000,0.3405,0.1251,1.0113,1.1496,0.8784,0.0000,0.5228,0.1882,0.0618
3,SATURDAY,14,0.0000,0.3588,0.1258,0.9886,1.2925,0.9230,0.0000,0.7795,0.1894,0.0728
3,SATURDAY,15,0.0000,0.3700,0.1261,0.9984,1.3622,0.9445,0.0000,0.9332,0.1916,0.0899
3,SATURDAY,16,0.1763,1.4022,0.4100,1.0284,1.4066,0.9398,0.0000,1.0010,0.1933,0.1010
3,SATURDAY,17,0.1748,1.5023,0.4465,1.0315,1.4297,0.9387,0.0000,1.0227,0.1940,0.1077
3,SATURDAY,18,0.1983,1.1986,0.4403,0.9912,1.4989,0.9202,0.2814,1.0291,0.1933,0.1095
3,SATURDAY,19,0.2197,1.1558,0.4411,0.8242,1.4940,0.9045,0.2814,1.0222,0.1887,0.1089
3,SATURDAY,20,0.2441,1.0428,0.4322,0.5311,1.3707,0.8924,0.2814,0.9726,0.1775,0.1016
3,SATURDAY,21,0.2530,0.9183,0.4178,0.3447,1.1634,0.8701,0.2814,0.9185,0.1520,0.0925
3,SATURDAY,22,0.2497,0.7787,0.3421,0.2168,0.9029,0.8595,0.2814,0.8566,0.0982,0.0777
3,SATURDAY,23,0.2604,0.6466,0.3033,0.1429,0.6133,0.8350,0.2814,0.7833,0.0179,0.0680
3,SUNDAY,0,0.0000,0.0040,0.0161,0.1193,0.3520,0.8100,0.2814,0.5518,0.0126,0.0528
3,SUNDAY,1,0.0000,0.0012,0.0161,0.1166,0.2238,0.8001,0.2814,0.4434,0.0115,0.0503
3,SUNDAY,2,0.0000,0.0000,0.0000,0.1166,0.1055,0.7911,0.2814,0.3392,0.0112,0.0473
3,SUNDAY,3,0.0000,0.0000,0.0000,0.1166,0.0515,0.7831,0.2814,0.2522,0.0105,0.0418
3,SUNDAY,4,0.0000,0.0000,0.0000,0.1166,0.0385,0.7758,0.2814,0.1903,0.0092,0.0300
3,SUNDAY,5,0.0000,0.0000,0.0000,0.1206,0.0419,0.7819,0.2814,0.1506,0.0078,0.0194
3,SUNDAY,6,0.0000,0.0000,0.0000,0.1561,0.0794,0.7751,0.0000,0.1322,0.0082,0.0168
3,SUNDAY,7,0.0093,0.0000,0.0161,0.2715,0.1809,0.7721,0.0000,0.1405,0.1155,0.0230
3,SUNDAY,8,0.0094,0.0096,0.0322,0.4906,0.3575,0.7748,0.0000,0.1667,0.1219,0.0338
3,SUNDAY,9,0.0186,0.0736,0.1006,0.7640,0.5565,0.7928,0.0000,0.1972,0.1310,0.0445
3,SUNDAY,10,0.0000,0.1789,0.1122,0.9678,0.6678,0.8047,0.0000,0.2290,0.1400,0.0503
3,SUNDAY,11,0.0000,0.2142,0.1135,1.0378,0.7389,0.8198,0.0000,0.2592,0.1466,0.0504
3,SUNDAY,12,0.0000,0.2766,0.1167,1.0504,0.8238,0.8422,0.0000,0.3045,0.1527,0.0504
3,SUNDAY,13,0.0000,0.3076,0.1182,1.0113,0.9856,0.8652,0.0000,0.4515,0.1545,0.0517
3,SUNDAY,14,0.0000,0.3241,0.1181,0.9886,1.0978,0.9038,0.0000,0.6568,0.1555,0.0605
3,SUNDAY,15,0.0000,0.3331,0.1203,0.9984,1.1546,0.9215,0.0000,0.7797,0.1572,0.0741
3,SUNDAY,16,0.2660,0.9966,0.3453,1.0284,1.1929,0.9156,0.0000,0.8340,0.1586,0.0830
3,SUNDAY,17,0.2505,1.0596,0.3792,1.0315,1.2116,0.9144,0.0000,0.8513,0.1591,0.0884
3,SUNDAY,18,0.2475,0.8468,0.3816,0.9912,1.2640,0.8966,0.2814,0.8565,0.1585,0.0899
3,SUNDAY,19,0.2609,0.8141,0.3823,0.8242,1.2511,0.8824,0.2814,0.8504,0.1545,0.0894
3,SUNDAY,20,0.2878,0.7246,0.3753,0.5311,1.1379,0.8721,0.2814,0.8080,0.1448,0.0836
3,SUNDAY,21,0.2914,0.6422,0.3479,0.3447,0.9570,0.8516,0.2814,0.7622,0.1239,0.0762
3,SUNDAY,22,0.2901,0.5104,0.3251,0.2168,0.7373,0.8428,0.2814,0.7106,0.0804,0.0644
3,SUNDAY,23,0.2628,0.4352,0.2682,0.1429,0.5000,0.8202,0.2814,0.6501,0.0158,0.0567
3,HOLIDAY,0,0.0000,0.0000,0.0000,0.0000,0.0000,0.0000,0.0000,0.0000,0.0000,0.0000
3,HOLIDAY,1,0.0000,0.0000,0.0000,0.0000,0.0000,0.0000,0.0000,0.0000,0.0000,0.0000
3,HOLIDAY,2,0.0000,0.0000,0.0000,0.0000,0.0000,0.0000,0.0000,0.0000,0.0000,0.0000
3,HOLIDAY,3,0.0000,0.0000,0.0000,0.0000,0.0000,0.0000,0.0000,0.0000,0.0000,0.0000
3,HOLIDAY,4,0.0000,0.0000,0.0000,0.0000,0.0000,0.0000,0.0000,0.0000,0.0000,0.0000
3,HOLIDAY,5,0.0000,0.0000,0.0000,0.0000,0.0000,0.0000,0.0000,0.0000,0.0000,0.0000
3,HOLIDAY,6,0.0000,0.0000,0.0000,0.0000,0.0000,0.0000,0.0000,0.0000,0.0000,0.0000
3,HOLIDAY,7,0.0000,0.0000,0.0000,0.0000,0.0000,0.0000,0.0000,0.0000,0.0000,0.0000
3,HOLIDAY,8,0.0000,0.0000,0.0000,0.0000,0.0000,0.0000,0.0000,0.0000,0.0000,0.0000
3,HOLIDAY,9,0.0000,0.0000,0.0000,0.0000,0.0000,0.0000,0.0000,0.0000,0.0000,0.0000
3,HOLIDAY,10,0.0000,0.0000,0.0000,0.0000,0.0000,0.0000,0.0000,0.0000,0.0000,0.0000
3,HOLIDAY,11,0.0000,0.0000,0.0000,0.0000,0.0000,0.0000,0.0000,0.0000,0.0000,0.0000
3,HOLIDAY,12,0.0000,0.0000,0.0000,0.0000,0.0000,0.0000,0.0000,0.0000,0.0000,0.0000
3,HOLIDAY,13,0.0000,0.0000,0.0000,0.0000,0.0000,0.0000,0.0000,0.0000,0.0000,0.0000
3,HOLIDAY,14,0.0000,0.0000,0.0000,0.0000,0.0000,0.0000,0.0000,0.0000,0.0000,0.0000
3,HOLIDAY,15,0.0000,0.0000,0.0000,0.0000,0.0000,0.0000,0.0000,0.0000,0.0000,0.0000
3,HOLIDAY,16,0.0000,0.0000,0.0000,0.0000,0.0000,0.0000,0.0000,0.0000,0.0000,0.0000
3,HOLIDAY,17,0.0000,0.0000,0.0000,0.0000,0.0000,0.0000,0.0000,0.0000,0.0000,0.0000
3,HOLIDAY,18,0.0000,0.0000,0.0000,0.0000,0.0000,0.0000,0.0000,0.0000,0.0000,0.0000
3,HOLIDAY,19,0.0000,0.0000,0.0000,0.0000,0.0000,0.0000,0.0000,0.0000,0.0000,0.0000
3,HOLIDAY,20,0.0000,0.0000,0.0000,0.0000,0.0000,0.0000,0.0000,0.0000,0.0000,0.0000
3,HOLIDAY,21,0.0000,0.0000,0.0000,0.0000,0.0000,0.0000,0.0000,0.0000,0.0000,0.0000
3,HOLIDAY,22,0.0000,0.0000,0.0000,0.0000,0.0000,0.0000,0.0000,0.0000,0.0000,0.0000
3,HOLIDAY,23,0.0000,0.0000,0.0000,0.0000,0.0000,0.0000,0.0000,0.0000,0.0000,0.0000
4,WEEKDAY,0,0.0000,0.0148,0.0403,0.1110,0.3068,0.8189,0.2814,0.5565,0.0130,0.0608
4,WEEKDAY,1,0.0000,0.0071,0.0293,0.1104,0.1561,0.8074,0.2814,0.4251,0.0124,0.0571
4,WEEKDAY,2,0.0014,0.0047,0.0256,0.1104,0.0704,0.7973,0.2814,0.3114,0.0117,0.0510
4,WEEKDAY,3,0.0000,0.0024,0.0183,0.1104,0.0425,0.7878,0.2814,0.2268,0.0102,0.0380
4,WEEKDAY,4,0.0013,0.0014,0.0110,0.1133,0.0419,0.7888,0.2814,0.1701,0.0085,0.0244
4,WEEKDAY,5,0.0000,0.0010,0.0037,0.1402,0.0770,0.7841,0.2814,0.1399,0.0084,0.0189
4,WEEKDAY,6,0.0078,0.0047,0.0293,0.2323,0.1790,0.7840,0.0640,0.1413,0.1119,0.0242
4,WEEKDAY,7,0.0177,0.0253,0.0696,0.4175,0.3653,0.7866,0.0000,0.1667,0.1480,0.0364
4,WEEKDAY,8,0.0034,0.1195,0.1010,0.6649,0.5891,0.8026,0.0000,0.2006,0.1577,0.0498
4,WEEKDAY,9,0.0000,0.2361,0.1192,0.8729,0.7310,0.8178,0.0000,0.2369,0.1679,0.0584
4,WEEKDAY,10,0.0000,0.3042,0.1234,0.9679,0.8196,0.8337,0.0000,0.2740,0.1765,0.0602
4,WEEKDAY,11,0.0000,0.3689,0.1261,0.9922,0.9188,0.8566,0.0000,0.3263,0.1842,0.0602
4,WEEKDAY,12,0.0000,0.4106,0.1283,0.9663,1.1026,0.8834,0.0000,0.4811,0.1877,0.0615
4,WEEKDAY,13,0.0000,0.4412,0.1301,0.9413,1.2600,0.9238,0.0000,0.7212,0.1892,0.0703
4,WEEKDAY,14,0.0000,0.4568,0.1313,0.9436,1.3464,0.9505,0.0000,0.8982,0.1911,0.0860
4,WEEKDAY,15,0.0312,1.3508,0.3141,0.9676,1.3965,0.9511,0.0000,0.9856,0.1930,0.0985
4,WEEKDAY,16,0.0185,1.9386,0.4216,0.9763,1.4245,0.9490,0.0000,1.0178,0.1938,0.1062
4,WEEKDAY,17,0.0340,1.7501,0.4139,0.9475,1.4832,0.9348,0.0000,1.0277,0.1935,0.1091
4,WEEKDAY,18,0.0583,1.5204,0.3975,0.8166,1.4951,0.9180,0.0000,1.0238,0.1897,0.1091
4,WEEKDAY,19,0.0668,1.3670,0.3933,0.5661,1.3987,0.9035,0.2174,0.9839,0.1800,0.1033
4,WEEKDAY,20,0.0728,1.2003,0.3753,0.3666,1.2105,0.8820,0.2814,0.9308,0.1578,0.0945
4,WEEKDAY,21,0.0814,1.0148,0.3602,0.2329,0.9621,0.8680,0.2814,0.8707,0.1105,0.0810
4,WEEKDAY,22,0.0867,0.8435,0.3149,0.1512,0.6791,0.8464,0.2814,0.7999,0.0362,0.0702
4,WEEKDAY,23,0.0013,0.2523,0.0944,0.1179,0.4720,0.8323,0.2814,0.6889,0.0150,0.0643
4,SATURDAY,0,0.0077,0.0118,0.0403,0.1110,0.3104,0.8192,0.2814,0.5595,0.0131,0.0608
4,SATURDAY,1,0.0000,0.0094,0.0201,0.1104,0.1595,0.8077,0.2814,0.4280,0.0124,0.0572
4,SATURDAY,2,0.0000,0.0070,0.0201,0.1104,0.0719,0.7975,0.2814,0.3139,0.0117,0.0511
4,SATURDAY,3,0.0000,0.0047,0.0201,0.1104,0.0429,0.7880,0.2814,0.2285,0.0102,0.0384
4,SATURDAY,4,0.0000,0.0018,0.0201,0.1132,0.0418,0.7887,0.2814,0.1712,0.0085,0.0247
4,SATURDAY,5,0.0000,0.0013,0.0201,0.1395,0.0760,0.7843,0.2814,0.1405,0.0084,0.0190
4,SATURDAY,6,0.0221,0.0088,0.0604,0.2298,0.1763,0.7839,0.0703,0.1411,0.1088,0.0240
4,SATURDAY,7,0.0120,0.0437,0.0806,0.4128,0.3606,0.7866,0.0000,0.1661,0.1478,0.0361
4,SATURDAY,8,0.0000,0.1427,0.1011,0.6590,0.5839,0.8022,0.0000,0.1998,0.1575,0.0495
4,SATURDAY,9,0.0000,0.2594,0.1204,0.8685,0.7284,0.8175,0.0000,0.2360,0.1677,0.0582
4,SATURDAY,10,0.0000,0.3295,0.1237,0.9664,0.8178,0.8334,0.0000,0.2732,0.1763,0.0602
4,SATURDAY,11,0.0000,0.3971,0.1272,0.9919,0.9165,0.8560,0.0000,0.3250,0.1840,0.0602
4,SATURDAY,12,0.0000,0.4417,0.1304,0.9672,1.0979,0.8828,0.0000,0.4769,0.1877,0.0614
4,SATURDAY,13,0.0000,0.4784,0.1322,0.9418,1.2568,0.9228,0.0000,0.7154,0.1891,0.0700
4,SATURDAY,14,0.0000,0.4972,0.1338,0.9434,1.3448,0.9500,0.0000,0.8947,0.1911,0.0856
4,SATURDAY,15,0.0000,1.4100,0.2991,0.9670,1.3955,0.9512,0.0000,0.9841,0.1929,0.0982
4,SATURDAY,16,0.0000,1.9908,0.4354,0.9762,1.4240,0.9491,0.0000,1.0173,0.1938,0.1060
4,SATURDAY,17,0.0000,1.7144,0.3722,0.9483,1.4816,0.9352,0.0000,1.0275,0.1935,0.1091
4,SATURDAY,18,0.0000,1.5132,0.3998,0.8202,1.4952,0.9184,0.0000,1.0239,0.1898,0.1091
4,SATURDAY,19,0.0168,1.3515,0.3883,0.5724,1.4015,0.9038,0.2110,0.9850,0.1803,0.1035
4,SATURDAY,20,0.0287,1.1943,0.4156,0.3706,1.2153,0.8825,0.2814,0.9320,0.1584,0.0948
4,SATURDAY,21,0.0405,1.0040,0.3892,0.2357,0.9680,0.8682,0.2814,0.8721,0.1117,0.0814
4,SATURDAY,22,0.0484,0.8237,0.3556,0.1528,0.6857,0.8470,0.2814,0.8016,0.0380,0.0705
4,SATURDAY,23,0.0000,0.2229,0.1006,0.1186,0.4761,0.8317,0.2814,0.6917,0.0151,0.0644
4,SUNDAY,0,0.0000,0.0207,0.0403,0.1104,0.2704,0.8160,0.2814,0.5257,0.0127,0.0601
4,SUNDAY,1,0.0000,0.0120,0.0403,0.1104,0.1225,0.8049,0.2814,0.3955,0.0123,0.0563
4,SUNDAY,2,0.0000,0.0082,0.0403,0.1104,0.0551,0.7950,0.2814,0.2867,0.0115,0.0494
4,SUNDAY,3,0.0000,0.0032,0.0201,0.1104,0.0388,0.7857,0.2814,0.2091,0.0098,0.0347
4,SUNDAY,4,0.0000,0.0024,0.0201,0.1141,0.0428,0.7897,0.2814,0.1586,0.0081,0.0214
4,SUNDAY,5,0.0073,0.0000,0.0201,0.1479,0.0871,0.7825,0.2814,0.1344,0.0085,0.0182
4,SUNDAY,6,0.0157,0.0076,0.0604,0.2571,0.2060,0.7844,0.0000,0.1434,0.1423,0.0259
4,SUNDAY,7,0.0137,0.0454,0.0806,0.4647,0.4121,0.7873,0.0000,0.1736,0.1497,0.0394
4,SUNDAY,8,0.0000,0.1673,0.1081,0.7238,0.6412,0.8072,0.0000,0.2085,0.1601,0.0528
4,SUNDAY,9,0.0000,0.2815,0.1244,0.9168,0.7574,0.8209,0.0000,0.2452,0.1702,0.0601
4,SUNDAY,10,0.0000,0.3375,0.1241,0.9829,0.8379,0.8375,0.0000,0.2825,0.1783,0.0602
4,SUNDAY,11,0.0000,0.4092,0.1282,0.9949,0.9427,0.8622,0.0000,0.3392,0.1860,0.0602
4,SUNDAY,12,0.0000,0.4592,0.1305,0.9579,1.1496,0.8897,0.0000,0.5228,0.1882,0.0618
4,SUNDAY,13,0.0000,0.4957,0.1334,0.9364,1.2925,0.9339,0.0000,0.7795,0.1894,0.0728
4,SUNDAY,14,0.0000,0.5189,0.1353,0.9457,1.3622,0.9554,0.0000,0.9332,0.1916,0.0899
4,SUNDAY,15,0.0000,1.8529,0.3741,0.9741,1.4066,0.9498,0.0000,1.0010,0.1933,0.1010
4,SUNDAY,16,0.0000,2.1486,0.4219,0.9769,1.4297,0.9488,0.0000,1.0227,0.1940,0.1077
4,SUNDAY,17,0.0000,1.7864,0.3841,0.9388,1.4989,0.9307,0.0000,1.0291,0.1933,0.1095
4,SUNDAY,18,0.0000,1.5936,0.3605,0.7807,1.4940,0.9143,0.0000,1.0222,0.1887,0.1089
4,SUNDAY,19,0.0000,1.3829,0.3876,0.5030,1.3707,0.9003,0.2814,0.9726,0.1775,0.1016
4,SUNDAY,20,0.0000,1.2116,0.4056,0.3265,1.1634,0.8766,0.2814,0.9185,0.1520,0.0925
4,SUNDAY,21,0.0122,0.9966,0.3470,0.2054,0.9029,0.8654,0.2814,0.8566,0.0982,0.0777
4,SUNDAY,22,0.0252,0.8192,0.3338,0.1353,0.6133,0.8408,0.2814,0.7833,0.0179,0.0680
4,SUNDAY,23,0.0000,0.0251,0.0604,0.1130,0.4304,0.8286,0.2814,0.6611,0.0141,0.0631
4,HOLIDAY,0,0.0000,0.0000,0.0000,0.0000,0.0000,0.0000,0.0000,0.0000,0.0000,0.0000
4,HOLIDAY,1,0.0000,0.0000,0.0000,0.0000,0.0000,0.0000,0.0000,0.0000,0.0000,0.0000
4,HOLIDAY,2,0.0000,0.0000,0.0000,0.0000,0.0000,0.0000,0.0000,0.0000,0.0000,0.0000
4,HOLIDAY,3,0.0000,0.0000,0.0000,0.0000,0.0000,0.0000,0.0000,0.0000,0.0000,0.0000
4,HOLIDAY,4,0.0000,0.0000,0.0000,0.0000,0.0000,0.0000,0.0000,0.0000,0.0000,0.0000
4,HOLIDAY,5,0.0000,0.0000,0.0000,0.0000,0.0000,0.0000,0.0000,0.0000,0.0000,0.0000
4,HOLIDAY,6,0.0000,0.0000,0.0000,0.0000,0.0000,0.0000,0.0000,0.0000,0.0000,0.0000
4,HOLIDAY,7,0.0000,0.0000,0.0000,0.0000,0.0000,0.0000,0.0000,0.0000,0.0000,0.0000
4,HOLIDAY,8,0.0000,0.0000,0.0000,0.0000,0.0000,0.0000,0.0000,0.0000,0.0000,0.0000
4,HOLIDAY,9,0.0000,0.0000,0.0000,0.0000,0.0000,0.0000,0.0000,0.0000,0.0000,0.0000
4,HOLIDAY,10,0.0000,0.0000,0.0000,0.0000,0.0000,0.0000,0.0000,0.0000,0.0000,0.0000
4,HOLIDAY,11,0.0000,0.0000,0.0000,0.0000,0.0000,0.0000,0.0000,0.0000,0.0000,0.0000
4,HOLIDAY,12,0.0000,0.0000,0.0000,0.0000,0.0000,0.0000,0.0000,0.0000,0.0000,0.0000
4,HOLIDAY,13,0.0000,0.0000,0.0000,0.0000,0.0000,0.0000,0.0000,0.0000,0.0000,0.0000
4,HOLIDAY,14,0.0000,0.0000,0.0000,0.0000,0.0000,0.0000,0.0000,0.0000,0.0000,0.0000
4,HOLIDAY,15,0.0000,0.0000,0.0000,0.0000,0.0000,0.0000,0.0000,0.0000,0.0000,0.0000
4,HOLIDAY,16,0.0000,0.0000,0.0000,0.0000,0.0000,0.0000,0.0000,0.0000,0.0000,0.0000
4,HOLIDAY,17,0.0000,0.0000,0.0000,0.0000,0.0000,0.0000,0.0000,0.0000,0.0000,0.0000
4,HOLIDAY,18,0.0000,0.0000,0.0000,0.0000,0.0000,0.0000,0.0000,0.0000,0.0000,0.0000
4,HOLIDAY,19,0.0000,0.0000,0.0000,0.0000,0.0000,0.0000,0.0000,0.0000,0.0000,0.0000
4,HOLIDAY,20,0.0000,0.0000,0.0000,0.0000,0.0000,0.0000,0.0000,0.0000,0.0000,0.0000
4,HOLIDAY,21,0.0000,0.0000,0.0000,0.0000,0.0000,0.0000,0.0000,0.0000,0.0000,0.0000
4,HOLIDAY,22,0.0000,0.0000,0.0000,0.0000,0.0000,0.0000,0.0000,0.0000,0.0000,0.0000
4,HOLIDAY,23,0.0000,0.0000,0.0000,0.0000,0.0000,0.0000,0.0000,0.0000,0.0000,0.0000
5,WEEKDAY,0,0.0000,0.0550,0.0769,0.1083,0.2704,0.8367,0.2814,0.5257,0.0127,0.0601
5,WEEKDAY,1,0.0020,0.0447,0.0769,0.1083,0.1225,0.8251,0.2814,0.3955,0.0123,0.0563
5,WEEKDAY,2,0.0000,0.0372,0.0733,0.1083,0.0551,0.8150,0.2814,0.2867,0.0115,0.0494
5,WEEKDAY,3,0.0014,0.0311,0.0659,0.1083,0.0388,0.8056,0.2814,0.2091,0.0098,0.0347
5,WEEKDAY,4,0.0027,0.0269,0.0623,0.1119,0.0428,0.8105,0.2814,0.1586,0.0081,0.0214
5,WEEKDAY,5,0.0049,0.0263,0.0659,0.1450,0.0871,0.8064,0.0000,0.1344,0.0085,0.0182
5,WEEKDAY,6,0.0021,0.0829,0.0806,0.2521,0.2060,0.8095,0.0000,0.1434,0.1423,0.0259
5,WEEKDAY,7,0.0000,0.1146,0.0806,0.4555,0.4121,0.8132,0.0000,0.1736,0.1497,0.0394
5,WEEKDAY,8,0.0000,0.2889,0.1140,0.7095,0.6412,0.8355,0.0000,0.2085,0.1601,0.0528
5,WEEKDAY,9,0.0000,0.4183,0.1334,0.8987,0.7574,0.8492,0.0000,0.2452,0.1702,0.0601
5,WEEKDAY,10,0.0000,0.4620,0.1317,0.9636,0.8379,0.8653,0.0000,0.2825,0.1783,0.0602
5,WEEKDAY,11,0.0000,0.5237,0.1358,0.9753,0.9427,0.8909,0.0000,0.3392,0.1860,0.0602
5,WEEKDAY,12,0.0000,0.5614,0.1379,0.9390,1.1496,0.9184,0.0000,0.5228,0.1882,0.0618
5,WEEKDAY,13,0.0000,0.5932,0.1404,0.9179,1.2925,0.9636,0.0000,0.7795,0.1894,0.0728
5,WEEKDAY,14,0.0000,0.6244,0.1433,0.9270,1.3622,0.9843,0.0000,0.9332,0.1916,0.0899
5,WEEKDAY,15,0.0000,2.3359,0.4143,0.9549,1.4066,0.9770,0.0000,1.0010,0.1933,0.1010
5,WEEKDAY,16,0.0000,2.7360,0.4742,0.9577,1.4297,0.9755,0.0000,1.0227,0.1940,0.1077
5,WEEKDAY,17,0.0000,2.3303,0.4275,0.9203,1.4989,0.9561,0.0000,1.0291,0.1933,0.1095
5,WEEKDAY,18,0.0000,2.1168,0.4001,0.7653,1.4940,0.9416,0.0000,1.0222,0.1887,0.1089
5,WEEKDAY,19,0.0000,1.8420,0.3868,0.4931,1.3707,0.9246,0.2814,0.9726,0.1775,0.1016
5,WEEKDAY,20,0.0000,1.6159,0.3567,0.3201,1.1634,0.8992,0.2814,0.9185,0.1520,0.0925
5,WEEKDAY,21,0.0000,1.3751,0.3285,0.2014,0.9029,0.8870,0.2814,0.8566,0.0982,0.0777
5,WEEKDAY,22,0.0000,1.1313,0.2823,0.1327,0.6133,0.8618,0.2814,0.7833,0.0179,0.0680
5,WEEKDAY,23,0.0000,0.0698,0.0806,0.1101,0.4304,0.8497,0.2814,0.6611,0.0141,0.0631
5,SATURDAY,0,0.0000,0.0513,0.0806,0.1083,0.2704,0.8367,0.2814,0.5257,0.0127,0.0601
5,SATURDAY,1,0.0000,0.0334,0.0806,0.1083,0.1225,0.8251,0.2814,0.3955,0.0123,0.0563
5,SATURDAY,2,0.0000,0.0242,0.0806,0.1083,0.0551,0.8150,0.2814,0.2867,0.0115,0.0494
5,SATURDAY,3,0.0000,0.0165,0.0806,0.1083,0.0388,0.8056,0.2814,0.2091,0.0098,0.0347
5,SATURDAY,4,0.0073,0.0125,0.0604,0.1119,0.0428,0.8105,0.2814,0.1586,0.0081,0.0214
5,SATURDAY,5,0.0000,0.0134,0.0604,0.1450,0.0871,0.8064,0.0000,0.1344,0.0085,0.0182
5,SATURDAY,6,0.0000,0.0758,0.0806,0.2521,0.2060,0.8095,0.0000,0.1434,0.1423,0.0259
5,SATURDAY,7,0.0000,0.1100,0.0806,0.4555,0.4121,0.8132,0.0000,0.1736,0.1497,0.0394
5,SATURDAY,8,0.0000,0.2834,0.1136,0.7095,0.6412,0.8355,0.0000,0.2085,0.1601,0.0528
5,SATURDAY,9,0.0000,0.4241,0.1339,0.8987,0.7574,0.8492,0.0000,0.2452,0.1702,0.0601
5,SATURDAY,10,0.0000,0.4663,0.1320,0.9636,0.8379,0.8653,0.0000,0.2825,0.1783,0.0602
5,SATURDAY,11,0.0000,0.5354,0.1371,0.9753,0.9427,0.8909,0.0000,0.3392,0.1860,0.0602
5,SATURDAY,12,0.0000,0.5817,0.1391,0.9390,1.1496,0.9184,0.0000,0.5228,0.1882,0.0618
5,SATURDAY,13,0.0000,0.6150,0.1421,0.9179,1.2925,0.9636,0.0000,0.7795,0.1894,0.0728
5,SATURDAY,14,0.0000,0.6434,0.1452,0.9270,1.3622,0.9843,0.0000,0.9332,0.1916,0.0899
5,SATURDAY,15,0.0000,2.4831,0.4355,0.9549,1.4066,0.9770,0.0000,1.0010,0.1933,0.1010
5,SATURDAY,16,0.0000,2.9394,0.4940,0.9577,1.4297,0.9755,0.0000,1.0227,0.1940,0.1077
5,SATURDAY,17,0.0000,2.4516,0.4432,0.9203,1.4989,0.9561,0.0000,1.0291,0.1933,0.1095
5,SATURDAY,18,0.0000,2.2199,0.4116,0.7653,1.4940,0.9416,0.0000,1.0222,0.1887,0.1089
5,SATURDAY,19,0.0000,1.9400,0.3875,0.4931,1.3707,0.9246,0.2814,0.9726,0.1775,0.1016
5,SATURDAY,20,0.0000,1.7007,0.3652,0.3201,1.1634,0.8992,0.2814,0.9185,0.1520,0.0925
5,SATURDAY,21,0.0000,1.4520,0.3330,0.2014,0.9029,0.8870,0.2814,0.8566,0.0982,0.0777
5,SATURDAY,22,0.0000,1.2034,0.2920,0.1327,0.6133,0.8618,0.2814,0.7833,0.0179,0.0680
5,SATURDAY,23,0.0000,0.0632,0.0806,0.1107,0.4304,0.8489,0.2814,0.6611,0.0141,0.0631
5,SUNDAY,0,0.0000,0.0532,0.0806,0.1083,0.2704,0.8367,0.2814,0.5257,0.0127,0.0601
5,SUNDAY,1,0.0000,0.0397,0.0806,0.1083,0.1225,0.8251,0.2814,0.3955,0.0123,0.0563
5,SUNDAY,2,0.0000,0.0297,0.0806,0.1083,0.0551,0.8150,0.2814,0.2867,0.0115,0.0494
5,SUNDAY,3,0.0000,0.0203,0.0806,0.1083,0.0388,0.8056,0.2814,0.2091,0.0098,0.0347
5,SUNDAY,4,0.0000,0.0130,0.0806,0.1119,0.0428,0.8105,0.2814,0.1586,0.0081,0.0214
5,SUNDAY,5,0.0000,0.0147,0.0806,0.1450,0.0871,0.8064,0.0000,0.1344,0.0085,0.0182
5,SUNDAY,6,0.0000,0.0699,0.0806,0.2521,0.2060,0.8095,0.0000,0.1434,0.1423,0.0259
5,SUNDAY,7,0.0000,0.1068,0.0806,0.4555,0.4121,0.8132,0.0000,0.1736,0.1497,0.0394
5,SUNDAY,8,0.0000,0.2774,0.1128,0.7095,0.6412,0.8355,0.0000,0.2085,0.1601,0.0528
5,SUNDAY,9,0.0000,0.4017,0.1323,0.8987,0.7574,0.8492,0.0000,0.2452,0.1702,0.0601
5,SUNDAY,10,0.0000,0.4419,0.1301,0.9636,0.8379,0.8653,0.0000,0.2825,0.1783,0.0602
5,SUNDAY,11,0.0000,0.5080,0.1344,0.9753,0.9427,0.8909,0.0000,0.3392,0.1860,0.0602
5,SUNDAY,12,0.0000,0.5424,0.1358,0.9390,1.1496,0.9184,0.0000,0.5228,0.1882,0.0618
5,SUNDAY,13,0.0000,0.5677,0.1379,0.9179,1.2925,0.9636,0.0000,0.7795,0.1894,0.0728
5,SUNDAY,14,0.0000,0.5951,0.1407,0.9270,1.3622,0.9843,0.0000,0.9332,0.1916,0.0899
5,SUNDAY,15,0.0000,2.3701,0.4230,0.9549,1.4066,0.9770,0.0000,1.0010,0.1933,0.1010
5,SUNDAY,16,0.0000,2.7935,0.4827,0.9577,1.4297,0.9755,0.0000,1.0227,0.1940,0.1077
5,SUNDAY,17,0.0000,2.3443,0.4334,0.9203,1.4989,0.9561,0.0000,1.0291,0.1933,0.1095
5,SUNDAY,18,0.0000,2.1598,0.4077,0.7653,1.4940,0.9416,0.0000,1.0222,0.1887,0.1089
5,SUNDAY,19,0.0000,1.9053,0.3781,0.4931,1.3707,0.9246,0.2814,0.9726,0.1775,0.1016
5,SUNDAY,20,0.0000,1.6692,0.3561,0.3201,1.1634,0.8992,0.2814,0.9185,0.1520,0.0925
5,SUNDAY,21,0.0000,1.4298,0.3247,0.2014,0.9029,0.8870,0.2814,0.8566,0.0982,0.0777
5,SUNDAY,22,0.0000,1.1897,0.2850,0.1327,0.6133,0.8618,0.2814,0.7833,0.0179,0.0680
5,SUNDAY,23,0.0000,0.0558,0.0806,0.1107,0.4304,0.8489,0.2814,0.6611,0.0141,0.0631
5,HOLIDAY,0,0.0000,0.0533,0.0806,0.1083,0.2704,0.8367,0.2814,0.5257,0.0127,0.0601
5,HOLIDAY,1,0.0000,0.0465,0.0806,0.1083,0.1225,0.8251,0.2814,0.3955,0.0123,0.0563
5,HOLIDAY,2,0.0000,0.0414,0.0806,0.1083,0.0551,0.8150,0.2814,0.2867,0.0115,0.0494
5,HOLIDAY,3,0.0000,0.0298,0.0806,0.1083,0.0388,0.8056,0.2814,0.2091,0.0098,0.0347
5,HOLIDAY,4,0.0000,0.0226,0.0806,0.1119,0.0428,0.8105,0.2814,0.1586,0.0081,0.0214
5,HOLIDAY,5,0.0000,0.0199,0.0806,0.1450,0.0871,0.8064,0.0000,0.1344,0.0085,0.0182
5,HOLIDAY,6,0.0000,0.0976,0.0806,0.2521,0.2060,0.8095,0.0000,0.1434,0.1423,0.0259
5,HOLIDAY,7,0.0000,0.1167,0.0806,0.4555,0.4121,0.8132,0.0000,0.1736,0.1497,0.0394
5,HOLIDAY,8,0.0000,0.2981,0.1127,0.7095,0.6412,0.8355,0.0000,0.2085,0.1601,0.0528
5,HOLIDAY,9,0.0000,0.4348,0.1313,0.8987,0.7574,0.8492,0.0000,0.2452,0.1702,0.0601
5,HOLIDAY,10,0.0000,0.4527,0.1313,0.9636,0.8379,0.8653,0.0000,0.2825,0.1783,0.0602
5,HOLIDAY,11,0.0000,0.5017,0.1342,0.9753,0.9427,0.8909,0.0000,0.3392,0.1860,0.0602
5,HOLIDAY,12,0.0000,0.5534,0.1358,0.9390,1.1496,0.9184,0.0000,0.5228,0.1882,0.0618
5,HOLIDAY,13,0.0000,0.5687,0.1371,0.9179,1.2925,0.9636,0.0000,0.7795,0.1894,0.0728
5,HOLIDAY,14,0.0000,0.5628,0.1377,0.9270,1.3622,0.9843,0.0000,0.9332,0.1916,0.0899
5,HOLIDAY,15,0.0000,2.3987,0.4280,0.9549,1.4066,0.9770,0.0000,1.0010,0.1933,0.1010
5,HOLIDAY,16,0.0000,2.7949,0.4790,0.9577,1.4297,0.9755,0.0000,1.0227,0.1940,0.1077
5,HOLIDAY,17,0.0000,2.2485,0.4249,0.9203,1.4989,0.9561,0.0000,1.0291,0.1933,0.1095
5,HOLIDAY,18,0.0000,2.1046,0.4055,0.7653,1.4940,0.9416,0.0000,1.0222,0.1887,0.1089
5,HOLIDAY,19,0.0000,1.8648,0.3846,0.4931,1.3707,0.9246,0.2814,0.9726,0.1775,0.1016
5,HOLIDAY,20,0.0000,1.6346,0.3640,0.3201,1.1634,0.8992,0.2814,0.9185,0.1520,0.0925
5,HOLIDAY,21,0.0000,1.3957,0.3327,0.2014,0.9029,0.8870,0.2814,0.8566,0.0982,0.0777
5,HOLIDAY,22,0.0000,1.1852,0.2941,0.1327,0.6133,0.8618,0.2814,0.7833,0.0179,0.0680
5,HOLIDAY,23,0.0000,0.0588,0.0806,0.1107,0.4304,0.8489,0.2814,0.6611,0.0141,0.0631
6,WEEKDAY,0,0.0000,0.1230,0.0806,0.0949,0.2704,0.8540,0.2814,0.5257,0.0127,0.0601
6,WEEKDAY,1,0.0000,0.1079,0.0806,0.0949,0.1225,0.8419,0.2814,0.3955,0.0123,0.0563
6,WEEKDAY,2,0.0000,0.0974,0.0806,0.0949,0.0551,0.8315,0.2814,0.2867,0.0115,0.0494
6,WEEKDAY,3,0.0000,0.0875,0.0806,0.0949,0.0388,0.8219,0.2814,0.2091,0.0098,0.0347
6,WEEKDAY,4,0.0000,0.0795,0.0806,0.0982,0.0428,0.8268,0.2814,0.1586,0.0081,0.0214
6,WEEKDAY,5,0.0000,0.0897,0.0806,0.1272,0.0871,0.8234,0.0000,0.1344,0.0085,0.0182
6,WEEKDAY,6,0.0000,0.1562,0.0806,0.2210,0.2060,0.8268,0.0000,0.1434,0.1423,0.0259
6,WEEKDAY,7,0.0000,0.1819,0.0806,0.3995,0.4121,0.8325,0.0000,0.1736,0.1497,0.0394
6,WEEKDAY,8,0.0000,0.4493,0.1244,0.6222,0.6412,0.8579,0.0000,0.2085,0.1601,0.0528
6,WEEKDAY,9,0.0000,0.5856,0.1465,0.7881,0.7574,0.8722,0.0000,0.2452,0.1702,0.0601
6,WEEKDAY,10,0.0000,0.6325,0.1436,0.8451,0.8379,0.8872,0.0000,0.2825,0.1783,0.0602
6,WEEKDAY,11,0.0000,0.6949,0.1480,0.8553,0.9427,0.9138,0.0000,0.3392,0.1860,0.0602
6,WEEKDAY,12,0.0000,0.7401,0.1501,0.8236,1.1496,0.9415,0.0000,0.5228,0.1882,0.0618
6,WEEKDAY,13,0.0000,0.7760,0.1529,0.8051,1.2925,0.9873,0.0000,0.7795,0.1894,0.0728
6,WEEKDAY,14,0.0000,0.8112,0.1563,0.8130,1.3622,1.0079,0.0000,0.9332,0.1916,0.0899
6,WEEKDAY,15,0.0000,3.1179,0.4891,0.8375,1.4066,0.9991,0.0000,1.0010,0.1933,0.1010
6,WEEKDAY,16,0.0000,3.7063,0.5728,0.8399,1.4297,0.9973,0.0000,1.0227,0.1940,0.1077
6,WEEKDAY,17,0.0000,3.2168,0.4848,0.8071,1.4989,0.9763,0.0000,1.0291,0.1933,0.1095
6,WEEKDAY,18,0.0000,3.0451,0.4681,0.6713,1.4940,0.9645,0.0000,1.0222,0.1887,0.1089
6,WEEKDAY,19,0.0000,2.6272,0.4309,0.4324,1.3707,0.9457,0.2814,0.9726,0.1775,0.1016
6,WEEKDAY,20,0.0000,2.2978,0.4047,0.2807,1.1634,0.9184,0.2814,0.9185,0.1520,0.0925
6,WEEKDAY,21,0.0000,1.9875,0.3670,0.1766,0.9029,0.9046,0.2814,0.8566,0.0982,0.0777
6,WEEKDAY,22,0.0000,1.6392,0.3160,0.1164,0.6133,0.8792,0.2814,0.7833,0.0179,0.0680
6,WEEKDAY,23,0.0000,0.1376,0.0806,0.0970,0.4304,0.8667,0.2814,0.6611,0.0141,0.0631
6,SATURDAY,0,0.0000,0.1038,0.0806,0.0949,0.2704,0.8540,0.2814,0.5257,0.0127,0.0601
6,SATURDAY,1,0.0000,0.0939,0.0806,0.0949,0.1225,0.8419,0.2814,0.3955,0.0123,0.0563
6,SATURDAY,2,0.0000,0.0852,0.0806,0.0949,0.0551,0.8315,0.2814,0.2867,0.0115,0.0494
6,SATURDAY,3,0.0000,0.0776,0.0806,0.0949,0.0388,0.8219,0.2814,0.2091,0.0098,0.0347
6,SATURDAY,4,0.0000,0.0720,0.0806,0.0982,0.0428,0.8268,0.2814,0.1586,0.0081,0.0214
6,SATURDAY,5,0.0000,0.0761,0.0806,0.1272,0.0871,0.8234,0.0000,0.1344,0.0085,0.0182
6,SATURDAY,6,0.0000,0.1193,0.0806,0.2210,0.2060,0.8268,0.0000,0.1434,0.1423,0.0259
6,SATURDAY,7,0.0000,0.1464,0.0806,0.3995,0.4121,0.8325,0.0000,0.1736,0.1497,0.0394
6,SATURDAY,8,0.0000,0.3673,0.1182,0.6222,0.6412,0.8579,0.0000,0.2085,0.1601,0.0528
6,SATURDAY,9,0.0000,0.5008,0.1401,0.7881,0.7574,0.8722,0.0000,0.2452,0.1702,0.0601
6,SATURDAY,10,0.0000,0.5352,0.1375,0.8451,0.8379,0.8872,0.0000,0.2825,0.1783,0.0602
6,SATURDAY,11,0.0000,0.5954,0.1416,0.8553,0.9427,0.9138,0.0000,0.3392,0.1860,0.0602
6,SATURDAY,12,0.0000,0.6373,0.1434,0.8236,1.1496,0.9415,0.0000,0.5228,0.1882,0.0618
6,SATURDAY,13,0.0000,0.6702,0.1460,0.8051,1.2925,0.9873,0.0000,0.7795,0.1894,0.0728
6,SATURDAY,14,0.0000,0.6937,0.1490,0.8130,1.3622,1.0079,0.0000,0.9332,0.1916,0.0899
6,SATURDAY,15,0.0000,2.7544,0.4636,0.8375,1.4066,0.9991,0.0000,1.0010,0.1933,0.1010
6,SATURDAY,16,0.0000,3.2583,0.5368,0.8399,1.4297,0.9973,0.0000,1.0227,0.1940,0.1077
6,SATURDAY,17,0.0000,2.7657,0.4678,0.8071,1.4989,0.9763,0.0000,1.0291,0.1933,0.1095
6,SATURDAY,18,0.0000,2.6100,0.4482,0.6713,1.4940,0.9645,0.0000,1.0222,0.1887,0.1089
6,SATURDAY,19,0.0000,2.2519,0.4126,0.4324,1.3707,0.9457,0.2814,0.9726,0.1775,0.1016
6,SATURDAY,20,0.0000,1.9897,0.3877,0.2807,1.1634,0.9184,0.2814,0.9185,0.1520,0.0925
6,SATURDAY,21,0.0000,1.7016,0.3529,0.1766,0.9029,0.9046,0.2814,0.8566,0.0982,0.0777
6,SATURDAY,22,0.0000,1.4237,0.3089,0.1164,0.6133,0.8792,0.2814,0.7833,0.0179,0.0680
6,SATURDAY,23,0.0000,0.1018,0.0806,0.0970,0.4304,0.8667,0.2814,0.6611,0.0141,0.0631
6,SUNDAY,0,0.0000,0.0921,0.0806,0.0949,0.2704,0.8540,0.2814,0.5257,0.0127,0.0601
6,SUNDAY,1,0.0000,0.0843,0.0806,0.0949,0.1225,0.8419,0.2814,0.3955,0.0123,0.0563
6,SUNDAY,2,0.0000,0.0737,0.0806,0.0949,0.0551,0.8315,0.2814,0.2867,0.0115,0.0494
6,SUNDAY,3,0.0000,0.0644,0.0806,0.0949,0.0388,0.8219,0.2814,0.2091,0.0098,0.0347
6,SUNDAY,4,0.0000,0.0590,0.0806,0.0982,0.0428,0.8268,0.2814,0.1586,0.0081,0.0214
6,SUNDAY,5,0.0000,0.0696,0.0806,0.1272,0.0871,0.8234,0.0000,0.1344,0.0085,0.0182
6,SUNDAY,6,0.0000,0.1396,0.0806,0.2210,0.2060,0.8268,0.0000,0.1434,0.1423,0.0259
6,SUNDAY,7,0.0000,0.1572,0.0806,0.3995,0.4121,0.8325,0.0000,0.1736,0.1497,0.0394
6,SUNDAY,8,0.0000,0.3897,0.1198,0.6222,0.6412,0.8579,0.0000,0.2085,0.1601,0.0528
6,SUNDAY,9,0.0000,0.5240,0.1415,0.7881,0.7574,0.8722,0.0000,0.2452,0.1702,0.0601
6,SUNDAY,10,0.0000,0.5531,0.1384,0.8451,0.8379,0.8872,0.0000,0.2825,0.1783,0.0602
6,SUNDAY,11,0.0000,0.6178,0.1430,0.8553,0.9427,0.9138,0.0000,0.3392,0.1860,0.0602
6,SUNDAY,12,0.0000,0.6535,0.1443,0.8236,1.1496,0.9415,0.0000,0.5228,0.1882,0.0618
6,SUNDAY,13,0.0000,0.6900,0.1473,0.8051,1.2925,0.9873,0.0000,0.7795,0.1894,0.0728
6,SUNDAY,14,0.0000,0.7224,0.1503,0.8130,1.3622,1.0079,0.0000,0.9332,0.1916,0.0899
6,SUNDAY,15,0.0000,2.8724,0.4706,0.8375,1.4066,0.9991,0.0000,1.0010,0.1933,0.1010
6,SUNDAY,16,0.0000,3.4012,0.5421,0.8399,1.4297,0.9973,0.0000,1.0227,0.1940,0.1077
6,SUNDAY,17,0.0000,2.9742,0.4790,0.8071,1.4989,0.9763,0.0000,1.0291,0.1933,0.1095
6,SUNDAY,18,0.0000,2.7797,0.4541,0.6713,1.4940,0.9645,0.0000,1.0222,0.1887,0.1089
6,SUNDAY,19,0.0000,2.3948,0.4167,0.4324,1.3707,0.9457,0.2814,0.9726,0.1775,0.1016
6,SUNDAY,20,0.0000,2.0926,0.3913,0.2807,1.1634,0.9184,0.2814,0.9185,0.1520,0.0925
6,SUNDAY,21,0.0000,1.7867,0.3563,0.1766,0.9029,0.9046,0.2814,0.8566,0.0982,0.0777
6,SUNDAY,22,0.0000,1.4910,0.3102,0.1164,0.6133,0.8792,0.2814,0.7833,0.0179,0.0680
6,SUNDAY,23,0.0000,0.1170,0.0806,0.0964,0.4304,0.8692,0.2814,0.6611,0.0141,0.0631
6,HOLIDAY,0,0.0000,0.0000,0.0000,0.0000,0.0000,0.0000,0.0000,0.0000,0.0000,0.0000
6,HOLIDAY,1,0.0000,0.0000,0.0000,0.0000,0.0000,0.0000,0.0000,0.0000,0.0000,0.0000
6,HOLIDAY,2,0.0000,0.0000,0.0000,0.0000,0.0000,0.0000,0.0000,0.0000,0.0000,0.0000
6,HOLIDAY,3,0.0000,0.0000,0.0000,0.0000,0.0000,0.0000,0.0000,0.0000,0.0000,0.0000
6,HOLIDAY,4,0.0000,0.0000,0.0000,0.0000,0.0000,0.0000,0.0000,0.0000,0.0000,0.0000
6,HOLIDAY,5,0.0000,0.0000,0.0000,0.0000,0.0000,0.0000,0.0000,0.0000,0.0000,0.0000
6,HOLIDAY,6,0.0000,0.0000,0.0000,0.0000,0.0000,0.0000,0.0000,0.0000,0.0000,0.0000
6,HOLIDAY,7,0.0000,0.0000,0.0000,0.0000,0.0000,0.0000,0.0000,0.0000,0.0000,0.0000
6,HOLIDAY,8,0.0000,0.0000,0.0000,0.0000,0.0000,0.0000,0.0000,0.0000,0.0000,0.0000
6,HOLIDAY,9,0.0000,0.0000,0.0000,0.0000,0.0000,0.0000,0.0000,0.0000,0.0000,0.0000
6,HOLIDAY,10,0.0000,0.0000,0.0000,0.0000,0.0000,0.0000,0.0000,0.0000,0.0000,0.0000
6,HOLIDAY,11,0.0000,0.0000,0.0000,0.0000,0.0000,0.0000,0.0000,0.0000,0.0000,0.0000
6,HOLIDAY,12,0.0000,0.0000,0.0000,0.0000,0.0000,0.0000,0.0000,0.0000,0.0000,0.0000
6,HOLIDAY,13,0.0000,0.0000,0.0000,0.0000,0.0000,0.0000,0.0000,0.0000,0.0000,0.0000
6,HOLIDAY,14,0.0000,0.0000,0.0000,0.0000,0.0000,0.0000,0.0000,0.0000,0.0000,0.0000
6,HOLIDAY,15,0.0000,0.0000,0.0000,0.0000,0.0000,0.0000,0.0000,0.0000,0.0000,0.0000
6,HOLIDAY,16,0.0000,0.0000,0.0000,0.0000,0.0000,0.0000,0.0000,0.0000,0.0000,0.0000
6,HOLIDAY,17,0.0000,0.0000,0.0000,0.0000,0.0000,0.0000,0.0000,0.0000,0.0000,0.0000
6,HOLIDAY,18,0.0000,0.0000,0.0000,0.0000,0.0000,0.0000,0.0000,0.0000,0.0000,0.0000
6,HOLIDAY,19,0.0000,0.0000,0.0000,0.0000,0.0000,0.0000,0.0000,0.0000,0.0000,0.0000
6,HOLIDAY,20,0.0000,0.0000,0.0000,0.0000,0.0000,0.0000,0.0000,0.0000,0.0000,0.0000
6,HOLIDAY,21,0.0000,0.0000,0.0000,0.0000,0.0000,0.0000,0.0000,0.0000,0.0000,0.0000
6,HOLIDAY,22,0.0000,0.0000,0.0000,0.0000,0.0000,0.0000,0.0000,0.0000,0.0000,0.0000
6,HOLIDAY,23,0.0000,0.0000,0.0000,0.0000,0.0000,0.0000,0.0000,0.0000,0.0000,0.0000
7,WEEKDAY,0,0.0000,0.1488,0.0806,0.0919,0.2704,0.8668,0.2814,0.5257,0.0127,0.0601
7,WEEKDAY,1,0.0000,0.1376,0.0806,0.0919,0.1225,0.8539,0.2814,0.3955,0.0123,0.0563
7,WEEKDAY,2,0.0000,0.1251,0.0806,0.0919,0.0551,0.8431,0.2814,0.2867,0.0115,0.0494
7,WEEKDAY,3,0.0000,0.1165,0.0806,0.0919,0.0388,0.8333,0.2814,0.2091,0.0098,0.0347
7,WEEKDAY,4,0.0000,0.1070,0.0806,0.0950,0.0428,0.8376,0.2814,0.1586,0.0081,0.0214
7,WEEKDAY,5,0.0000,0.1062,0.0806,0.1230,0.0871,0.8329,0.0000,0.1344,0.0085,0.0182
7,WEEKDAY,6,0.0000,0.1629,0.0806,0.2140,0.2060,0.8366,0.0000,0.1434,0.1423,0.0259
7,WEEKDAY,7,0.0000,0.1937,0.0806,0.3866,0.4121,0.8444,0.0000,0.1736,0.1497,0.0394
7,WEEKDAY,8,0.0000,0.4852,0.1277,0.6021,0.6412,0.8726,0.0000,0.2085,0.1601,0.0528
7,WEEKDAY,9,0.0000,0.6275,0.1498,0.7628,0.7574,0.8878,0.0000,0.2452,0.1702,0.0601
7,WEEKDAY,10,0.0000,0.6876,0.1481,0.8178,0.8379,0.9029,0.0000,0.2825,0.1783,0.0602
7,WEEKDAY,11,0.0000,0.7556,0.1513,0.8277,0.9427,0.9306,0.0000,0.3392,0.1860,0.0602
7,WEEKDAY,12,0.0000,0.8066,0.1543,0.7970,1.1496,0.9591,0.0000,0.5228,0.1882,0.0618
7,WEEKDAY,13,0.0000,0.8475,0.1571,0.7791,1.2925,1.0054,0.0000,0.7795,0.1894,0.0728
7,WEEKDAY,14,0.0000,0.8870,0.1608,0.7868,1.3622,1.0254,0.0000,0.9332,0.1916,0.0899
7,WEEKDAY,15,0.0000,3.5093,0.5210,0.8104,1.4066,1.0148,0.0000,1.0010,0.1933,0.1010
7,WEEKDAY,16,0.0000,4.0697,0.5941,0.8129,1.4297,1.0125,0.0000,1.0227,0.1940,0.1077
7,WEEKDAY,17,0.0000,3.6620,0.5049,0.7810,1.4989,0.9898,0.0000,1.0291,0.1933,0.1095
7,WEEKDAY,18,0.0000,3.4748,0.4951,0.6496,1.4940,0.9792,0.0000,1.0222,0.1887,0.1089
7,WEEKDAY,19,0.0000,2.9779,0.4503,0.4185,1.3707,0.9601,0.2814,0.9726,0.1775,0.1016
7,WEEKDAY,20,0.0000,2.6321,0.4248,0.2717,1.1634,0.9320,0.2814,0.9185,0.1520,0.0925
7,WEEKDAY,21,0.0000,2.3002,0.3855,0.1709,0.9029,0.9175,0.2814,0.8566,0.0982,0.0777
7,WEEKDAY,22,0.0000,1.9036,0.3292,0.1126,0.6133,0.8922,0.2814,0.7833,0.0179,0.0680
7,WEEKDAY,23,0.0000,0.1660,0.0806,0.0939,0.4304,0.8793,0.2814,0.6611,0.0141,0.0631
7,SATURDAY,0,0.0000,0.1662,0.0806,0.0919,0.2704,0.8668,0.2814,0.5257,0.0127,0.0601
7,SATURDAY,1,0.0000,0.1425,0.0806,0.0919,0.1225,0.8539,0.2814,0.3955,0.0123,0.0563
7,SATURDAY,2,0.0000,0.1295,0.0806,0.0919,0.0551,0.8431,0.2814,0.2867,0.0115,0.0494
7,SATURDAY,3,0.0000,0.1170,0.0806,0.0919,0.0388,0.8333,0.2814,0.2091,0.0098,0.0347
7,SATURDAY,4,0.0000,0.1102,0.0806,0.0950,0.0428,0.8376,0.2814,0.1586,0.0081,0.0214
7,SATURDAY,5,0.0000,0.1056,0.0806,0.1230,0.0871,0.8329,0.0000,0.1344,0.0085,0.0182
7,SATURDAY,6,0.0000,0.1725,0.0806,0.2140,0.2060,0.8366,0.0000,0.1434,0.1423,0.0259
7,SATURDAY,7,0.0000,0.2039,0.0806,0.3866,0.4121,0.8444,0.0000,0.1736,0.1497,0.0394
7,SATURDAY,8,0.0000,0.5283,0.1316,0.6021,0.6412,0.8726,0.0000,0.2085,0.1601,0.0528
7,SATURDAY,9,0.0000,0.6669,0.1530,0.7628,0.7574,0.8878,0.0000,0.2452,0.1702,0.0601
7,SATURDAY,10,0.0000,0.7484,0.1516,0.8178,0.8379,0.9029,0.0000,0.2825,0.1783,0.0602
7,SATURDAY,11,0.0000,0.8075,0.1542,0.8277,0.9427,0.9306,0.0000,0.3392,0.1860,0.0602
7,SATURDAY,12,0.0000,0.8619,0.1572,0.7970,1.1496,0.9591,0.0000,0.5228,0.1882,0.0618
7,SATURDAY,13,0.0000,0.8999,0.1602,0.7791,1.2925,1.0054,0.0000,0.7795,0.1894,0.0728
7,SATURDAY,14,0.0000,0.9492,0.1638,0.7868,1.3622,1.0254,0.0000,0.9332,0.1916,0.0899
7,SATURDAY,15,0.0000,3.6958,0.5326,0.8104,1.4066,1.0148,0.0000,1.0010,0.1933,0.1010
7,SATURDAY,16,0.0000,4.2656,0.6026,0.8129,1.4297,1.0125,0.0000,1.0227,0.1940,0.1077
7,SATURDAY,17,0.0000,3.7826,0.5065,0.7810,1.4989,0.9898,0.0000,1.0291,0.1933,0.1095
7,SATURDAY,18,0.0000,3.5675,0.4952,0.6496,1.4940,0.9792,0.0000,1.0222,0.1887,0.1089
7,SATURDAY,19,0.0000,3.0882,0.4544,0.4185,1.3707,0.9601,0.2814,0.9726,0.1775,0.1016
7,SATURDAY,20,0.0000,2.7378,0.4300,0.2717,1.1634,0.9320,0.2814,0.9185,0.1520,0.0925
7,SATURDAY,21,0.0000,2.4030,0.3915,0.1709,0.9029,0.9175,0.2814,0.8566,0.0982,0.0777
7,SATURDAY,22,0.0000,1.9872,0.3312,0.1126,0.6133,0.8922,0.2814,0.7833,0.0179,0.0680
7,SATURDAY,23,0.0000,0.1748,0.0806,0.0939,0.4304,0.8793,0.2814,0.6611,0.0141,0.0631
7,SUNDAY,0,0.0000,0.1420,0.0806,0.0919,0.2704,0.8668,0.2814,0.5257,0.0127,0.0601
7,SUNDAY,1,0.0000,0.1232,0.0806,0.0919,0.1225,0.8539,0.2814,0.3955,0.0123,0.0563
7,SUNDAY,2,0.0000,0.1110,0.0806,0.0919,0.0551,0.8431,0.2814,0.2867,0.0115,0.0494
7,SUNDAY,3,0.0000,0.1022,0.0806,0.0919,0.0388,0.8333,0.2814,0.2091,0.0098,0.0347
7,SUNDAY,4,0.0000,0.0968,0.0806,0.0950,0.0428,0.8376,0.2814,0.1586,0.0081,0.0214
7,SUNDAY,5,0.0000,0.0950,0.0806,0.1230,0.0871,0.8329,0.0000,0.1344,0.0085,0.0182
7,SUNDAY,6,0.0000,0.1564,0.0806,0.2140,0.2060,0.8366,0.0000,0.1434,0.1423,0.0259
7,SUNDAY,7,0.0000,0.1887,0.0806,0.3866,0.4121,0.8444,0.0000,0.1736,0.1497,0.0394
7,SUNDAY,8,0.0000,0.4602,0.1268,0.6021,0.6412,0.8726,0.0000,0.2085,0.1601,0.0528
7,SUNDAY,9,0.0000,0.5912,0.1488,0.7628,0.7574,0.8878,0.0000,0.2452,0.1702,0.0601
7,SUNDAY,10,0.0000,0.6428,0.1457,0.8178,0.8379,0.9029,0.0000,0.2825,0.1783,0.0602
7,SUNDAY,11,0.0000,0.7070,0.1485,0.8277,0.9427,0.9306,0.0000,0.3392,0.1860,0.0602
7,SUNDAY,12,0.0000,0.7542,0.1514,0.7970,1.1496,0.9591,0.0000,0.5228,0.1882,0.0618
7,SUNDAY,13,0.0000,0.7929,0.1539,0.7791,1.2925,1.0054,0.0000,0.7795,0.1894,0.0728
7,SUNDAY,14,0.0000,0.8295,0.1571,0.7868,1.3622,1.0254,0.0000,0.9332,0.1916,0.0899
7,SUNDAY,15,0.0000,3.4046,0.5129,0.8104,1.4066,1.0148,0.0000,1.0010,0.1933,0.1010
7,SUNDAY,16,0.0000,3.9390,0.5853,0.8129,1.4297,1.0125,0.0000,1.0227,0.1940,0.1077
7,SUNDAY,17,0.0000,3.4850,0.4955,0.7810,1.4989,0.9898,0.0000,1.0291,0.1933,0.1095
7,SUNDAY,18,0.0000,3.3388,0.4878,0.6496,1.4940,0.9792,0.0000,1.0222,0.1887,0.1089
7,SUNDAY,19,0.0000,2.8688,0.4452,0.4185,1.3707,0.9601,0.2814,0.9726,0.1775,0.1016
7,SUNDAY,20,0.0000,2.5320,0.4210,0.2717,1.1634,0.9320,0.2814,0.9185,0.1520,0.0925
7,SUNDAY,21,0.0000,2.2072,0.3848,0.1709,0.9029,0.9175,0.2814,0.8566,0.0982,0.0777
7,SUNDAY,22,0.0000,1.8261,0.3281,0.1126,0.6133,0.8922,0.2814,0.7833,0.0179,0.0680
7,SUNDAY,23,0.0000,0.1320,0.0806,0.0939,0.4304,0.8793,0.2814,0.6611,0.0141,0.0631
7,HOLIDAY,0,0.0000,0.1326,0.0806,0.0919,0.2704,0.8668,0.2814,0.5257,0.0127,0.0601
7,HOLIDAY,1,0.0000,0.1211,0.0806,0.0919,0.1225,0.8539,0.2814,0.3955,0.0123,0.0563
7,HOLIDAY,2,0.0000,0.1171,0.0806,0.0919,0.0551,0.8431,0.2814,0.2867,0.0115,0.0494
7,HOLIDAY,3,0.0000,0.1059,0.0806,0.0919,0.0388,0.8333,0.2814,0.2091,0.0098,0.0347
7,HOLIDAY,4,0.0000,0.1011,0.0806,0.0950,0.0428,0.8376,0.2814,0.1586,0.0081,0.0214
7,HOLIDAY,5,0.0000,0.1012,0.0806,0.1230,0.0871,0.8329,0.0000,0.1344,0.0085,0.0182
7,HOLIDAY,6,0.0000,0.1654,0.0806,0.2140,0.2060,0.8366,0.0000,0.1434,0.1423,0.0259
7,HOLIDAY,7,0.0000,0.1954,0.0806,0.3866,0.4121,0.8444,0.0000,0.1736,0.1497,0.0394
7,HOLIDAY,8,0.0000,0.4661,0.1263,0.6021,0.6412,0.8726,0.0000,0.2085,0.1601,0.0528
7,HOLIDAY,9,0.0000,0.6096,0.1488,0.7628,0.7574,0.8878,0.0000,0.2452,0.1702,0.0601
7,HOLIDAY,10,0.0000,0.6751,0.1473,0.8178,0.8379,0.9029,0.0000,0.2825,0.1783,0.0602
7,HOLIDAY,11,0.0000,0.7410,0.1501,0.8277,0.9427,0.9306,0.0000,0.3392,0.1860,0.0602
7,HOLIDAY,12,0.0000,0.7837,0.1527,0.7970,1.1496,0.9591,0.0000,0.5228,0.1882,0.0618
7,HOLIDAY,13,0.0000,0.8116,0.1556,0.7791,1.2925,1.0054,0.0000,0.7795,0.1894,0.0728
7,HOLIDAY,14,0.0000,0.8617,0.1590,0.7868,1.3622,1.0254,0.0000,0.9332,0.1916,0.0899
7,HOLIDAY,15,0.0000,3.1108,0.4929,0.8104,1.4066,1.0148,0.0000,1.0010,0.1933,0.1010
7,HOLIDAY,16,0.0000,3.6847,0.5848,0.8129,1.4297,1.0125,0.0000,1.0227,0.1940,0.1077
7,HOLIDAY,17,0.0000,3.2457,0.4953,0.7810,1.4989,0.9898,0.0000,1.0291,0.1933,0.1095
7,HOLIDAY,18,0.0000,3.1110,0.4768,0.6496,1.4940,0.9792,0.0000,1.0222,0.1887,0.1089
7,HOLIDAY,19,0.0000,2.6384,0.4379,0.4185,1.3707,0.9601,0.2814,0.9726,0.1775,0.1016
7,HOLIDAY,20,0.0000,2.3171,0.4140,0.2717,1.1634,0.9320,0.2814,0.9185,0.1520,0.0925
7,HOLIDAY,21,0.0000,2.0443,0.3767,0.1709,0.9029,0.9175,0.2814,0.8566,0.0982,0.0777
7,HOLIDAY,22,0.0000,1.6509,0.3203,0.1126,0.6133,0.8922,0.2814,0.7833,0.0179,0.0680
7,HOLIDAY,23,0.0000,0.1310,0.0806,0.0939,0.4304,0.8793,0.2814,0.6611,0.0141,0.0631
8,WEEKDAY,0,0.0000,0.1592,0.0806,0.0902,0.2704,0.8668,0.2814,0.5257,0.0127,0.0601
8,WEEKDAY,1,0.0000,0.1451,0.0806,0.0902,0.1225,0.8538,0.2814,0.3955,0.0123,0.0563
8,WEEKDAY,2,0.0000,0.1344,0.0806,0.0902,0.0551,0.8429,0.2814,0.2867,0.0115,0.0494
8,WEEKDAY,3,0.0000,0.1244,0.0806,0.0902,0.0388,0.8332,0.2814,0.2091,0.0098,0.0347
8,WEEKDAY,4,0.0000,0.1152,0.0806,0.0933,0.0428,0.8377,0.2814,0.1586,0.0081,0.0214
8,WEEKDAY,5,0.0000,0.1074,0.0806,0.1209,0.0871,0.8312,0.0000,0.1344,0.0085,0.0182
8,WEEKDAY,6,0.0000,0.1405,0.0806,0.2100,0.2060,0.8349,0.0000,0.1434,0.1423,0.0259
8,WEEKDAY,7,0.0000,0.1565,0.0806,0.3796,0.4121,0.8427,0.0000,0.1736,0.1497,0.0394
8,WEEKDAY,8,0.0000,0.4250,0.1248,0.5912,0.6412,0.8713,0.0000,0.2085,0.1601,0.0528
8,WEEKDAY,9,0.0000,0.5685,0.1471,0.7489,0.7574,0.8872,0.0000,0.2452,0.1702,0.0601
8,WEEKDAY,10,0.0000,0.6319,0.1447,0.8031,0.8379,0.9023,0.0000,0.2825,0.1783,0.0602
8,WEEKDAY,11,0.0000,0.7107,0.1487,0.8128,0.9427,0.9304,0.0000,0.3392,0.1860,0.0602
8,WEEKDAY,12,0.0000,0.7719,0.1523,0.7825,1.1496,0.9592,0.0000,0.5228,0.1882,0.0618
8,WEEKDAY,13,0.0000,0.8214,0.1552,0.7650,1.2925,1.0061,0.0000,0.7795,0.1894,0.0728
8,WEEKDAY,14,0.0000,0.8704,0.1591,0.7726,1.3622,1.0261,0.0000,0.9332,0.1916,0.0899
8,WEEKDAY,15,0.0000,3.5970,0.5342,0.7958,1.4066,1.0153,0.0000,1.0010,0.1933,0.1010
8,WEEKDAY,16,0.0000,4.1248,0.5988,0.7981,1.4297,1.0127,0.0000,1.0227,0.1940,0.1077
8,WEEKDAY,17,0.0000,3.6247,0.4999,0.7669,1.4989,0.9896,0.0000,1.0291,0.1933,0.1095
8,WEEKDAY,18,0.0000,3.4357,0.4935,0.6378,1.4940,0.9770,0.0000,1.0222,0.1887,0.1089
8,WEEKDAY,19,0.0000,2.9469,0.4508,0.4109,1.3707,0.9592,0.2814,0.9726,0.1775,0.1016
8,WEEKDAY,20,0.0000,2.6323,0.4252,0.2668,1.1634,0.9319,0.2814,0.9185,0.1520,0.0925
8,WEEKDAY,21,0.0000,2.2886,0.3848,0.1678,0.9029,0.9172,0.2814,0.8566,0.0982,0.0777
8,WEEKDAY,22,0.0000,1.9215,0.3308,0.1106,0.6133,0.8919,0.2814,0.7833,0.0179,0.0680
8,WEEKDAY,23,0.0000,0.1778,0.0806,0.0922,0.4304,0.8795,0.2814,0.6611,0.0141,0.0631
8,SATURDAY,0,0.0000,0.1532,0.0806,0.0902,0.2704,0.8668,0.2814,0.5257,0.0127,0.0601
8,SATURDAY,1,0.0000,0.1533,0.0806,0.0902,0.1225,0.8538,0.2814,0.3955,0.0123,0.0563
8,SATURDAY,2,0.0000,0.1397,0.0806,0.0902,0.0551,0.8429,0.2814,0.2867,0.0115,0.0494
8,SATURDAY,3,0.0000,0.1283,0.0806,0.0902,0.0388,0.8332,0.2814,0.2091,0.0098,0.0347
8,SATURDAY,4,0.0000,0.1217,0.0806,0.0933,0.0428,0.8377,0.2814,0.1586,0.0081,0.0214
8,SATURDAY,5,0.0000,0.1165,0.0806,0.1209,0.0871,0.8312,0.0000,0.1344,0.0085,0.0182
8,SATURDAY,6,0.0000,0.1474,0.0806,0.2100,0.2060,0.8349,0.0000,0.1434,0.1423,0.0259
8,SATURDAY,7,0.0000,0.1611,0.0806,0.3796,0.4121,0.8427,0.0000,0.1736,0.1497,0.0394
8,SATURDAY,8,0.0000,0.4229,0.1246,0.5912,0.6412,0.8713,0.0000,0.2085,0.1601,0.0528
8,SATURDAY,9,0.0000,0.5676,0.1470,0.7489,0.7574,0.8872,0.0000,0.2452,0.1702,0.0601
8,SATURDAY,10,0.0000,0.6358,0.1446,0.8031,0.8379,0.9023,0.0000,0.2825,0.1783,0.0602
8,SATURDAY,11,0.0000,0.7145,0.1493,0.8128,0.9427,0.9304,0.0000,0.3392,0.1860,0.0602
8,SATURDAY,12,0.0000,0.7767,0.1526,0.7825,1.1496,0.9592,0.0000,0.5228,0.1882,0.0618
8,SATURDAY,13,0.0000,0.8203,0.1553,0.7650,1.2925,1.0061,0.0000,0.7795,0.1894,0.0728
8,SATURDAY,14,0.0000,0.8575,0.1589,0.7726,1.3622,1.0261,0.0000,0.9332,0.1916,0.0899
8,SATURDAY,15,0.0000,3.5715,0.5333,0.7958,1.4066,1.0153,0.0000,1.0010,0.1933,0.1010
8,SATURDAY,16,0.0000,4.1182,0.5973,0.7981,1.4297,1.0127,0.0000,1.0227,0.1940,0.1077
8,SATURDAY,17,0.0000,3.6632,0.5012,0.7669,1.4989,0.9896,0.0000,1.0291,0.1933,0.1095
8,SATURDAY,18,0.0000,3.4565,0.4928,0.6378,1.4940,0.9770,0.0000,1.0222,0.1887,0.1089
8,SATURDAY,19,0.0000,2.9745,0.4523,0.4109,1.3707,0.9592,0.2814,0.9726,0.1775,0.1016
8,SATURDAY,20,0.0000,2.6730,0.4263,0.2668,1.1634,0.9319,0.2814,0.9185,0.1520,0.0925
8,SATURDAY,21,0.0000,2.3108,0.3847,0.1678,0.9029,0.9172,0.2814,0.8566,0.0982,0.0777
8,SATURDAY,22,0.0000,1.9358,0.3318,0.1106,0.6133,0.8919,0.2814,0.7833,0.0179,0.0680
8,SATURDAY,23,0.0000,0.1771,0.0806,0.0921,0.4304,0.8778,0.2814,0.6611,0.0141,0.0631
8,SUNDAY,0,0.0000,0.1477,0.0806,0.0902,0.2704,0.8668,0.2814,0.5257,0.0127,0.0601
8,SUNDAY,1,0.0000,0.1374,0.0806,0.0902,0.1225,0.8538,0.2814,0.3955,0.0123,0.0563
8,SUNDAY,2,0.0000,0.1275,0.0806,0.0902,0.0551,0.8429,0.2814,0.2867,0.0115,0.0494
8,SUNDAY,3,0.0000,0.1147,0.0806,0.0902,0.0388,0.8332,0.2814,0.2091,0.0098,0.0347
8,SUNDAY,4,0.0000,0.1097,0.0806,0.0933,0.0428,0.8377,0.2814,0.1586,0.0081,0.0214
8,SUNDAY,5,0.0000,0.1011,0.0806,0.1209,0.0871,0.8312,0.0000,0.1344,0.0085,0.0182
8,SUNDAY,6,0.0000,0.1307,0.0806,0.2100,0.2060,0.8349,0.0000,0.1434,0.1423,0.0259
8,SUNDAY,7,0.0000,0.1467,0.0806,0.3796,0.4121,0.8427,0.0000,0.1736,0.1497,0.0394
8,SUNDAY,8,0.0000,0.4035,0.1231,0.5912,0.6412,0.8713,0.0000,0.2085,0.1601,0.0528
8,SUNDAY,9,0.0000,0.5566,0.1454,0.7489,0.7574,0.8872,0.0000,0.2452,0.1702,0.0601
8,SUNDAY,10,0.0000,0.6151,0.1435,0.8031,0.8379,0.9023,0.0000,0.2825,0.1783,0.0602
8,SUNDAY,11,0.0000,0.6970,0.1475,0.8128,0.9427,0.9304,0.0000,0.3392,0.1860,0.0602
8,SUNDAY,12,0.0000,0.7554,0.1510,0.7825,1.1496,0.9592,0.0000,0.5228,0.1882,0.0618
8,SUNDAY,13,0.0000,0.8049,0.1544,0.7650,1.2925,1.0061,0.0000,0.7795,0.1894,0.0728
8,SUNDAY,14,0.0000,0.8599,0.1582,0.7726,1.3622,1.0261,0.0000,0.9332,0.1916,0.0899
8,SUNDAY,15,0.0000,3.5499,0.5314,0.7958,1.4066,1.0153,0.0000,1.0010,0.1933,0.1010
8,SUNDAY,16,0.0000,4.0746,0.5965,0.7981,1.4297,1.0127,0.0000,1.0227,0.1940,0.1077
8,SUNDAY,17,0.0000,3.5909,0.4988,0.7669,1.4989,0.9896,0.0000,1.0291,0.1933,0.1095
8,SUNDAY,18,0.0000,3.3962,0.4924,0.6378,1.4940,0.9770,0.0000,1.0222,0.1887,0.1089
8,SUNDAY,19,0.0000,2.9193,0.4498,0.4109,1.3707,0.9592,0.2814,0.9726,0.1775,0.1016
8,SUNDAY,20,0.0000,2.6258,0.4244,0.2668,1.1634,0.9319,0.2814,0.9185,0.1520,0.0925
8,SUNDAY,21,0.0000,2.2902,0.3843,0.1678,0.9029,0.9172,0.2814,0.8566,0.0982,0.0777
8,SUNDAY,22,0.0000,1.9299,0.3315,0.1106,0.6133,0.8919,0.2814,0.7833,0.0179,0.0680
8,SUNDAY,23,0.0000,0.1754,0.0806,0.0922,0.4304,0.8795,0.2814,0.6611,0.0141,0.0631
8,HOLIDAY,0,0.0000,0.0000,0.0000,0.0000,0.0000,0.0000,0.0000,0.0000,0.0000,0.0000
8,HOLIDAY,1,0.0000,0.0000,0.0000,0.0000,0.0000,0.0000,0.0000,0.0000,0.0000,0.0000
8,HOLIDAY,2,0.0000,0.0000,0.0000,0.0000,0.0000,0.0000,0.0000,0.0000,0.0000,0.0000
8,HOLIDAY,3,0.0000,0.0000,0.0000,0.0000,0.0000,0.0000,0.0000,0.0000,0.0000,0.0000
8,HOLIDAY,4,0.0000,0.0000,0.0000,0.0000,0.0000,0.0000,0.0000,0.0000,0.0000,0.0000
8,HOLIDAY,5,0.0000,0.0000,0.0000,0.0000,0.0000,0.0000,0.0000,0.0000,0.0000,0.0000
8,HOLIDAY,6,0.0000,0.0000,0.0000,0.0000,0.0000,0.0000,0.0000,0.0000,0.0000,0.0000
8,HOLIDAY,7,0.0000,0.0000,0.0000,0.0000,0.0000,0.0000,0.0000,0.0000,0.0000,0.0000
8,HOLIDAY,8,0.0000,0.0000,0.0000,0.0000,0.0000,0.0000,0.0000,0.0000,0.0000,0.0000
8,HOLIDAY,9,0.0000,0.0000,0.0000,0.0000,0.0000,0.0000,0.0000,0.0000,0.0000,0.0000
8,HOLIDAY,10,0.0000,0.0000,0.0000,0.0000,0.0000,0.0000,0.0000,0.0000,0.0000,0.0000
8,HOLIDAY,11,0.0000,0.0000,0.0000,0.0000,0.0000,0.0000,0.0000,0.0000,0.0000,0.0000
8,HOLIDAY,12,0.0000,0.0000,0.0000,0.0000,0.0000,0.0000,0.0000,0.0000,0.0000,0.0000
8,HOLIDAY,13,0.0000,0.0000,0.0000,0.0000,0.0000,0.0000,0.0000,0.0000,0.0000,0.0000
8,HOLIDAY,14,0.0000,0.0000,0.0000,0.0000,0.0000,0.0000,0.0000,0.0000,0.0000,0.0000
8,HOLIDAY,15,0.0000,0.0000,0.0000,0.0000,0.0000,0.0000,0.0000,0.0000,0.0000,0.0000
8,HOLIDAY,16,0.0000,0.0000,0.0000,0.0000,0.0000,0.0000,0.0000,0.0000,0.0000,0.0000
8,HOLIDAY,17,0.0000,0.0000,0.0000,0.0000,0.0000,0.0000,0.0000,0.0000,0.0000,0.0000
8,HOLIDAY,18,0.0000,0.0000,0.0000,0.0000,0.0000,0.0000,0.0000,0.0000,0.0000,0.0000
8,HOLIDAY,19,0.0000,0.0000,0.0000,0.0000,0.0000,0.0000,0.0000,0.0000,0.0000,0.0000
8,HOLIDAY,20,0.0000,0.0000,0.0000,0.0000,0.0000,0.0000,0.0000,0.0000,0.0000,0.0000
8,HOLIDAY,21,0.0000,0.0000,0.0000,0.0000,0.0000,0.0000,0.0000,0.0000,0.0000,0.0000
8,HOLIDAY,22,0.0000,0.0000,0.0000,0.0000,0.0000,0.0000,0.0000,0.0000,0.0000,0.0000
8,HOLIDAY,23,0.0000,0.0000,0.0000,0.0000,0.0000,0.0000,0.0000,0.0000,0.0000,0.0000
9,WEEKDAY,0,0.0000,0.1280,0.0806,0.0898,0.2704,0.8582,0.2814,0.5257,0.0127,0.0601
9,WEEKDAY,1,0.0000,0.1174,0.0806,0.0898,0.1225,0.8460,0.2814,0.3955,0.0123,0.0563
9,WEEKDAY,2,0.0000,0.1035,0.0806,0.0898,0.0551,0.8355,0.2814,0.2867,0.0115,0.0494
9,WEEKDAY,3,0.0000,0.0958,0.0806,0.0898,0.0388,0.8258,0.2814,0.2091,0.0098,0.0347
9,WEEKDAY,4,0.0000,0.0882,0.0806,0.0929,0.0428,0.8305,0.2814,0.1586,0.0081,0.0214
9,WEEKDAY,5,0.0000,0.0804,0.0806,0.1202,0.0871,0.8228,0.2814,0.1344,0.0085,0.0182
9,WEEKDAY,6,0.0000,0.0875,0.0806,0.2090,0.2060,0.8247,0.0000,0.1434,0.1423,0.0259
9,WEEKDAY,7,0.0000,0.1041,0.0806,0.3778,0.4121,0.8321,0.0000,0.1736,0.1497,0.0394
9,WEEKDAY,8,0.0000,0.3115,0.1172,0.5885,0.6412,0.8595,0.0000,0.2085,0.1601,0.0528
9,WEEKDAY,9,0.0000,0.4699,0.1399,0.7452,0.7574,0.8754,0.0000,0.2452,0.1702,0.0601
9,WEEKDAY,10,0.0000,0.5381,0.1381,0.7991,0.8379,0.8914,0.0000,0.2825,0.1783,0.0602
9,WEEKDAY,11,0.0000,0.6270,0.1442,0.8088,0.9427,0.9192,0.0000,0.3392,0.1860,0.0602
9,WEEKDAY,12,0.0000,0.6921,0.1473,0.7788,1.1496,0.9477,0.0000,0.5228,0.1882,0.0618
9,WEEKDAY,13,0.0000,0.7370,0.1501,0.7613,1.2925,0.9940,0.0000,0.7795,0.1894,0.0728
9,WEEKDAY,14,0.0000,0.7782,0.1530,0.7689,1.3622,1.0143,0.0000,0.9332,0.1916,0.0899
9,WEEKDAY,15,0.0000,3.1424,0.4943,0.7919,1.4066,1.0042,0.0000,1.0010,0.1933,0.1010
9,WEEKDAY,16,0.0000,3.6606,0.5714,0.7943,1.4297,1.0014,0.0000,1.0227,0.1940,0.1077
9,WEEKDAY,17,0.0000,2.9650,0.4538,0.7632,1.4989,0.9769,0.0000,1.0291,0.1933,0.1095
9,WEEKDAY,18,0.0000,2.8531,0.4477,0.6347,1.4940,0.9626,0.2814,1.0222,0.1887,0.1089
9,WEEKDAY,19,0.0000,2.5051,0.4249,0.4089,1.3707,0.9479,0.2814,0.9726,0.1775,0.1016
9,WEEKDAY,20,0.0000,2.2502,0.3997,0.2654,1.1634,0.9221,0.2814,0.9185,0.1520,0.0925
9,WEEKDAY,21,0.0000,1.9674,0.3635,0.1670,0.9029,0.9086,0.2814,0.8566,0.0982,0.0777
9,WEEKDAY,22,0.0000,1.6643,0.3183,0.1101,0.6133,0.8832,0.2814,0.7833,0.0179,0.0680
9,WEEKDAY,23,0.0000,0.1417,0.0806,0.0920,0.4304,0.8700,0.2814,0.6611,0.0141,0.0631
9,SATURDAY,0,0.0000,0.1155,0.0806,0.0898,0.2704,0.8582,0.2814,0.5257,0.0127,0.0601
9,SATURDAY,1,0.0000,0.0994,0.0806,0.0898,0.1225,0.8460,0.2814,0.3955,0.0123,0.0563
9,SATURDAY,2,0.0000,0.0905,0.0806,0.0898,0.0551,0.8355,0.2814,0.2867,0.0115,0.0494
9,SATURDAY,3,0.0000,0.0819,0.0806,0.0898,0.0388,0.8258,0.2814,0.2091,0.0098,0.0347
9,SATURDAY,4,0.0000,0.0754,0.0806,0.0929,0.0428,0.8305,0.2814,0.1586,0.0081,0.0214
9,SATURDAY,5,0.0000,0.0686,0.0806,0.1202,0.0871,0.8228,0.2814,0.1344,0.0085,0.0182
9,SATURDAY,6,0.0000,0.0770,0.0806,0.2090,0.2060,0.8247,0.0000,0.1434,0.1423,0.0259
9,SATURDAY,7,0.0000,0.0939,0.0806,0.3778,0.4121,0.8321,0.0000,0.1736,0.1497,0.0394
9,SATURDAY,8,0.0000,0.2885,0.1153,0.5885,0.6412,0.8595,0.0000,0.2085,0.1601,0.0528
9,SATURDAY,9,0.0000,0.4365,0.1370,0.7452,0.7574,0.8754,0.0000,0.2452,0.1702,0.0601
9,SATURDAY,10,0.0000,0.5084,0.1359,0.7991,0.8379,0.8914,0.0000,0.2825,0.1783,0.0602
9,SATURDAY,11,0.0000,0.6001,0.1421,0.8088,0.9427,0.9192,0.0000,0.3392,0.1860,0.0602
9,SATURDAY,12,0.0000,0.6588,0.1451,0.7788,1.1496,0.9477,0.0000,0.5228,0.1882,0.0618
9,SATURDAY,13,0.0000,0.7004,0.1475,0.7613,1.2925,0.9940,0.0000,0.7795,0.1894,0.0728
9,SATURDAY,14,0.0000,0.7330,0.1505,0.7689,1.3622,1.0143,0.0000,0.9332,0.1916,0.0899
9,SATURDAY,15,0.0000,3.0609,0.4879,0.7919,1.4066,1.0042,0.0000,1.0010,0.1933,0.1010
9,SATURDAY,16,0.0000,3.5511,0.5547,0.7943,1.4297,1.0014,0.0000,1.0227,0.1940,0.1077
9,SATURDAY,17,0.0000,2.8642,0.4468,0.7632,1.4989,0.9769,0.0000,1.0291,0.1933,0.1095
9,SATURDAY,18,0.0000,2.7436,0.4419,0.6347,1.4940,0.9626,0.2814,1.0222,0.1887,0.1089
9,SATURDAY,19,0.0000,2.4183,0.4185,0.4089,1.3707,0.9479,0.2814,0.9726,0.1775,0.1016
9,SATURDAY,20,0.0000,2.1727,0.3940,0.2654,1.1634,0.9221,0.2814,0.9185,0.1520,0.0925
9,SATURDAY,21,0.0000,1.8932,0.3589,0.1670,0.9029,0.9086,0.2814,0.8566,0.0982,0.0777
9,SATURDAY,22,0.0000,1.6078,0.3155,0.1101,0.6133,0.8832,0.2814,0.7833,0.0179,0.0680
9,SATURDAY,23,0.0000,0.1276,0.0806,0.0918,0.4304,0.8709,0.2814,0.6611,0.0141,0.0631
9,SUNDAY,0,0.0000,0.1317,0.0806,0.0898,0.2704,0.8582,0.2814,0.5257,0.0127,0.0601
9,SUNDAY,1,0.0000,0.1233,0.0806,0.0898,0.1225,0.8460,0.2814,0.3955,0.0123,0.0563
9,SUNDAY,2,0.0000,0.1148,0.0806,0.0898,0.0551,0.8355,0.2814,0.2867,0.0115,0.0494
9,SUNDAY,3,0.0000,0.1074,0.0806,0.0898,0.0388,0.8258,0.2814,0.2091,0.0098,0.0347
9,SUNDAY,4,0.0000,0.1000,0.0806,0.0929,0.0428,0.8305,0.2814,0.1586,0.0081,0.0214
9,SUNDAY,5,0.0000,0.0941,0.0806,0.1202,0.0871,0.8228,0.2814,0.1344,0.0085,0.0182
9,SUNDAY,6,0.0000,0.1003,0.0806,0.2090,0.2060,0.8247,0.0000,0.1434,0.1423,0.0259
9,SUNDAY,7,0.0000,0.1173,0.0806,0.3778,0.4121,0.8321,0.0000,0.1736,0.1497,0.0394
9,SUNDAY,8,0.0000,0.3378,0.1179,0.5885,0.6412,0.8595,0.0000,0.2085,0.1601,0.0528
9,SUNDAY,9,0.0000,0.4915,0.1401,0.7452,0.7574,0.8754,0.0000,0.2452,0.1702,0.0601
9,SUNDAY,10,0.0000,0.5637,0.1385,0.7991,0.8379,0.8914,0.0000,0.2825,0.1783,0.0602
9,SUNDAY,11,0.0000,0.6449,0.1444,0.8088,0.9427,0.9192,0.0000,0.3392,0.1860,0.0602
9,SUNDAY,12,0.0000,0.7024,0.1474,0.7788,1.1496,0.9477,0.0000,0.5228,0.1882,0.0618
9,SUNDAY,13,0.0000,0.7488,0.1506,0.7613,1.2925,0.9940,0.0000,0.7795,0.1894,0.0728
9,SUNDAY,14,0.0000,0.7860,0.1533,0.7689,1.3622,1.0143,0.0000,0.9332,0.1916,0.0899
9,SUNDAY,15,0.0000,3.1783,0.4963,0.7919,1.4066,1.0042,0.0000,1.0010,0.1933,0.1010
9,SUNDAY,16,0.0000,3.6683,0.5618,0.7943,1.4297,1.0014,0.0000,1.0227,0.1940,0.1077
9,SUNDAY,17,0.0000,2.9929,0.4544,0.7632,1.4989,0.9769,0.0000,1.0291,0.1933,0.1095
9,SUNDAY,18,0.0000,2.8645,0.4498,0.6347,1.4940,0.9626,0.2814,1.0222,0.1887,0.1089
9,SUNDAY,19,0.0000,2.4876,0.4239,0.4089,1.3707,0.9479,0.2814,0.9726,0.1775,0.1016
9,SUNDAY,20,0.0000,2.2499,0.4001,0.2654,1.1634,0.9221,0.2814,0.9185,0.1520,0.0925
9,SUNDAY,21,0.0000,1.9600,0.3634,0.1670,0.9029,0.9086,0.2814,0.8566,0.0982,0.0777
9,SUNDAY,22,0.0000,1.6594,0.3179,0.1101,0.6133,0.8832,0.2814,0.7833,0.0179,0.0680
9,SUNDAY,23,0.0000,0.1506,0.0806,0.0918,0.4304,0.8709,0.2814,0.6611,0.0141,0.0631
9,HOLIDAY,0,0.0000,0.2081,0.0806,0.0898,0.2704,0.8582,0.2814,0.5257,0.0127,0.0601
9,HOLIDAY,1,0.0000,0.1786,0.0806,0.0898,0.1225,0.8460,0.2814,0.3955,0.0123,0.0563
9,HOLIDAY,2,0.0000,0.1627,0.0806,0.0898,0.0551,0.8355,0.2814,0.2867,0.0115,0.0494
9,HOLIDAY,3,0.0000,0.1445,0.0806,0.0898,0.0388,0.8258,0.2814,0.2091,0.0098,0.0347
9,HOLIDAY,4,0.0000,0.1306,0.0806,0.0929,0.0428,0.8305,0.2814,0.1586,0.0081,0.0214
9,HOLIDAY,5,0.0000,0.1263,0.0806,0.1202,0.0871,0.8228,0.2814,0.1344,0.0085,0.0182
9,HOLIDAY,6,0.0000,0.1397,0.0806,0.2090,0.2060,0.8247,0.0000,0.1434,0.1423,0.0259
9,HOLIDAY,7,0.0000,0.1598,0.0806,0.3778,0.4121,0.8321,0.0000,0.1736,0.1497,0.0394
9,HOLIDAY,8,0.0000,0.4452,0.1265,0.5885,0.6412,0.8595,0.0000,0.2085,0.1601,0.0528
9,HOLIDAY,9,0.0000,0.5968,0.1500,0.7452,0.7574,0.8754,0.0000,0.2452,0.1702,0.0601
9,HOLIDAY,10,0.0000,0.6963,0.1492,0.7991,0.8379,0.8914,0.0000,0.2825,0.1783,0.0602
9,HOLIDAY,11,0.0000,0.7807,0.1529,0.8088,0.9427,0.9192,0.0000,0.3392,0.1860,0.0602
9,HOLIDAY,12,0.0000,0.8439,0.1564,0.7788,1.1496,0.9477,0.0000,0.5228,0.1882,0.0618
9,HOLIDAY,13,0.0000,0.8972,0.1592,0.7613,1.2925,0.9940,0.0000,0.7795,0.1894,0.0728
9,HOLIDAY,14,0.0000,0.9690,0.1635,0.7689,1.3622,1.0143,0.0000,0.9332,0.1916,0.0899
9,HOLIDAY,15,0.0000,3.9708,0.5646,0.7919,1.4066,1.0042,0.0000,1.0010,0.1933,0.1010
9,HOLIDAY,16,0.0000,4.5334,0.6115,0.7943,1.4297,1.0014,0.0000,1.0227,0.1940,0.1077
9,HOLIDAY,17,0.0000,3.9449,0.5081,0.7632,1.4989,0.9769,0.0000,1.0291,0.1933,0.1095
9,HOLIDAY,18,0.0000,3.6611,0.5035,0.6347,1.4940,0.9626,0.2814,1.0222,0.1887,0.1089
9,HOLIDAY,19,0.0000,3.1141,0.4583,0.4089,1.3707,0.9479,0.2814,0.9726,0.1775,0.1016
9,HOLIDAY,20,0.0000,2.7843,0.4359,0.2654,1.1634,0.9221,0.2814,0.9185,0.1520,0.0925
9,HOLIDAY,21,0.0000,2.4575,0.3926,0.1670,0.9029,0.9086,0.2814,0.8566,0.0982,0.0777
9,HOLIDAY,22,0.0000,2.0956,0.3366,0.1101,0.6133,0.8832,0.2814,0.7833,0.0179,0.0680
9,HOLIDAY,23,0.0000,0.2265,0.0806,0.0918,0.4304,0.8709,0.2814,0.6611,0.0141,0.0631
10,WEEKDAY,0,0.0000,0.0541,0.0806,0.0937,0.2982,0.8417,0.2814,0.5492,0.0129,0.0606
10,WEEKDAY,1,0.0000,0.0454,0.0806,0.0933,0.1482,0.8297,0.2814,0.4181,0.0124,0.0569
10,WEEKDAY,2,0.0000,0.0358,0.0806,0.0933,0.0668,0.8195,0.2814,0.3056,0.0116,0.0506
10,WEEKDAY,3,0.0000,0.0278,0.0806,0.0933,0.0416,0.8099,0.2814,0.2226,0.0101,0.0372
10,WEEKDAY,4,0.0013,0.0210,0.0806,0.0959,0.0421,0.8124,0.2814,0.1674,0.0084,0.0237
10,WEEKDAY,5,0.0027,0.0161,0.0771,0.1200,0.0794,0.8067,0.2814,0.1386,0.0084,0.0187
10,WEEKDAY,6,0.0028,0.0132,0.0771,0.2011,0.1854,0.8031,0.2814,0.1418,0.1190,0.0246
10,WEEKDAY,7,0.0037,0.0291,0.0806,0.3620,0.3763,0.8077,0.0489,0.1684,0.1484,0.0371
10,WEEKDAY,8,0.0000,0.1341,0.1042,0.5732,0.6013,0.8290,0.0000,0.2024,0.1583,0.0505
10,WEEKDAY,9,0.0000,0.2649,0.1231,0.7459,0.7372,0.8461,0.0000,0.2388,0.1684,0.0588
10,WEEKDAY,10,0.0000,0.3440,0.1272,0.8205,0.8239,0.8633,0.0000,0.2760,0.1769,0.0602
10,WEEKDAY,11,0.0000,0.4317,0.1331,0.8385,0.9244,0.8885,0.0000,0.3293,0.1846,0.0602
10,WEEKDAY,12,0.0000,0.4893,0.1362,0.8145,1.1136,0.9165,0.0000,0.4909,0.1878,0.0616
10,WEEKDAY,13,0.0000,0.5315,0.1382,0.7940,1.2676,0.9589,0.0000,0.7349,0.1892,0.0709
10,WEEKDAY,14,0.0000,0.5580,0.1394,0.7973,1.3501,0.9836,0.0000,0.9064,0.1912,0.0869
10,WEEKDAY,15,0.0000,2.1342,0.3870,0.8185,1.3989,0.9798,0.0000,0.9892,0.1930,0.0991
10,WEEKDAY,16,0.0000,2.5822,0.4536,0.8247,1.4257,0.9742,0.0000,1.0189,0.1939,0.1066
10,WEEKDAY,17,0.0000,2.0889,0.3938,0.7985,1.4869,0.9526,0.1166,1.0280,0.1935,0.1092
10,WEEKDAY,18,0.0000,1.9611,0.3876,0.6826,1.4949,0.9377,0.2570,1.0234,0.1895,0.1090
10,WEEKDAY,19,0.0000,1.7863,0.3720,0.4656,1.3921,0.9258,0.2814,0.9812,0.1794,0.1029
10,WEEKDAY,20,0.0000,1.6207,0.3521,0.3017,1.1995,0.9042,0.2814,0.9279,0.1564,0.0941
10,WEEKDAY,21,0.0000,1.4089,0.3241,0.1912,0.9482,0.8902,0.2814,0.8674,0.1076,0.0803
10,WEEKDAY,22,0.0000,1.1991,0.2886,0.1246,0.6637,0.8671,0.2814,0.7960,0.0319,0.0697
10,WEEKDAY,23,0.0000,0.1956,0.1122,0.0986,0.4622,0.8536,0.2814,0.6824,0.0148,0.0640
10,SATURDAY,0,0.0000,0.0503,0.0806,0.0933,0.2704,0.8395,0.2814,0.5257,0.0127,0.0601
10,SATURDAY,1,0.0000,0.0351,0.0806,0.0933,0.1225,0.8276,0.2814,0.3955,0.0123,0.0563
10,SATURDAY,2,0.0000,0.0246,0.0806,0.0933,0.0551,0.8178,0.2814,0.2867,0.0115,0.0494
10,SATURDAY,3,0.0074,0.0175,0.0806,0.0933,0.0388,0.8083,0.2814,0.2091,0.0098,0.0347
10,SATURDAY,4,0.0000,0.0134,0.0604,0.0964,0.0428,0.8133,0.2814,0.1586,0.0081,0.0214
10,SATURDAY,5,0.0000,0.0092,0.0403,0.1249,0.0871,0.8054,0.2814,0.1344,0.0085,0.0182
10,SATURDAY,6,0.0000,0.0094,0.0403,0.2172,0.2060,0.8026,0.2814,0.1434,0.1423,0.0259
10,SATURDAY,7,0.0247,0.0202,0.0806,0.3924,0.4121,0.8087,0.0000,0.1736,0.1497,0.0394
10,SATURDAY,8,0.0000,0.1448,0.1085,0.6112,0.6412,0.8332,0.0000,0.2085,0.1601,0.0528
10,SATURDAY,9,0.0000,0.2722,0.1255,0.7742,0.7574,0.8488,0.0000,0.2452,0.1702,0.0601
10,SATURDAY,10,0.0000,0.3532,0.1271,0.8302,0.8379,0.8663,0.0000,0.2825,0.1783,0.0602
10,SATURDAY,11,0.0000,0.4465,0.1339,0.8403,0.9427,0.8931,0.0000,0.3392,0.1860,0.0602
10,SATURDAY,12,0.0000,0.5060,0.1368,0.8090,1.1496,0.9214,0.0000,0.5228,0.1882,0.0618
10,SATURDAY,13,0.0000,0.5548,0.1391,0.7909,1.2925,0.9668,0.0000,0.7795,0.1894,0.0728
10,SATURDAY,14,0.0000,0.5880,0.1405,0.7987,1.3622,0.9872,0.0000,0.9332,0.1916,0.0899
10,SATURDAY,15,0.0000,2.4540,0.4292,0.8227,1.4066,0.9783,0.0000,1.0010,0.1933,0.1010
10,SATURDAY,16,0.0000,2.7467,0.4690,0.8251,1.4297,0.9733,0.0000,1.0227,0.1940,0.1077
10,SATURDAY,17,0.0000,2.1449,0.3951,0.7929,1.4989,0.9483,0.1412,1.0291,0.1933,0.1095
10,SATURDAY,18,0.0000,2.0558,0.3913,0.6594,1.4940,0.9355,0.2814,1.0222,0.1887,0.1089
10,SATURDAY,19,0.0000,1.8462,0.3753,0.4248,1.3707,0.9238,0.2814,0.9726,0.1775,0.1016
10,SATURDAY,20,0.0000,1.6608,0.3563,0.2757,1.1634,0.9000,0.2814,0.9185,0.1520,0.0925
10,SATURDAY,21,0.0000,1.4386,0.3262,0.1735,0.9029,0.8881,0.2814,0.8566,0.0982,0.0777
10,SATURDAY,22,0.0000,1.2218,0.2878,0.1144,0.6133,0.8626,0.2814,0.7833,0.0179,0.0680
10,SATURDAY,23,0.0000,0.0732,0.0806,0.0953,0.4304,0.8517,0.2814,0.6611,0.0141,0.0631
10,SUNDAY,0,0.0000,0.0567,0.0806,0.0938,0.3104,0.8426,0.2814,0.5595,0.0131,0.0608
10,SUNDAY,1,0.0000,0.0515,0.0806,0.0933,0.1595,0.8306,0.2814,0.4280,0.0124,0.0572
10,SUNDAY,2,0.0000,0.0400,0.0806,0.0933,0.0719,0.8202,0.2814,0.3139,0.0117,0.0511
10,SUNDAY,3,0.0000,0.0323,0.0806,0.0933,0.0429,0.8106,0.2814,0.2285,0.0102,0.0384
10,SUNDAY,4,0.0000,0.0239,0.0806,0.0956,0.0418,0.8120,0.2814,0.1712,0.0085,0.0247
10,SUNDAY,5,0.0000,0.0174,0.0806,0.1178,0.0760,0.8073,0.2814,0.1405,0.0084,0.0190
10,SUNDAY,6,0.0000,0.0164,0.0604,0.1941,0.1763,0.8033,0.2814,0.1411,0.1088,0.0240
10,SUNDAY,7,0.0126,0.0262,0.0806,0.3486,0.3606,0.8072,0.0703,0.1661,0.1478,0.0361
10,SUNDAY,8,0.0000,0.1358,0.1026,0.5565,0.5839,0.8271,0.0000,0.1998,0.1575,0.0495
10,SUNDAY,9,0.0000,0.2861,0.1235,0.7335,0.7284,0.8449,0.0000,0.2360,0.1677,0.0582
10,SUNDAY,10,0.0000,0.3855,0.1293,0.8162,0.8178,0.8619,0.0000,0.2732,0.1763,0.0602
10,SUNDAY,11,0.0000,0.4740,0.1359,0.8377,0.9165,0.8864,0.0000,0.3250,0.1840,0.0602
10,SUNDAY,12,0.0000,0.5461,0.1393,0.8168,1.0979,0.9144,0.0000,0.4769,0.1877,0.0614
10,SUNDAY,13,0.0000,0.6050,0.1419,0.7954,1.2568,0.9555,0.0000,0.7154,0.1891,0.0700
10,SUNDAY,14,0.0000,0.6445,0.1438,0.7967,1.3448,0.9821,0.0000,0.8947,0.1911,0.0856
10,SUNDAY,15,0.0000,2.2434,0.3854,0.8167,1.3955,0.9805,0.0000,0.9841,0.1929,0.0982
10,SUNDAY,16,0.0000,2.8521,0.4776,0.8245,1.4240,0.9746,0.0000,1.0173,0.1938,0.1060
10,SUNDAY,17,0.0000,2.3451,0.4056,0.8009,1.4816,0.9545,0.1059,1.0275,0.1935,0.1091
10,SUNDAY,18,0.0000,2.1705,0.3969,0.6928,1.4952,0.9387,0.2463,1.0239,0.1898,0.1091
10,SUNDAY,19,0.0000,1.9735,0.3828,0.4835,1.4015,0.9267,0.2814,0.9850,0.1803,0.1035
10,SUNDAY,20,0.0000,1.7917,0.3651,0.3130,1.2153,0.9060,0.2814,0.9320,0.1584,0.0948
10,SUNDAY,21,0.0000,1.5689,0.3372,0.1990,0.9680,0.8911,0.2814,0.8721,0.1117,0.0814
10,SUNDAY,22,0.0000,1.3545,0.3004,0.1291,0.6857,0.8690,0.2814,0.8016,0.0380,0.0705
10,SUNDAY,23,0.0000,0.3075,0.1238,0.1001,0.4761,0.8544,0.2814,0.6917,0.0151,0.0644
10,HOLIDAY,0,0.0000,0.0000,0.0000,0.0000,0.0000,0.0000,0.0000,0.0000,0.0000,0.0000
10,HOLIDAY,1,0.0000,0.0000,0.0000,0.0000,0.0000,0.0000,0.0000,0.0000,0.0000,0.0000
10,HOLIDAY,2,0.0000,0.0000,0.0000,0.0000,0.0000,0.0000,0.0000,0.0000,0.0000,0.0000
10,HOLIDAY,3,0.0000,0.0000,0.0000,0.0000,0.0000,0.0000,0.0000,0.0000,0.0000,0.0000
10,HOLIDAY,4,0.0000,0.0000,0.0000,0.0000,0.0000,0.0000,0.0000,0.0000,0.0000,0.0000
10,HOLIDAY,5,0.0000,0.0000,0.0000,0.0000,0.0000,0.0000,0.0000,0.0000,0.0000,0.0000
10,HOLIDAY,6,0.0000,0.0000,0.0000,0.0000,0.0000,0.0000,0.0000,0.0000,0.0000,0.0000
10,HOLIDAY,7,0.0000,0.0000,0.0000,0.0000,0.0000,0.0000,0.0000,0.0000,0.0000,0.0000
10,HOLIDAY,8,0.0000,0.0000,0.0000,0.0000,0.0000,0.0000,0.0000,0.0000,0.0000,0.0000
10,HOLIDAY,9,0.0000,0.0000,0.0000,0.0000,0.0000,0.0000,0.0000,0.0000,0.0000,0.0000
10,HOLIDAY,10,0.0000,0.0000,0.0000,0.0000,0.0000,0.0000,0.0000,0.0000,0.0000,0.0000
10,HOLIDAY,11,0.0000,0.0000,0.0000,0.0000,0.0000,0.0000,0.0000,0.0000,0.0000,0.0000
10,HOLIDAY,12,0.0000,0.0000,0.0000,0.0000,0.0000,0.0000,0.0000,0.0000,0.0000,0.0000
10,HOLIDAY,13,0.0000,0.0000,0.0000,0.0000,0.0000,0.0000,0.0000,0.0000,0.0000,0.0000
10,HOLIDAY,14,0.0000,0.0000,0.0000,0.0000,0.0000,0.0000,0.0000,0.0000,0.0000,0.0000
10,HOLIDAY,15,0.0000,0.0000,0.0000,0.0000,0.0000,0.0000,0.0000,0.0000,0.0000,0.0000
10,HOLIDAY,16,0.0000,0.0000,0.0000,0.0000,0.0000,0.0000,0.0000,0.0000,0.0000,0.0000
10,HOLIDAY,17,0.0000,0.0000,0.0000,0.0000,0.0000,0.0000,0.0000,0.0000,0.0000,0.0000
10,HOLIDAY,18,0.0000,0.0000,0.0000,0.0000,0.0000,0.0000,0.0000,0.0000,0.0000,0.0000
10,HOLIDAY,19,0.0000,0.0000,0.0000,0.0000,0.0000,0.0000,0.0000,0.0000,0.0000,0.0000
10,HOLIDAY,20,0.0000,0.0000,0.0000,0.0000,0.0000,0.0000,0.0000,0.0000,0.0000,0.0000
10,HOLIDAY,21,0.0000,0.0000,0.0000,0.0000,0.0000,0.0000,0.0000,0.0000,0.0000,0.0000
10,HOLIDAY,22,0.0000,0.0000,0.0000,0.0000,0.0000,0.0000,0.0000,0.0000,0.0000,0.0000
10,HOLIDAY,23,0.0000,0.0000,0.0000,0.0000,0.0000,0.0000,0.0000,0.0000,0.0000,0.0000
11,WEEKDAY,0,0.0016,0.0036,0.0382,0.1040,0.4304,0.8269,0.2814,0.6611,0.0141,0.0631
11,WEEKDAY,1,0.0051,0.0000,0.0170,0.1016,0.2704,0.8151,0.2814,0.5257,0.0127,0.0601
11,WEEKDAY,2,0.0000,0.0000,0.0000,0.1016,0.1225,0.8043,0.2814,0.3955,0.0123,0.0563
11,WEEKDAY,3,0.0000,0.0000,0.0000,0.1016,0.0551,0.7951,0.2814,0.2867,0.0115,0.0494
11,WEEKDAY,4,0.0000,0.0000,0.0000,0.1016,0.0388,0.7860,0.2814,0.2091,0.0098,0.0347
11,WEEKDAY,5,0.0000,0.0000,0.0000,0.1051,0.0428,0.7910,0.2814,0.1586,0.0081,0.0214
11,WEEKDAY,6,0.0000,0.0000,0.0000,0.1362,0.0871,0.7833,0.2814,0.1344,0.0085,0.0182
11,WEEKDAY,7,0.0000,0.0000,0.0000,0.2367,0.2060,0.7775,0.0000,0.1434,0.1423,0.0259
11,WEEKDAY,8,0.0165,0.0000,0.0212,0.4277,0.4121,0.7773,0.0000,0.1736,0.1497,0.0394
11,WEEKDAY,9,0.0265,0.0546,0.0915,0.6662,0.6412,0.7975,0.0000,0.2085,0.1601,0.0528
11,WEEKDAY,10,0.0036,0.1790,0.1198,0.8438,0.7574,0.8125,0.0000,0.2452,0.1702,0.0601
11,WEEKDAY,11,0.0000,0.2427,0.1224,0.9048,0.8379,0.8299,0.0000,0.2825,0.1783,0.0602
11,WEEKDAY,12,0.0000,0.3167,0.1263,0.9158,0.9427,0.8549,0.0000,0.3392,0.1860,0.0602
11,WEEKDAY,13,0.0000,0.3528,0.1272,0.8817,1.1496,0.8822,0.0000,0.5228,0.1882,0.0618
11,WEEKDAY,14,0.0000,0.3793,0.1294,0.8619,1.2925,0.9260,0.0000,0.7795,0.1894,0.0728
11,WEEKDAY,15,0.0000,0.3804,0.1285,0.8705,1.3622,0.9466,0.0000,0.9332,0.1916,0.0899
11,WEEKDAY,16,0.0000,1.4545,0.3240,0.8966,1.4066,0.9398,0.0000,1.0010,0.1933,0.1010
11,WEEKDAY,17,0.0002,1.6383,0.3564,0.8992,1.4297,0.9336,0.2814,1.0227,0.1940,0.1077
11,WEEKDAY,18,0.0034,1.3336,0.3365,0.8641,1.4989,0.9154,0.2814,1.0291,0.1933,0.1095
11,WEEKDAY,19,0.0056,1.3137,0.3421,0.7186,1.4940,0.9039,0.2814,1.0222,0.1887,0.1089
11,WEEKDAY,20,0.0063,1.1972,0.3313,0.4630,1.3707,0.8936,0.2814,0.9726,0.1775,0.1016
11,WEEKDAY,21,0.0085,1.0652,0.3443,0.3005,1.1634,0.8721,0.2814,0.9185,0.1520,0.0925
11,WEEKDAY,22,0.0152,0.9034,0.3098,0.1891,0.9029,0.8620,0.2814,0.8566,0.0982,0.0777
11,WEEKDAY,23,0.0161,0.7685,0.2557,0.1246,0.6133,0.8375,0.2814,0.7833,0.0179,0.0680
11,SATURDAY,0,0.0000,0.0000,0.0161,0.1040,0.4304,0.8269,0.2814,0.6611,0.0141,0.0631
11,SATURDAY,1,0.0000,0.0000,0.0000,0.1016,0.2704,0.8151,0.2814,0.5257,0.0127,0.0601
11,SATURDAY,2,0.0000,0.0000,0.0000,0.1016,0.1225,0.8043,0.2814,0.3955,0.0123,0.0563
11,SATURDAY,3,0.0000,0.0000,0.0000,0.1016,0.0551,0.7951,0.2814,0.2867,0.0115,0.0494
11,SATURDAY,4,0.0000,0.0000,0.0000,0.1016,0.0388,0.7860,0.2814,0.2091,0.0098,0.0347
11,SATURDAY,5,0.0000,0.0000,0.0000,0.1051,0.0428,0.7910,0.2814,0.1586,0.0081,0.0214
11,SATURDAY,6,0.0000,0.0000,0.0000,0.1362,0.0871,0.7833,0.2814,0.1344,0.0085,0.0182
11,SATURDAY,7,0.0000,0.0000,0.0000,0.2367,0.2060,0.7775,0.0000,0.1434,0.1423,0.0259
11,SATURDAY,8,0.0143,0.0000,0.0161,0.4277,0.4121,0.7773,0.0000,0.1736,0.1497,0.0394
11,SATURDAY,9,0.0191,0.0362,0.0709,0.6662,0.6412,0.7975,0.0000,0.2085,0.1601,0.0528
11,SATURDAY,10,0.0078,0.1084,0.1170,0.8438,0.7574,0.8125,0.0000,0.2452,0.1702,0.0601
11,SATURDAY,11,0.0000,0.1863,0.1200,0.9048,0.8379,0.8299,0.0000,0.2825,0.1783,0.0602
11,SATURDAY,12,0.0000,0.2462,0.1238,0.9158,0.9427,0.8549,0.0000,0.3392,0.1860,0.0602
11,SATURDAY,13,0.0000,0.2899,0.1246,0.8817,1.1496,0.8822,0.0000,0.5228,0.1882,0.0618
11,SATURDAY,14,0.0000,0.2983,0.1243,0.8619,1.2925,0.9260,0.0000,0.7795,0.1894,0.0728
11,SATURDAY,15,0.0000,0.2998,0.1245,0.8705,1.3622,0.9466,0.0000,0.9332,0.1916,0.0899
11,SATURDAY,16,0.0399,1.2245,0.3113,0.8966,1.4066,0.9398,0.0000,1.0010,0.1933,0.1010
11,SATURDAY,17,0.0290,1.3912,0.3466,0.8992,1.4297,0.9336,0.2814,1.0227,0.1940,0.1077
11,SATURDAY,18,0.0366,1.1246,0.3298,0.8641,1.4989,0.9154,0.2814,1.0291,0.1933,0.1095
11,SATURDAY,19,0.0474,1.1140,0.3315,0.7186,1.4940,0.9039,0.2814,1.0222,0.1887,0.1089
11,SATURDAY,20,0.0550,1.0055,0.3626,0.4630,1.3707,0.8936,0.2814,0.9726,0.1775,0.1016
11,SATURDAY,21,0.0584,0.8913,0.3816,0.3005,1.1634,0.8721,0.2814,0.9185,0.1520,0.0925
11,SATURDAY,22,0.0859,0.7436,0.3441,0.1891,0.9029,0.8620,0.2814,0.8566,0.0982,0.0777
11,SATURDAY,23,0.0777,0.6400,0.2812,0.1246,0.6133,0.8375,0.2814,0.7833,0.0179,0.0680
11,SUNDAY,0,0.0074,0.0000,0.0201,0.1040,0.4304,0.8269,0.2814,0.6611,0.0141,0.0631
11,SUNDAY,1,0.0000,0.0000,0.0201,0.1016,0.2704,0.8151,0.2814,0.5257,0.0127,0.0601
11,SUNDAY,2,0.0075,0.0000,0.0201,0.1016,0.1225,0.8043,0.2814,0.3955,0.0123,0.0563
11,SUNDAY,3,0.0000,0.0000,0.0000,0.1016,0.0551,0.7951,0.2814,0.2867,0.0115,0.0494
11,SUNDAY,4,0.0000,0.0000,0.0000,0.1016,0.0388,0.7860,0.2814,0.2091,0.0098,0.0347
11,SUNDAY,5,0.0000,0.0000,0.0000,0.1051,0.0428,0.7910,0.2814,0.1586,0.0081,0.0214
11,SUNDAY,6,0.0000,0.0000,0.0000,0.1362,0.0871,0.7833,0.2814,0.1344,0.0085,0.0182
11,SUNDAY,7,0.0000,0.0000,0.0000,0.2367,0.2060,0.7775,0.0000,0.1434,0.1423,0.0259
11,SUNDAY,8,0.0168,0.0000,0.0201,0.4277,0.4121,0.7773,0.0000,0.1736,0.1497,0.0394
11,SUNDAY,9,0.0426,0.0485,0.1032,0.6662,0.6412,0.7975,0.0000,0.2085,0.1601,0.0528
11,SUNDAY,10,0.0000,0.1504,0.1175,0.8438,0.7574,0.8125,0.0000,0.2452,0.1702,0.0601
11,SUNDAY,11,0.0000,0.2122,0.1204,0.9048,0.8379,0.8299,0.0000,0.2825,0.1783,0.0602
11,SUNDAY,12,0.0000,0.2702,0.1241,0.9158,0.9427,0.8549,0.0000,0.3392,0.1860,0.0602
11,SUNDAY,13,0.0000,0.2983,0.1252,0.8817,1.1496,0.8822,0.0000,0.5228,0.1882,0.0618
11,SUNDAY,14,0.0000,0.3196,0.1261,0.8619,1.2925,0.9260,0.0000,0.7795,0.1894,0.0728
11,SUNDAY,15,0.0000,0.3248,0.1251,0.8705,1.3622,0.9466,0.0000,0.9332,0.1916,0.0899
11,SUNDAY,16,0.1043,1.1831,0.3165,0.8966,1.4066,0.9398,0.0000,1.0010,0.1933,0.1010
11,SUNDAY,17,0.0857,1.3519,0.3967,0.8992,1.4297,0.9336,0.2814,1.0227,0.1940,0.1077
11,SUNDAY,18,0.0819,1.0901,0.3801,0.8641,1.4989,0.9154,0.2814,1.0291,0.1933,0.1095
11,SUNDAY,19,0.0774,1.0806,0.3828,0.7186,1.4940,0.9039,0.2814,1.0222,0.1887,0.1089
11,SUNDAY,20,0.0819,0.9888,0.3734,0.4630,1.3707,0.8936,0.2814,0.9726,0.1775,0.1016
11,SUNDAY,21,0.0875,0.8798,0.3580,0.3005,1.1634,0.8721,0.2814,0.9185,0.1520,0.0925
11,SUNDAY,22,0.1068,0.7307,0.3105,0.1891,0.9029,0.8620,0.2814,0.8566,0.0982,0.0777
11,SUNDAY,23,0.0904,0.6422,0.2327,0.1246,0.6133,0.8375,0.2814,0.7833,0.0179,0.0680
11,HOLIDAY,0,0.0000,0.0000,0.0000,0.1028,0.2338,0.7942,0.2814,0.3876,0.0104,0.0372
11,HOLIDAY,1,0.0000,0.0000,0.0000,0.1016,0.1539,0.7885,0.2814,0.3199,0.0097,0.0356
11,HOLIDAY,2,0.0000,0.0000,0.0000,0.1016,0.0799,0.7834,0.2814,0.2548,0.0095,0.0338
11,HOLIDAY,3,0.0000,0.0000,0.0000,0.1016,0.0462,0.7792,0.2814,0.2004,0.0091,0.0303
11,HOLIDAY,4,0.0000,0.0000,0.0000,0.1016,0.0380,0.7748,0.2814,0.1616,0.0082,0.0229
11,HOLIDAY,5,0.0000,0.0000,0.0000,0.1033,0.0400,0.7839,0.2814,0.1364,0.0074,0.0163
11,HOLIDAY,6,0.0000,0.0000,0.0000,0.1189,0.0622,0.7790,0.2814,0.1243,0.0076,0.0147
11,HOLIDAY,7,0.0000,0.0000,0.0000,0.1692,0.1217,0.7739,0.0000,0.1287,0.0745,0.0186
11,HOLIDAY,8,0.0000,0.0000,0.0000,0.2647,0.2247,0.7721,0.0000,0.1439,0.0782,0.0253
11,HOLIDAY,9,0.0251,0.0136,0.0518,0.3839,0.3392,0.7881,0.0000,0.1613,0.0834,0.0320
11,HOLIDAY,10,0.0171,0.0875,0.0998,0.4727,0.3974,0.7972,0.0000,0.1797,0.0884,0.0356
11,HOLIDAY,11,0.0000,0.1471,0.1011,0.5032,0.4376,0.8086,0.0000,0.1983,0.0925,0.0357
11,HOLIDAY,12,0.0000,0.1902,0.1029,0.5087,0.4900,0.8281,0.0000,0.2266,0.0963,0.0357
11,HOLIDAY,13,0.0000,0.2160,0.1031,0.4917,0.5935,0.8429,0.0000,0.3185,0.0974,0.0365
11,HOLIDAY,14,0.0000,0.2283,0.1044,0.4818,0.6649,0.8718,0.0000,0.4468,0.0980,0.0420
11,HOLIDAY,15,0.0000,0.2303,0.1043,0.4861,0.6997,0.8830,0.0000,0.5236,0.0991,0.0505
11,HOLIDAY,16,0.0000,0.5893,0.1956,0.4991,0.7220,0.8732,0.0000,0.5576,0.1000,0.0561
11,HOLIDAY,17,0.0000,0.6584,0.3014,0.5004,0.7335,0.8673,0.2814,0.5684,0.1003,0.0595
11,HOLIDAY,18,0.0000,0.5298,0.2068,0.4829,0.7681,0.8513,0.2814,0.5716,0.1000,0.0604
11,HOLIDAY,19,0.0000,0.5177,0.2956,0.4101,0.7657,0.8443,0.2814,0.5682,0.0977,0.0601
11,HOLIDAY,20,0.0000,0.4734,0.2513,0.2823,0.7040,0.8396,0.2814,0.5434,0.0921,0.0564
11,HOLIDAY,21,0.0000,0.4274,0.2459,0.2011,0.6004,0.8232,0.2814,0.5163,0.0793,0.0518
11,HOLIDAY,22,0.0000,0.3437,0.1887,0.1453,0.4701,0.8183,0.2814,0.4854,0.0524,0.0445
11,HOLIDAY,23,0.0000,0.3030,0.1766,0.1131,0.3253,0.7989,0.2814,0.4487,0.0123,0.0396
12,WEEKDAY,0,0.0187,0.0000,0.0115,0.1136,0.4288,0.8116,0.2814,0.6610,0.0140,0.0630
12,WEEKDAY,1,0.0135,0.0000,0.0077,0.1112,0.2702,0.8004,0.2814,0.5257,0.0127,0.0600
12,WEEKDAY,2,0.0508,0.0000,0.0269,0.1112,0.1225,0.7902,0.2814,0.3955,0.0123,0.0563
12,WEEKDAY,3,0.0532,0.0000,0.0307,0.1112,0.0551,0.7810,0.2814,0.2867,0.0115,0.0494
12,WEEKDAY,4,0.0456,0.0000,0.0230,0.1112,0.0388,0.7724,0.2814,0.2091,0.0098,0.0347
12,WEEKDAY,5,0.0744,0.0000,0.0384,0.1149,0.0426,0.7770,0.2814,0.1585,0.0081,0.0214
12,WEEKDAY,6,0.0801,0.0000,0.0422,0.1488,0.0853,0.7692,0.2814,0.1342,0.0084,0.0180
12,WEEKDAY,7,0.0907,0.0000,0.0460,0.2587,0.2001,0.7632,0.2814,0.1428,0.1421,0.0255
12,WEEKDAY,8,0.0000,0.0000,0.0000,0.4675,0.3992,0.7579,0.0000,0.1727,0.1493,0.0386
12,WEEKDAY,9,0.0000,0.0212,0.0234,0.7281,0.6212,0.7738,0.0000,0.2073,0.1595,0.0516
12,WEEKDAY,10,0.0260,0.0497,0.0744,0.9223,0.7365,0.7874,0.0000,0.2440,0.1695,0.0587
12,WEEKDAY,11,0.0189,0.0970,0.1137,0.9889,0.8153,0.8048,0.0000,0.2812,0.1776,0.0589
12,WEEKDAY,12,0.0000,0.1671,0.1171,1.0010,0.9200,0.8282,0.0000,0.3379,0.1853,0.0589
12,WEEKDAY,13,0.0000,0.1977,0.1177,0.9637,1.1282,0.8556,0.0000,0.5216,0.1876,0.0605
12,WEEKDAY,14,0.0000,0.2094,0.1180,0.9421,1.2720,0.8983,0.0000,0.7783,0.1888,0.0714
12,WEEKDAY,15,0.0000,0.2042,0.1164,0.9514,1.3420,0.9192,0.0000,0.9319,0.1910,0.0885
12,WEEKDAY,16,0.3815,0.9478,0.3813,0.9799,1.3857,0.9141,0.0000,0.9998,0.1927,0.0996
12,WEEKDAY,17,0.3274,1.0913,0.4206,0.9829,1.4079,0.9097,0.2814,1.0214,0.1933,0.1064
12,WEEKDAY,18,0.3155,0.8997,0.4135,0.9445,1.4769,0.8956,0.2814,1.0279,0.1927,0.1082
12,WEEKDAY,19,0.3155,0.8966,0.4165,0.7855,1.4726,0.8839,0.2814,1.0209,0.1880,0.1076
12,WEEKDAY,20,0.3348,0.8248,0.4098,0.5061,1.3508,0.8746,0.2814,0.9714,0.1769,0.1004
12,WEEKDAY,21,0.3234,0.7480,0.3754,0.3284,1.1467,0.8546,0.2814,0.9173,0.1515,0.0914
12,WEEKDAY,22,0.3197,0.6445,0.3389,0.2067,0.8910,0.8456,0.2814,0.8558,0.0979,0.0770
12,WEEKDAY,23,0.3195,0.5508,0.2957,0.1362,0.6078,0.8226,0.2814,0.7828,0.0177,0.0677
12,SATURDAY,0,0.0000,0.0000,0.0000,0.1136,0.4304,0.8117,0.2814,0.6611,0.0141,0.0631
12,SATURDAY,1,0.0313,0.0000,0.0201,0.1111,0.2704,0.8005,0.2814,0.5257,0.0127,0.0601
12,SATURDAY,2,0.0000,0.0000,0.0000,0.1111,0.1225,0.7902,0.2814,0.3955,0.0123,0.0563
12,SATURDAY,3,0.0309,0.0000,0.0201,0.1111,0.0551,0.7811,0.2814,0.2867,0.0115,0.0494
12,SATURDAY,4,0.0335,0.0000,0.0201,0.1111,0.0388,0.7724,0.2814,0.2091,0.0098,0.0347
12,SATURDAY,5,0.0670,0.0000,0.0403,0.1149,0.0428,0.7770,0.2814,0.1586,0.0081,0.0214
12,SATURDAY,6,0.0319,0.0000,0.0201,0.1488,0.0871,0.7692,0.2814,0.1344,0.0085,0.0182
12,SATURDAY,7,0.0679,0.0000,0.0403,0.2587,0.2060,0.7633,0.2814,0.1434,0.1423,0.0259
12,SATURDAY,8,0.0000,0.0000,0.0000,0.4675,0.4121,0.7581,0.0000,0.1736,0.1497,0.0394
12,SATURDAY,9,0.0000,0.0219,0.0250,0.7281,0.6412,0.7741,0.0000,0.2085,0.1601,0.0528
12,SATURDAY,10,0.0231,0.0579,0.0750,0.9223,0.7574,0.7877,0.0000,0.2452,0.1702,0.0601
12,SATURDAY,11,0.0000,0.1124,0.1169,0.9889,0.8379,0.8051,0.0000,0.2825,0.1783,0.0602
12,SATURDAY,12,0.0000,0.1943,0.1193,1.0010,0.9427,0.8285,0.0000,0.3392,0.1860,0.0602
12,SATURDAY,13,0.0000,0.2303,0.1204,0.9637,1.1496,0.8559,0.0000,0.5228,0.1882,0.0618
12,SATURDAY,14,0.0000,0.2566,0.1198,0.9421,1.2925,0.8986,0.0000,0.7795,0.1894,0.0728
12,SATURDAY,15,0.0000,0.2461,0.1184,0.9514,1.3622,0.9195,0.0000,0.9332,0.1916,0.0899
12,SATURDAY,16,0.3092,1.0164,0.3865,0.9799,1.4066,0.9144,0.0000,1.0010,0.1933,0.1010
12,SATURDAY,17,0.2671,1.1677,0.4025,0.9829,1.4297,0.9100,0.2814,1.0227,0.1940,0.1077
12,SATURDAY,18,0.2595,0.9571,0.4091,0.9445,1.4989,0.8959,0.2814,1.0291,0.1933,0.1095
12,SATURDAY,19,0.2588,0.9567,0.4120,0.7855,1.4940,0.8842,0.2814,1.0222,0.1887,0.1089
12,SATURDAY,20,0.2589,0.8733,0.4048,0.5061,1.3707,0.8749,0.2814,0.9726,0.1775,0.1016
12,SATURDAY,21,0.2665,0.7896,0.4153,0.3284,1.1634,0.8548,0.2814,0.9185,0.1520,0.0925
12,SATURDAY,22,0.2701,0.6734,0.2893,0.2067,0.9029,0.8458,0.2814,0.8566,0.0982,0.0777
12,SATURDAY,23,0.2960,0.5712,0.2973,0.1362,0.6133,0.8228,0.2814,0.7833,0.0179,0.0680
12,SUNDAY,0,0.0000,0.0000,0.0000,0.1136,0.4304,0.8117,0.2814,0.6611,0.0141,0.0631
12,SUNDAY,1,0.0000,0.0000,0.0000,0.1111,0.2704,0.8005,0.2814,0.5257,0.0127,0.0601
12,SUNDAY,2,0.0000,0.0000,0.0000,0.1111,0.1225,0.7902,0.2814,0.3955,0.0123,0.0563
12,SUNDAY,3,0.0532,0.0000,0.0322,0.1111,0.0551,0.7811,0.2814,0.2867,0.0115,0.0494
12,SUNDAY,4,0.0000,0.0000,0.0000,0.1111,0.0388,0.7724,0.2814,0.2091,0.0098,0.0347
12,SUNDAY,5,0.0809,0.0000,0.0483,0.1149,0.0428,0.7770,0.2814,0.1586,0.0081,0.0214
12,SUNDAY,6,0.0258,0.0000,0.0161,0.1488,0.0871,0.7692,0.2814,0.1344,0.0085,0.0182
12,SUNDAY,7,0.0879,0.0000,0.0483,0.2587,0.2060,0.7633,0.2814,0.1434,0.1423,0.0259
12,SUNDAY,8,0.0000,0.0000,0.0000,0.4675,0.4121,0.7581,0.0000,0.1736,0.1497,0.0394
12,SUNDAY,9,0.0000,0.0226,0.0238,0.7281,0.6412,0.7741,0.0000,0.2085,0.1601,0.0528
12,SUNDAY,10,0.0575,0.0474,0.1147,0.9223,0.7574,0.7877,0.0000,0.2452,0.1702,0.0601
12,SUNDAY,11,0.0000,0.1244,0.1166,0.9889,0.8379,0.8051,0.0000,0.2825,0.1783,0.0602
12,SUNDAY,12,0.0000,0.1766,0.1204,1.0010,0.9427,0.8285,0.0000,0.3392,0.1860,0.0602
12,SUNDAY,13,0.0000,0.2312,0.1211,0.9637,1.1496,0.8559,0.0000,0.5228,0.1882,0.0618
12,SUNDAY,14,0.0000,0.2433,0.1212,0.9421,1.2925,0.8986,0.0000,0.7795,0.1894,0.0728
12,SUNDAY,15,0.0000,0.2374,0.1192,0.9514,1.3622,0.9195,0.0000,0.9332,0.1916,0.0899
12,SUNDAY,16,0.3479,0.9989,0.3714,0.9799,1.4066,0.9144,0.0000,1.0010,0.1933,0.1010
12,SUNDAY,17,0.3057,1.1256,0.4401,0.9829,1.4297,0.9100,0.2814,1.0227,0.1940,0.1077
12,SUNDAY,18,0.3049,0.9276,0.4269,0.9445,1.4989,0.8959,0.2814,1.0291,0.1933,0.1095
12,SUNDAY,19,0.3068,0.9096,0.4296,0.7855,1.4940,0.8842,0.2814,1.0222,0.1887,0.1089
12,SUNDAY,20,0.3186,0.8250,0.4220,0.5061,1.3707,0.8749,0.2814,0.9726,0.1775,0.1016
12,SUNDAY,21,0.3602,0.7307,0.4142,0.3284,1.1634,0.8548,0.2814,0.9185,0.1520,0.0925
12,SUNDAY,22,0.3337,0.6269,0.3409,0.2067,0.9029,0.8458,0.2814,0.8566,0.0982,0.0777
12,SUNDAY,23,0.3254,0.5373,0.2791,0.1362,0.6133,0.8228,0.2814,0.7833,0.0179,0.0680
12,HOLIDAY,0,0.0000,0.0000,0.0000,0.1111,0.0373,0.7464,0.2814,0.1141,0.0067,0.0112
12,HOLIDAY,1,0.1436,0.0000,0.0806,0.1111,0.0373,0.7473,0.2814,0.1141,0.0067,0.0112
12,HOLIDAY,2,0.0000,0.0000,0.0000,0.1111,0.0373,0.7484,0.2814,0.1141,0.0067,0.0112
12,HOLIDAY,3,0.1969,0.0000,0.0806,0.1111,0.0373,0.7492,0.2814,0.1141,0.0067,0.0112
12,HOLIDAY,4,0.1688,0.0000,0.0806,0.1111,0.0373,0.7500,0.2814,0.1141,0.0067,0.0112
12,HOLIDAY,5,0.1779,0.0000,0.0806,0.1111,0.0373,0.7629,0.2814,0.1141,0.0067,0.0112
12,HOLIDAY,6,0.1686,0.0000,0.0806,0.1111,0.0373,0.7606,0.2814,0.1141,0.0067,0.0112
12,HOLIDAY,7,0.1900,0.0000,0.0806,0.1111,0.0373,0.7561,0.2814,0.1141,0.0067,0.0112
12,HOLIDAY,8,0.0000,0.0000,0.0000,0.1111,0.0373,0.7477,0.0000,0.1141,0.0067,0.0112
12,HOLIDAY,9,0.0000,0.0000,0.0000,0.1111,0.0373,0.7552,0.0000,0.1141,0.0067,0.0112
12,HOLIDAY,10,0.0000,0.0000,0.0000,0.1111,0.0373,0.7570,0.0000,0.1141,0.0067,0.0112
12,HOLIDAY,11,0.0000,0.0000,0.0000,0.1111,0.0373,0.7626,0.0000,0.1141,0.0067,0.0112
12,HOLIDAY,12,0.0000,0.0000,0.0000,0.1111,0.0373,0.7749,0.0000,0.1141,0.0067,0.0112
12,HOLIDAY,13,0.0000,0.0000,0.0000,0.1111,0.0373,0.7772,0.0000,0.1141,0.0067,0.0112
12,HOLIDAY,14,0.0000,0.0000,0.0000,0.1111,0.0373,0.7903,0.0000,0.1141,0.0067,0.0112
12,HOLIDAY,15,0.0000,0.0000,0.0000,0.1111,0.0373,0.7923,0.0000,0.1141,0.0067,0.0112
12,HOLIDAY,16,0.0000,0.0000,0.0000,0.1111,0.0373,0.7813,0.0000,0.1141,0.0067,0.0112
12,HOLIDAY,17,0.0000,0.0000,0.0000,0.1111,0.0373,0.7774,0.2814,0.1141,0.0067,0.0112
12,HOLIDAY,18,0.0000,0.0000,0.0000,0.1111,0.0373,0.7677,0.2814,0.1141,0.0067,0.0112
12,HOLIDAY,19,0.1370,0.0000,0.0806,0.1111,0.0373,0.7650,0.2814,0.1141,0.0067,0.0112
12,HOLIDAY,20,0.0000,0.0000,0.0000,0.1111,0.0373,0.7669,0.2814,0.1141,0.0067,0.0112
12,HOLIDAY,21,0.1426,0.0000,0.0806,0.1111,0.0373,0.7570,0.2814,0.1141,0.0067,0.0112
12,HOLIDAY,22,0.1544,0.0000,0.0806,0.1111,0.0373,0.7582,0.2814,0.1141,0.0067,0.0112
12,HOLIDAY,23,0.1643,0.0000,0.0806,0.1111,0.0373,0.7455,0.2814,0.1141,0.0067,0.0112
