Month,Daytype,Hour,Cooling,Ventilation,Cooking,Refrigeration,Exterior_Lighting,Interior_Lighting,Office_Equipment,Miscellaneous,Motors,Air_Compressors
1,WEEKDAY,0,0.0000,0.0420,0.1019,1.9342,0.0951,0.3855,0.0023,0.0100,0.0007,0.0115
1,WEEKDAY,1,0.0000,0.1237,0.0147,1.9393,0.0951,0.3855,0.0020,0.0078,0.0007,0.0115
1,WEEKDAY,2,0.0000,0.2323,0.0009,1.9416,0.0951,0.2881,0.0020,0.0078,0.0007,0.0115
1,WEEKDAY,3,0.0000,0.2323,0.0178,1.9497,0.0951,0.2902,0.0024,0.0117,0.0007,0.0115
1,WEEKDAY,4,0.0000,0.2323,0.1528,1.9589,0.0951,0.2976,0.0038,0.0249,0.0013,0.0231
1,WEEKDAY,5,0.0000,0.2323,0.3580,2.0702,0.0951,0.3323,0.0164,0.0471,0.0022,0.0384
1,WEEKDAY,6,0.0000,0.2329,0.5390,2.0587,0.0951,0.8278,0.0261,0.0723,0.0035,0.0615
1,WEEKDAY,7,0.0000,0.2333,0.6261,1.9844,0.0716,1.1984,0.0516,0.0812,0.0042,0.0730
1,WEEKDAY,8,0.0000,0.2327,0.6765,1.9255,0.0000,1.2381,0.0553,0.0907,0.0042,0.0730
1,WEEKDAY,9,0.0005,0.2329,0.6766,2.0201,0.0000,1.2385,0.0564,0.1180,0.0042,0.0730
1,WEEKDAY,10,0.0009,0.2334,0.6766,2.0393,0.0000,1.2385,0.0565,0.1362,0.0042,0.0730
1,WEEKDAY,11,0.0247,0.2335,0.6755,2.0789,0.0000,1.2385,0.0565,0.1499,0.0042,0.0730
1,WEEKDAY,12,0.0551,0.2333,0.6658,2.2267,0.0000,1.2385,0.0565,0.1499,0.0042,0.0730
1,WEEKDAY,13,0.0795,0.2332,0.6354,2.2701,0.0000,1.2385,0.0565,0.1499,0.0042,0.0730
1,WEEKDAY,14,0.0926,0.2331,0.5947,2.4117,0.0000,1.2375,0.0565,0.1499,0.0042,0.0730
1,WEEKDAY,15,0.0957,0.2330,0.5652,2.4482,0.0000,1.2315,0.0565,0.1499,0.0042,0.0730
1,WEEKDAY,16,0.0922,0.2329,0.5489,2.3672,0.0000,1.2275,0.0565,0.1497,0.0042,0.0730
1,WEEKDAY,17,0.0782,0.2328,0.5391,2.3574,0.0951,1.2002,0.0562,0.1347,0.0042,0.0730
1,WEEKDAY,18,0.0371,0.2325,0.5315,2.2208,0.1065,1.2004,0.0548,0.1214,0.0042,0.0730
1,WEEKDAY,19,0.0110,0.2319,0.4776,2.1846,0.1065,1.1851,0.0315,0.0659,0.0035,0.0615
1,WEEKDAY,20,0.0000,0.2320,0.4042,2.1640,0.1065,1.1469,0.0220,0.0440,0.0027,0.0461
1,WEEKDAY,21,0.0000,0.2320,0.2620,2.0585,0.0951,1.0495,0.0086,0.0271,0.0018,0.0307
1,WEEKDAY,22,0.0000,0.2320,0.1945,2.0542,0.0951,0.9032,0.0057,0.0171,0.0004,0.0077
1,WEEKDAY,23,0.0000,0.2232,0.1698,1.9381,0.0951,0.4185,0.0047,0.0125,0.0004,0.0077
1,SATURDAY,0,0.0000,0.0330,0.1019,1.9342,0.0951,0.3855,0.0023,0.0100,0.0007,0.0115
1,SATURDAY,1,0.0000,0.0829,0.0147,1.9393,0.0951,0.3855,0.0020,0.0078,0.0007,0.0115
1,SATURDAY,2,0.0000,0.2323,0.0009,1.9416,0.0951,0.2881,0.0020,0.0078,0.0007,0.0115
1,SATURDAY,3,0.0000,0.2322,0.0178,1.9497,0.0951,0.2902,0.0024,0.0117,0.0007,0.0115
1,SATURDAY,4,0.0000,0.2322,0.1528,1.9589,0.0951,0.2976,0.0038,0.0249,0.0013,0.0231
1,SATURDAY,5,0.0000,0.2322,0.3580,2.0702,0.0951,0.3323,0.0164,0.0471,0.0022,0.0384
1,SATURDAY,6,0.0000,0.2328,0.5390,2.0587,0.0951,0.8278,0.0261,0.0723,0.0035,0.0615
1,SATURDAY,7,0.0000,0.2327,0.6261,1.9844,0.0716,1.1984,0.0516,0.0812,0.0042,0.0730
1,SATURDAY,8,0.0000,0.2327,0.6765,1.9255,0.0000,1.2381,0.0553,0.0907,0.0042,0.0730
1,SATURDAY,9,0.0001,0.2339,0.6766,2.0201,0.0000,1.2385,0.0564,0.1180,0.0042,0.0730
1,SATURDAY,10,0.0013,0.2330,0.6766,2.0393,0.0000,1.2385,0.0565,0.1362,0.0042,0.0730
1,SATURDAY,11,0.0025,0.2330,0.6755,2.0789,0.0000,1.2385,0.0565,0.1499,0.0042,0.0730
1,SATURDAY,12,0.0033,0.2330,0.6658,2.2267,0.0000,1.2385,0.0565,0.1499,0.0042,0.0730
1,SATURDAY,13,0.0041,0.2330,0.6354,2.2701,0.0000,1.2385,0.0565,0.1499,0.0042,0.0730
1,SATURDAY,14,0.0049,0.2329,0.5947,2.4117,0.0000,1.2375,0.0565,0.1499,0.0042,0.0730
1,SATURDAY,15,0.0048,0.2328,0.5652,2.4482,0.0000,1.2315,0.0565,0.1499,0.0042,0.0730
1,SATURDAY,16,0.0046,0.2328,0.5489,2.3672,0.0000,1.2275,0.0565,0.1497,0.0042,0.0730
1,SATURDAY,17,0.0038,0.2327,0.5391,2.3574,0.0951,1.2002,0.0562,0.1347,0.0042,0.0730
1,SATURDAY,18,0.0021,0.2325,0.5315,2.2208,0.1065,1.2004,0.0548,0.1214,0.0042,0.0730
1,SATURDAY,19,0.0000,0.2320,0.4776,2.1846,0.1065,1.1851,0.0315,0.0659,0.0035,0.0615
1,SATURDAY,20,0.0000,0.2320,0.4042,2.1640,0.1065,1.1469,0.0220,0.0440,0.0027,0.0461
1,SATURDAY,21,0.0000,0.2321,0.2620,2.0585,0.0951,1.0495,0.0086,0.0271,0.0018,0.0307
1,SATURDAY,22,0.0000,0.2321,0.1945,2.0542,0.0951,0.9032,0.0057,0.0171,0.0004,0.0077
1,SATURDAY,23,0.0000,0.2323,0.1698,1.9381,0.0951,0.4185,0.0047,0.0125,0.0004,0.0077
1,SUNDAY,0,0.0000,0.0330,0.0968,1.9338,0.0951,0.3855,0.0023,0.0099,0.0007,0.0115
1,SUNDAY,1,0.0000,0.1825,0.0077,1.9389,0.0951,0.3855,0.0020,0.0077,0.0007,0.0115
1,SUNDAY,2,0.0000,0.2323,0.0009,1.9416,0.0951,0.2881,0.0020,0.0078,0.0007,0.0115
1,SUNDAY,3,0.0000,0.2323,0.0729,1.9509,0.0951,0.2902,0.0025,0.0132,0.0007,0.0115
1,SUNDAY,4,0.0000,0.2323,0.2895,1.9624,0.0951,0.2976,0.0041,0.0305,0.0013,0.0231
1,SUNDAY,5,0.0000,0.2324,0.4187,2.0741,0.0951,0.3323,0.0169,0.0505,0.0022,0.0384
1,SUNDAY,6,0.0000,0.2329,0.5533,2.0617,0.0951,0.8278,0.0265,0.0731,0.0035,0.0615
1,SUNDAY,7,0.0000,0.2338,0.6275,1.9863,0.0716,1.1984,0.0519,0.0812,0.0042,0.0730
1,SUNDAY,8,0.0000,0.2331,0.6765,1.9268,0.0000,1.2381,0.0554,0.0907,0.0042,0.0730
1,SUNDAY,9,0.0002,0.2327,0.6766,2.0206,0.0000,1.2385,0.0564,0.1180,0.0042,0.0730
1,SUNDAY,10,0.0004,0.2331,0.6764,2.0394,0.0000,1.2385,0.0565,0.1362,0.0042,0.0730
1,SUNDAY,11,0.0300,0.2333,0.6750,2.0789,0.0000,1.2385,0.0565,0.1499,0.0042,0.0730
1,SUNDAY,12,0.0616,0.2332,0.6655,2.2267,0.0000,1.2385,0.0565,0.1499,0.0042,0.0730
1,SUNDAY,13,0.0656,0.2331,0.6346,2.2701,0.0000,1.2385,0.0565,0.1499,0.0042,0.0730
1,SUNDAY,14,0.0681,0.2330,0.5932,2.4117,0.0000,1.2375,0.0565,0.1499,0.0042,0.0730
1,SUNDAY,15,0.0990,0.2329,0.5631,2.4482,0.0000,1.2315,0.0565,0.1499,0.0042,0.0730
1,SUNDAY,16,0.0688,0.2328,0.5464,2.3672,0.0000,1.2275,0.0565,0.1497,0.0042,0.0730
1,SUNDAY,17,0.0660,0.2327,0.5365,2.3574,0.0951,1.2002,0.0562,0.1347,0.0042,0.0730
1,SUNDAY,18,0.0323,0.2325,0.5287,2.2208,0.1065,1.2004,0.0548,0.1214,0.0042,0.0730
1,SUNDAY,19,0.0000,0.2320,0.4747,2.1846,0.1065,1.1851,0.0315,0.0659,0.0035,0.0615
1,SUNDAY,20,0.0000,0.2320,0.4012,2.1640,0.1065,1.1469,0.0220,0.0440,0.0027,0.0461
1,SUNDAY,21,0.0000,0.2321,0.2588,2.0585,0.0951,1.0495,0.0086,0.0271,0.0018,0.0307
1,SUNDAY,22,0.0000,0.2321,0.1911,2.0542,0.0951,0.9032,0.0057,0.0170,0.0004,0.0077
1,SUNDAY,23,0.0000,0.2323,0.1658,1.9380,0.0951,0.4185,0.0047,0.0125,0.0004,0.0077
1,HOLIDAY,0,0.0000,0.0330,0.1019,1.9342,0.0951,0.3855,0.0023,0.0100,0.0007,0.0115
1,HOLIDAY,1,0.0000,0.0332,0.0147,1.9393,0.0951,0.3855,0.0020,0.0078,0.0007,0.0115
1,HOLIDAY,2,0.0000,0.2323,0.0009,1.9416,0.0951,0.2881,0.0020,0.0078,0.0007,0.0115
1,HOLIDAY,3,0.0000,0.2322,0.0178,1.9497,0.0951,0.2902,0.0024,0.0117,0.0007,0.0115
1,HOLIDAY,4,0.0000,0.2322,0.1528,1.9589,0.0951,0.2976,0.0038,0.0249,0.0013,0.0231
1,HOLIDAY,5,0.0000,0.2322,0.3580,2.0702,0.0951,0.3323,0.0164,0.0471,0.0022,0.0384
1,HOLIDAY,6,0.0000,0.2327,0.5390,2.0587,0.0951,0.8278,0.0261,0.0723,0.0035,0.0615
1,HOLIDAY,7,0.0000,0.2323,0.6261,1.9844,0.0716,1.1984,0.0516,0.0812,0.0042,0.0730
1,HOLIDAY,8,0.0000,0.2326,0.6765,1.9255,0.0000,1.2381,0.0553,0.0907,0.0042,0.0730
1,HOLIDAY,9,0.0000,0.2323,0.6766,2.0201,0.0000,1.2385,0.0564,0.1180,0.0042,0.0730
1,HOLIDAY,10,0.1136,0.2324,0.6766,2.0393,0.0000,1.2385,0.0565,0.1362,0.0042,0.0730
1,HOLIDAY,11,0.1184,0.2327,0.6755,2.0789,0.0000,1.2385,0.0565,0.1499,0.0042,0.0730
1,HOLIDAY,12,0.1306,0.2327,0.6658,2.2267,0.0000,1.2385,0.0565,0.1499,0.0042,0.0730
1,HOLIDAY,13,0.1336,0.2327,0.6354,2.2701,0.0000,1.2385,0.0565,0.1499,0.0042,0.0730
1,HOLIDAY,14,0.1387,0.2327,0.5947,2.4117,0.0000,1.2375,0.0565,0.1499,0.0042,0.0730
1,HOLIDAY,15,0.1430,0.2327,0.5652,2.4482,0.0000,1.2315,0.0565,0.1499,0.0042,0.0730
1,HOLIDAY,16,0.1365,0.2326,0.5489,2.3672,0.0000,1.2275,0.0565,0.1497,0.0042,0.0730
1,HOLIDAY,17,0.1348,0.2326,0.5391,2.3574,0.0951,1.2002,0.0562,0.1347,0.0042,0.0730
1,HOLIDAY,18,0.1292,0.2324,0.5315,2.2208,0.1065,1.2004,0.0548,0.1214,0.0042,0.0730
1,HOLIDAY,19,0.1185,0.2319,0.4776,2.1846,0.1065,1.1851,0.0315,0.0659,0.0035,0.0615
1,HOLIDAY,20,0.1129,0.2320,0.4042,2.1640,0.1065,1.1469,0.0220,0.0440,0.0027,0.0461
1,HOLIDAY,21,0.0000,0.2320,0.2620,2.0585,0.0951,1.0495,0.0086,0.0271,0.0018,0.0307
1,HOLIDAY,22,0.0000,0.2320,0.1945,2.0542,0.0951,0.9032,0.0057,0.0171,0.0004,0.0077
1,HOLIDAY,23,0.0000,0.2321,0.1698,1.9381,0.0951,0.4185,0.0047,0.0125,0.0004,0.0077
2,WEEKDAY,0,0.0000,0.0330,0.1019,1.9907,0.0951,0.3855,0.0023,0.0100,0.0007,0.0115
2,WEEKDAY,1,0.0000,0.0749,0.0147,1.9937,0.0951,0.3855,0.0020,0.0078,0.0007,0.0115
2,WEEKDAY,2,0.0000,0.1589,0.0009,1.9962,0.0951,0.2881,0.0020,0.0078,0.0007,0.0115
2,WEEKDAY,3,0.0000,0.2113,0.0178,2.0005,0.0951,0.2902,0.0024,0.0117,0.0007,0.0115
2,WEEKDAY,4,0.0000,0.2322,0.1528,2.0081,0.0951,0.2976,0.0038,0.0249,0.0013,0.0231
2,WEEKDAY,5,0.0000,0.2217,0.3580,2.1221,0.0951,0.3323,0.0164,0.0471,0.0022,0.0384
2,WEEKDAY,6,0.0000,0.2327,0.5390,2.1035,0.0951,0.8278,0.0261,0.0723,0.0035,0.0615
2,WEEKDAY,7,0.0000,0.2324,0.6261,2.0099,0.0000,1.1984,0.0516,0.0812,0.0042,0.0730
2,WEEKDAY,8,0.0000,0.2328,0.6765,1.9773,0.0000,1.2381,0.0553,0.0907,0.0042,0.0730
2,WEEKDAY,9,0.0015,0.2331,0.6766,2.0952,0.0000,1.2385,0.0564,0.1180,0.0042,0.0730
2,WEEKDAY,10,0.0548,0.2334,0.6766,2.1252,0.0000,1.2385,0.0565,0.1362,0.0042,0.0730
2,WEEKDAY,11,0.0806,0.2335,0.6755,2.1692,0.0000,1.2385,0.0565,0.1499,0.0042,0.0730
2,WEEKDAY,12,0.1193,0.2339,0.6658,2.3183,0.0000,1.2385,0.0565,0.1499,0.0042,0.0730
2,WEEKDAY,13,0.1332,0.2349,0.6354,2.3588,0.0000,1.2385,0.0565,0.1499,0.0042,0.0730
2,WEEKDAY,14,0.1625,0.2353,0.5947,2.4986,0.0000,1.2375,0.0565,0.1499,0.0042,0.0730
2,WEEKDAY,15,0.1767,0.2352,0.5652,2.5262,0.0000,1.2315,0.0565,0.1499,0.0042,0.0730
2,WEEKDAY,16,0.1773,0.2347,0.5489,2.4391,0.0000,1.2275,0.0565,0.1497,0.0042,0.0730
2,WEEKDAY,17,0.1474,0.2337,0.5391,2.4382,0.0000,1.2002,0.0562,0.1347,0.0042,0.0730
2,WEEKDAY,18,0.0979,0.2328,0.5315,2.2942,0.1065,1.2004,0.0548,0.1214,0.0042,0.0730
2,WEEKDAY,19,0.0690,0.2320,0.4776,2.2523,0.1065,1.1851,0.0315,0.0659,0.0035,0.0615
2,WEEKDAY,20,0.0398,0.2319,0.4042,2.2266,0.1065,1.1469,0.0220,0.0440,0.0027,0.0461
2,WEEKDAY,21,0.0258,0.2319,0.2620,2.1263,0.0951,1.0495,0.0086,0.0271,0.0018,0.0307
2,WEEKDAY,22,0.0124,0.2319,0.1945,2.1169,0.0951,0.9032,0.0057,0.0171,0.0004,0.0077
2,WEEKDAY,23,0.0000,0.1274,0.1698,1.9969,0.0951,0.4185,0.0047,0.0125,0.0004,0.0077
2,SATURDAY,0,0.0000,0.0330,0.1019,1.9907,0.0951,0.3855,0.0023,0.0100,0.0007,0.0115
2,SATURDAY,1,0.0000,0.0828,0.0147,1.9937,0.0951,0.3855,0.0020,0.0078,0.0007,0.0115
2,SATURDAY,2,0.0000,0.1825,0.0009,1.9962,0.0951,0.2881,0.0020,0.0078,0.0007,0.0115
2,SATURDAY,3,0.0000,0.2322,0.0178,2.0005,0.0951,0.2902,0.0024,0.0117,0.0007,0.0115
2,SATURDAY,4,0.0000,0.2322,0.1528,2.0081,0.0951,0.2976,0.0038,0.0249,0.0013,0.0231
2,SATURDAY,5,0.0000,0.2322,0.3580,2.1221,0.0951,0.3323,0.0164,0.0471,0.0022,0.0384
2,SATURDAY,6,0.0000,0.2327,0.5390,2.1035,0.0951,0.8278,0.0261,0.0723,0.0035,0.0615
2,SATURDAY,7,0.0000,0.2323,0.6261,2.0099,0.0000,1.1984,0.0516,0.0812,0.0042,0.0730
2,SATURDAY,8,0.0000,0.2327,0.6765,1.9773,0.0000,1.2381,0.0553,0.0907,0.0042,0.0730
2,SATURDAY,9,0.0008,0.2330,0.6766,2.0952,0.0000,1.2385,0.0564,0.1180,0.0042,0.0730
2,SATURDAY,10,0.0030,0.2332,0.6766,2.1252,0.0000,1.2385,0.0565,0.1362,0.0042,0.0730
2,SATURDAY,11,0.0988,0.2333,0.6755,2.1692,0.0000,1.2385,0.0565,0.1499,0.0042,0.0730
2,SATURDAY,12,0.1030,0.2332,0.6658,2.3183,0.0000,1.2385,0.0565,0.1499,0.0042,0.0730
2,SATURDAY,13,0.1077,0.2332,0.6354,2.3588,0.0000,1.2385,0.0565,0.1499,0.0042,0.0730
2,SATURDAY,14,0.1110,0.2331,0.5947,2.4986,0.0000,1.2375,0.0565,0.1499,0.0042,0.0730
2,SATURDAY,15,0.1120,0.2330,0.5652,2.5262,0.0000,1.2315,0.0565,0.1499,0.0042,0.0730
2,SATURDAY,16,0.1105,0.2330,0.5489,2.4391,0.0000,1.2275,0.0565,0.1497,0.0042,0.0730
2,SATURDAY,17,0.1060,0.2329,0.5391,2.4382,0.0000,1.2002,0.0562,0.1347,0.0042,0.0730
2,SATURDAY,18,0.0986,0.2326,0.5315,2.2942,0.1065,1.2004,0.0548,0.1214,0.0042,0.0730
2,SATURDAY,19,0.0304,0.2319,0.4776,2.2523,0.1065,1.1851,0.0315,0.0659,0.0035,0.0615
2,SATURDAY,20,0.0000,0.2319,0.4042,2.2266,0.1065,1.1469,0.0220,0.0440,0.0027,0.0461
2,SATURDAY,21,0.0000,0.2319,0.2620,2.1263,0.0951,1.0495,0.0086,0.0271,0.0018,0.0307
2,SATURDAY,22,0.0000,0.2320,0.1945,2.1169,0.0951,0.9032,0.0057,0.0171,0.0004,0.0077
2,SATURDAY,23,0.0000,0.1824,0.1698,1.9969,0.0951,0.4185,0.0047,0.0125,0.0004,0.0077
2,SUNDAY,0,0.0000,0.0330,0.0968,1.9904,0.0951,0.3855,0.0023,0.0099,0.0007,0.0115
2,SUNDAY,1,0.0000,0.0829,0.0077,1.9933,0.0951,0.3855,0.0020,0.0077,0.0007,0.0115
2,SUNDAY,2,0.0000,0.2323,0.0009,1.9962,0.0951,0.2881,0.0020,0.0078,0.0007,0.0115
2,SUNDAY,3,0.0000,0.2322,0.0729,2.0018,0.0951,0.2902,0.0025,0.0132,0.0007,0.0115
2,SUNDAY,4,0.0000,0.2322,0.2895,2.0116,0.0951,0.2976,0.0041,0.0305,0.0013,0.0231
2,SUNDAY,5,0.0000,0.2322,0.4187,2.1260,0.0951,0.3323,0.0169,0.0505,0.0022,0.0384
2,SUNDAY,6,0.0000,0.2328,0.5533,2.1064,0.0951,0.8278,0.0265,0.0731,0.0035,0.0615
2,SUNDAY,7,0.0000,0.2329,0.6275,2.0118,0.0000,1.1984,0.0519,0.0812,0.0042,0.0730
2,SUNDAY,8,0.0000,0.2329,0.6765,1.9785,0.0000,1.2381,0.0554,0.0907,0.0042,0.0730
2,SUNDAY,9,0.0020,0.2336,0.6766,2.0957,0.0000,1.2385,0.0564,0.1180,0.0042,0.0730
2,SUNDAY,10,0.0638,0.2340,0.6764,2.1253,0.0000,1.2385,0.0565,0.1362,0.0042,0.0730
2,SUNDAY,11,0.0700,0.2339,0.6750,2.1692,0.0000,1.2385,0.0565,0.1499,0.0042,0.0730
2,SUNDAY,12,0.1071,0.2336,0.6655,2.3183,0.0000,1.2385,0.0565,0.1499,0.0042,0.0730
2,SUNDAY,13,0.1124,0.2334,0.6346,2.3588,0.0000,1.2385,0.0565,0.1499,0.0042,0.0730
2,SUNDAY,14,0.1136,0.2333,0.5932,2.4986,0.0000,1.2375,0.0565,0.1499,0.0042,0.0730
2,SUNDAY,15,0.1128,0.2332,0.5631,2.5262,0.0000,1.2315,0.0565,0.1499,0.0042,0.0730
2,SUNDAY,16,0.1119,0.2332,0.5464,2.4391,0.0000,1.2275,0.0565,0.1497,0.0042,0.0730
2,SUNDAY,17,0.1076,0.2330,0.5365,2.4382,0.0000,1.2002,0.0562,0.1347,0.0042,0.0730
2,SUNDAY,18,0.0994,0.2327,0.5287,2.2942,0.1065,1.2004,0.0548,0.1214,0.0042,0.0730
2,SUNDAY,19,0.0617,0.2319,0.4747,2.2523,0.1065,1.1851,0.0315,0.0659,0.0035,0.0615
2,SUNDAY,20,0.0301,0.2319,0.4012,2.2266,0.1065,1.1469,0.0220,0.0440,0.0027,0.0461
2,SUNDAY,21,0.0000,0.2319,0.2588,2.1263,0.0951,1.0495,0.0086,0.0271,0.0018,0.0307
2,SUNDAY,22,0.0000,0.2320,0.1911,2.1168,0.0951,0.9032,0.0057,0.0170,0.0004,0.0077
2,SUNDAY,23,0.0000,0.1327,0.1658,1.9968,0.0951,0.4185,0.0047,0.0125,0.0004,0.0077
2,HOLIDAY,0,0.0000,0.0330,0.1019,1.9907,0.0951,0.3855,0.0023,0.0100,0.0007,0.0115
2,HOLIDAY,1,0.0000,0.2323,0.0147,1.9937,0.0951,0.3855,0.0020,0.0078,0.0007,0.0115
2,HOLIDAY,2,0.0000,0.2323,0.0009,1.9962,0.0951,0.2881,0.0020,0.0078,0.0007,0.0115
2,HOLIDAY,3,0.0000,0.2323,0.0178,2.0005,0.0951,0.2902,0.0024,0.0117,0.0007,0.0115
2,HOLIDAY,4,0.0000,0.2323,0.1528,2.0081,0.0951,0.2976,0.0038,0.0249,0.0013,0.0231
2,HOLIDAY,5,0.0000,0.2323,0.3580,2.1221,0.0951,0.3323,0.0164,0.0471,0.0022,0.0384
2,HOLIDAY,6,0.0000,0.2329,0.5390,2.1035,0.0951,0.8278,0.0261,0.0723,0.0035,0.0615
2,HOLIDAY,7,0.0000,0.2338,0.6261,2.0099,0.0000,1.1984,0.0516,0.0812,0.0042,0.0730
2,HOLIDAY,8,0.0000,0.2329,0.6765,1.9773,0.0000,1.2381,0.0553,0.0907,0.0042,0.0730
2,HOLIDAY,9,0.0000,0.2324,0.6766,2.0952,0.0000,1.2385,0.0564,0.1180,0.0042,0.0730
2,HOLIDAY,10,0.0003,0.2327,0.6766,2.1252,0.0000,1.2385,0.0565,0.1362,0.0042,0.0730
2,HOLIDAY,11,0.0004,0.2329,0.6755,2.1692,0.0000,1.2385,0.0565,0.1499,0.0042,0.0730
2,HOLIDAY,12,0.0027,0.2330,0.6658,2.3183,0.0000,1.2385,0.0565,0.1499,0.0042,0.0730
2,HOLIDAY,13,0.1284,0.2329,0.6354,2.3588,0.0000,1.2385,0.0565,0.1499,0.0042,0.0730
2,HOLIDAY,14,0.1280,0.2328,0.5947,2.4986,0.0000,1.2375,0.0565,0.1499,0.0042,0.0730
2,HOLIDAY,15,0.1299,0.2328,0.5652,2.5262,0.0000,1.2315,0.0565,0.1499,0.0042,0.0730
2,HOLIDAY,16,0.1273,0.2328,0.5489,2.4391,0.0000,1.2275,0.0565,0.1497,0.0042,0.0730
2,HOLIDAY,17,0.1233,0.2326,0.5391,2.4382,0.0000,1.2002,0.0562,0.1347,0.0042,0.0730
2,HOLIDAY,18,0.0016,0.2324,0.5315,2.2942,0.1065,1.2004,0.0548,0.1214,0.0042,0.0730
2,HOLIDAY,19,0.0000,0.2320,0.4776,2.2523,0.1065,1.1851,0.0315,0.0659,0.0035,0.0615
2,HOLIDAY,20,0.0000,0.2321,0.4042,2.2266,0.1065,1.1469,0.0220,0.0440,0.0027,0.0461
2,HOLIDAY,21,0.0000,0.2321,0.2620,2.1263,0.0951,1.0495,0.0086,0.0271,0.0018,0.0307
2,HOLIDAY,22,0.0000,0.2321,0.1945,2.1169,0.0951,0.9032,0.0057,0.0171,0.0004,0.0077
2,HOLIDAY,23,0.0000,0.2323,0.1698,1.9969,0.0951,0.4185,0.0047,0.0125,0.0004,0.0077
3,WEEKDAY,0,0.0049,0.0330,0.1019,2.0356,0.0951,0.3855,0.0023,0.0100,0.0007,0.0115
3,WEEKDAY,1,0.0000,0.0519,0.0147,2.0334,0.0951,0.3855,0.0020,0.0078,0.0007,0.0115
3,WEEKDAY,2,0.0000,0.1278,0.0009,2.0323,0.0951,0.2881,0.0020,0.0078,0.0007,0.0115
3,WEEKDAY,3,0.0000,0.1469,0.0178,2.0326,0.0951,0.2902,0.0024,0.0117,0.0007,0.0115
3,WEEKDAY,4,0.0000,0.1943,0.1528,2.0310,0.0951,0.2976,0.0038,0.0249,0.0013,0.0231
3,WEEKDAY,5,0.0000,0.1848,0.3580,2.1395,0.0951,0.3323,0.0164,0.0471,0.0022,0.0384
3,WEEKDAY,6,0.0000,0.2327,0.5390,2.1261,0.0000,0.8278,0.0261,0.0723,0.0035,0.0615
3,WEEKDAY,7,0.0002,0.2325,0.6261,2.0364,0.0000,1.1984,0.0516,0.0812,0.0042,0.0730
3,WEEKDAY,8,0.0293,0.2335,0.6765,2.0596,0.0000,1.2381,0.0553,0.0907,0.0042,0.0730
3,WEEKDAY,9,0.0867,0.2338,0.6766,2.1984,0.0000,1.2385,0.0564,0.1180,0.0042,0.0730
3,WEEKDAY,10,0.1196,0.2340,0.6766,2.2351,0.0000,1.2385,0.0565,0.1362,0.0042,0.0730
3,WEEKDAY,11,0.1596,0.2351,0.6755,2.2801,0.0000,1.2385,0.0565,0.1499,0.0042,0.0730
3,WEEKDAY,12,0.1830,0.2381,0.6658,2.4332,0.0000,1.2385,0.0565,0.1499,0.0042,0.0730
3,WEEKDAY,13,0.2189,0.2403,0.6354,2.4680,0.0000,1.2385,0.0565,0.1499,0.0042,0.0730
3,WEEKDAY,14,0.2431,0.2419,0.5947,2.6056,0.0000,1.2375,0.0565,0.1499,0.0042,0.0730
3,WEEKDAY,15,0.2522,0.2414,0.5652,2.6239,0.0000,1.2315,0.0565,0.1499,0.0042,0.0730
3,WEEKDAY,16,0.2304,0.2393,0.5489,2.5212,0.0000,1.2275,0.0565,0.1497,0.0042,0.0730
3,WEEKDAY,17,0.2126,0.2370,0.5391,2.5200,0.0000,1.2002,0.0562,0.1347,0.0042,0.0730
3,WEEKDAY,18,0.1754,0.2345,0.5315,2.3738,0.1065,1.2004,0.0548,0.1214,0.0042,0.0730
3,WEEKDAY,19,0.1222,0.2323,0.4776,2.3160,0.1065,1.1851,0.0315,0.0659,0.0035,0.0615
3,WEEKDAY,20,0.1136,0.2318,0.4042,2.2830,0.1065,1.1469,0.0220,0.0440,0.0027,0.0461
3,WEEKDAY,21,0.0864,0.2318,0.2620,2.1889,0.0951,1.0495,0.0086,0.0271,0.0018,0.0307
3,WEEKDAY,22,0.0592,0.2318,0.1945,2.1667,0.0951,0.9032,0.0057,0.0171,0.0004,0.0077
3,WEEKDAY,23,0.0119,0.0804,0.1698,2.0423,0.0951,0.4185,0.0047,0.0125,0.0004,0.0077
3,SATURDAY,0,0.0000,0.0330,0.1019,2.0356,0.0951,0.3855,0.0023,0.0100,0.0007,0.0115
3,SATURDAY,1,0.0000,0.0330,0.0147,2.0334,0.0951,0.3855,0.0020,0.0078,0.0007,0.0115
3,SATURDAY,2,0.0000,0.1525,0.0009,2.0323,0.0951,0.2881,0.0020,0.0078,0.0007,0.0115
3,SATURDAY,3,0.0000,0.1525,0.0178,2.0326,0.0951,0.2902,0.0024,0.0117,0.0007,0.0115
3,SATURDAY,4,0.0000,0.1525,0.1528,2.0310,0.0951,0.2976,0.0038,0.0249,0.0013,0.0231
3,SATURDAY,5,0.0000,0.1526,0.3580,2.1395,0.0951,0.3323,0.0164,0.0471,0.0022,0.0384
3,SATURDAY,6,0.0000,0.2327,0.5390,2.1261,0.0000,0.8278,0.0261,0.0723,0.0035,0.0615
3,SATURDAY,7,0.0000,0.2322,0.6261,2.0364,0.0000,1.1984,0.0516,0.0812,0.0042,0.0730
3,SATURDAY,8,0.0013,0.2332,0.6765,2.0596,0.0000,1.2381,0.0553,0.0907,0.0042,0.0730
3,SATURDAY,9,0.0553,0.2336,0.6766,2.1984,0.0000,1.2385,0.0564,0.1180,0.0042,0.0730
3,SATURDAY,10,0.1067,0.2337,0.6766,2.2351,0.0000,1.2385,0.0565,0.1362,0.0042,0.0730
3,SATURDAY,11,0.1171,0.2354,0.6755,2.2801,0.0000,1.2385,0.0565,0.1499,0.0042,0.0730
3,SATURDAY,12,0.1741,0.2406,0.6658,2.4332,0.0000,1.2385,0.0565,0.1499,0.0042,0.0730
3,SATURDAY,13,0.2129,0.2449,0.6354,2.4680,0.0000,1.2385,0.0565,0.1499,0.0042,0.0730
3,SATURDAY,14,0.2578,0.2470,0.5947,2.6056,0.0000,1.2375,0.0565,0.1499,0.0042,0.0730
3,SATURDAY,15,0.2689,0.2470,0.5652,2.6239,0.0000,1.2315,0.0565,0.1499,0.0042,0.0730
3,SATURDAY,16,0.2694,0.2447,0.5489,2.5212,0.0000,1.2275,0.0565,0.1497,0.0042,0.0730
3,SATURDAY,17,0.2553,0.2409,0.5391,2.5200,0.0000,1.2002,0.0562,0.1347,0.0042,0.0730
3,SATURDAY,18,0.1228,0.2362,0.5315,2.3738,0.1065,1.2004,0.0548,0.1214,0.0042,0.0730
3,SATURDAY,19,0.0903,0.2324,0.4776,2.3160,0.1065,1.1851,0.0315,0.0659,0.0035,0.0615
3,SATURDAY,20,0.0587,0.2319,0.4042,2.2830,0.1065,1.1469,0.0220,0.0440,0.0027,0.0461
3,SATURDAY,21,0.0549,0.2319,0.2620,2.1889,0.0951,1.0495,0.0086,0.0271,0.0018,0.0307
3,SATURDAY,22,0.0515,0.2319,0.1945,2.1667,0.0951,0.9032,0.0057,0.0171,0.0004,0.0077
3,SATURDAY,23,0.0247,0.1127,0.1698,2.0423,0.0951,0.4185,0.0047,0.0125,0.0004,0.0077
3,SUNDAY,0,0.0209,0.0330,0.0968,2.0352,0.0951,0.3855,0.0023,0.0099,0.0007,0.0115
3,SUNDAY,1,0.0000,0.0728,0.0077,2.0330,0.0951,0.3855,0.0020,0.0077,0.0007,0.0115
3,SUNDAY,2,0.0000,0.1525,0.0009,2.0323,0.0951,0.2881,0.0020,0.0078,0.0007,0.0115
3,SUNDAY,3,0.0000,0.1525,0.0729,2.0338,0.0951,0.2902,0.0025,0.0132,0.0007,0.0115
3,SUNDAY,4,0.0000,0.1526,0.2895,2.0345,0.0951,0.2976,0.0041,0.0305,0.0013,0.0231
3,SUNDAY,5,0.0000,0.1924,0.4187,2.1434,0.0951,0.3323,0.0169,0.0505,0.0022,0.0384
3,SUNDAY,6,0.0000,0.2327,0.5533,2.1290,0.0000,0.8278,0.0265,0.0731,0.0035,0.0615
3,SUNDAY,7,0.0000,0.2323,0.6275,2.0383,0.0000,1.1984,0.0519,0.0812,0.0042,0.0730
3,SUNDAY,8,0.0244,0.2332,0.6765,2.0609,0.0000,1.2381,0.0554,0.0907,0.0042,0.0730
3,SUNDAY,9,0.1000,0.2335,0.6766,2.1989,0.0000,1.2385,0.0564,0.1180,0.0042,0.0730
3,SUNDAY,10,0.1114,0.2337,0.6764,2.2352,0.0000,1.2385,0.0565,0.1362,0.0042,0.0730
3,SUNDAY,11,0.1467,0.2362,0.6750,2.2801,0.0000,1.2385,0.0565,0.1499,0.0042,0.0730
3,SUNDAY,12,0.1766,0.2396,0.6655,2.4332,0.0000,1.2385,0.0565,0.1499,0.0042,0.0730
3,SUNDAY,13,0.2207,0.2432,0.6346,2.4680,0.0000,1.2385,0.0565,0.1499,0.0042,0.0730
3,SUNDAY,14,0.2433,0.2456,0.5932,2.6056,0.0000,1.2375,0.0565,0.1499,0.0042,0.0730
3,SUNDAY,15,0.2496,0.2448,0.5631,2.6239,0.0000,1.2315,0.0565,0.1499,0.0042,0.0730
3,SUNDAY,16,0.2559,0.2441,0.5464,2.5212,0.0000,1.2275,0.0565,0.1497,0.0042,0.0730
3,SUNDAY,17,0.2021,0.2409,0.5365,2.5200,0.0000,1.2002,0.0562,0.1347,0.0042,0.0730
3,SUNDAY,18,0.1799,0.2370,0.5287,2.3738,0.1065,1.2004,0.0548,0.1214,0.0042,0.0730
3,SUNDAY,19,0.1176,0.2334,0.4747,2.3159,0.1065,1.1851,0.0315,0.0659,0.0035,0.0615
3,SUNDAY,20,0.1072,0.2318,0.4012,2.2830,0.1065,1.1469,0.0220,0.0440,0.0027,0.0461
3,SUNDAY,21,0.1018,0.2318,0.2588,2.1889,0.0951,1.0495,0.0086,0.0271,0.0018,0.0307
3,SUNDAY,22,0.0505,0.2319,0.1911,2.1666,0.0951,0.9032,0.0057,0.0170,0.0004,0.0077
3,SUNDAY,23,0.0237,0.0729,0.1658,2.0422,0.0951,0.4185,0.0047,0.0125,0.0004,0.0077
3,HOLIDAY,0,0.0000,0.0000,0.0000,0.0000,0.0000,0.0000,0.0000,0.0000,0.0000,0.0000
3,HOLIDAY,1,0.0000,0.0000,0.0000,0.0000,0.0000,0.0000,0.0000,0.0000,0.0000,0.0000
3,HOLIDAY,2,0.0000,0.0000,0.0000,0.0000,0.0000,0.0000,0.0000,0.0000,0.0000,0.0000
3,HOLIDAY,3,0.0000,0.0000,0.0000,0.0000,0.0000,0.0000,0.0000,0.0000,0.0000,0.0000
3,HOLIDAY,4,0.0000,0.0000,0.0000,0.0000,0.0000,0.0000,0.0000,0.0000,0.0000,0.0000
3,HOLIDAY,5,0.0000,0.0000,0.0000,0.0000,0.0000,0.0000,0.0000,0.0000,0.0000,0.0000
3,HOLIDAY,6,0.0000,0.0000,0.0000,0.0000,0.0000,0.0000,0.0000,0.0000,0.0000,0.0000
3,HOLIDAY,7,0.0000,0.0000,0.0000,0.0000,0.0000,0.0000,0.0000,0.0000,0.0000,0.0000
3,HOLIDAY,8,0.0000,0.0000,0.0000,0.0000,0.0000,0.0000,0.0000,0.0000,0.0000,0.0000
3,HOLIDAY,9,0.0000,0.0000,0.0000,0.0000,0.0000,0.0000,0.0000,0.0000,0.0000,0.0000
3,HOLIDAY,10,0.0000,0.0000,0.0000,0.0000,0.0000,0.0000,0.0000,0.0000,0.0000,0.0000
3,HOLIDAY,11,0.0000,0.0000,0.0000,0.0000,0.0000,0.0000,0.0000,0.0000,0.0000,0.0000
3,HOLIDAY,12,0.0000,0.0000,0.0000,0.0000,0.0000,0.0000,0.0000,0.0000,0.0000,0.0000
3,HOLIDAY,13,0.0000,0.0000,0.0000,0.0000,0.0000,0.0000,0.0000,0.0000,0.0000,0.0000
3,HOLIDAY,14,0.0000,0.0000,0.0000,0.0000,0.0000,0.0000,0.0000,0.0000,0.0000,0.0000
3,HOLIDAY,15,0.0000,0.0000,0.0000,0.0000,0.0000,0.0000,0.0000,0.0000,0.0000,0.0000
3,HOLIDAY,16,0.0000,0.0000,0.0000,0.0000,0.0000,0.0000,0.0000,0.0000,0.0000,0.0000
3,HOLIDAY,17,0.0000,0.0000,0.0000,0.0000,0.0000,0.0000,0.0000,0.0000,0.0000,0.0000
3,HOLIDAY,18,0.0000,0.0000,0.0000,0.0000,0.0000,0.0000,0.0000,0.0000,0.0000,0.0000
3,HOLIDAY,19,0.0000,0.0000,0.0000,0.0000,0.0000,0.0000,0.0000,0.0000,0.0000,0.0000
3,HOLIDAY,20,0.0000,0.0000,0.0000,0.0000,0.0000,0.0000,0.0000,0.0000,0.0000,0.0000
3,HOLIDAY,21,0.0000,0.0000,0.0000,0.0000,0.0000,0.0000,0.0000,0.0000,0.0000,0.0000
3,HOLIDAY,22,0.0000,0.0000,0.0000,0.0000,0.0000,0.0000,0.0000,0.0000,0.0000,0.0000
3,HOLIDAY,23,0.0000,0.0000,0.0000,0.0000,0.0000,0.0000,0.0000,0.0000,0.0000,0.0000
4,WEEKDAY,0,0.0362,0.0330,0.0345,2.0700,0.0951,0.3855,0.0021,0.0083,0.0007,0.0115
4,WEEKDAY,1,0.0054,0.0511,0.0041,2.0685,0.0951,0.3102,0.0020,0.0078,0.0007,0.0115
4,WEEKDAY,2,0.0049,0.0692,0.0139,2.0693,0.0951,0.2897,0.0023,0.0108,0.0007,0.0115
4,WEEKDAY,3,0.0046,0.0964,0.1221,2.0665,0.0951,0.2959,0.0035,0.0219,0.0012,0.0204
4,WEEKDAY,4,0.0047,0.0874,0.3114,2.1602,0.0951,0.3244,0.0135,0.0421,0.0020,0.0349
4,WEEKDAY,5,0.0051,0.1962,0.4979,2.1266,0.0951,0.7152,0.0239,0.0666,0.0032,0.0562
4,WEEKDAY,6,0.0062,0.2327,0.6063,2.1243,0.0216,1.1142,0.0458,0.0791,0.0041,0.0704
4,WEEKDAY,7,0.0369,0.2334,0.6651,2.1506,0.0000,1.2291,0.0545,0.0885,0.0042,0.0730
4,WEEKDAY,8,0.0869,0.2340,0.6765,2.2703,0.0000,1.2384,0.0561,0.1118,0.0042,0.0730
4,WEEKDAY,9,0.1310,0.2361,0.6766,2.3289,0.0000,1.2385,0.0565,0.1321,0.0042,0.0730
4,WEEKDAY,10,0.1736,0.2403,0.6758,2.3648,0.0000,1.2385,0.0565,0.1468,0.0042,0.0730
4,WEEKDAY,11,0.2216,0.2457,0.6680,2.4847,0.0000,1.2385,0.0565,0.1499,0.0042,0.0730
4,WEEKDAY,12,0.2652,0.2509,0.6423,2.5372,0.0000,1.2385,0.0565,0.1499,0.0042,0.0730
4,WEEKDAY,13,0.3115,0.2544,0.6040,2.6446,0.0000,1.2377,0.0565,0.1499,0.0042,0.0730
4,WEEKDAY,14,0.3294,0.2558,0.5719,2.6834,0.0000,1.2329,0.0565,0.1499,0.0042,0.0730
4,WEEKDAY,15,0.3377,0.2550,0.5526,2.5996,0.0000,1.2284,0.0565,0.1498,0.0042,0.0730
4,WEEKDAY,16,0.3303,0.2522,0.5414,2.5721,0.0000,1.2064,0.0563,0.1381,0.0042,0.0730
4,WEEKDAY,17,0.2966,0.2477,0.5332,2.4631,0.0088,1.2003,0.0551,0.1244,0.0042,0.0730
4,WEEKDAY,18,0.2315,0.2413,0.4898,2.3841,0.0114,1.1885,0.0368,0.0785,0.0037,0.0641
4,WEEKDAY,19,0.1559,0.2346,0.4209,2.3212,0.0848,1.1556,0.0242,0.0490,0.0029,0.0496
4,WEEKDAY,20,0.1203,0.2318,0.2943,2.2460,0.0977,1.0717,0.0116,0.0309,0.0020,0.0342
4,WEEKDAY,21,0.0942,0.2318,0.2099,2.2134,0.0951,0.9364,0.0064,0.0193,0.0007,0.0129
4,WEEKDAY,22,0.0610,0.0963,0.1754,2.1105,0.0951,0.5287,0.0050,0.0136,0.0004,0.0077
4,WEEKDAY,23,0.0459,0.0330,0.1173,2.0782,0.0951,0.3930,0.0028,0.0106,0.0006,0.0107
4,SATURDAY,0,0.0269,0.0330,0.0365,2.0701,0.0951,0.3855,0.0021,0.0084,0.0007,0.0115
4,SATURDAY,1,0.0252,0.0330,0.0044,2.0686,0.0951,0.3125,0.0020,0.0078,0.0007,0.0115
4,SATURDAY,2,0.0232,0.0330,0.0136,2.0692,0.0951,0.2897,0.0023,0.0107,0.0007,0.0115
4,SATURDAY,3,0.0000,0.0331,0.1190,2.0666,0.0951,0.2957,0.0034,0.0216,0.0012,0.0202
4,SATURDAY,4,0.0000,0.0828,0.3067,2.1574,0.0951,0.3236,0.0132,0.0416,0.0020,0.0346
4,SATURDAY,5,0.0269,0.1826,0.4938,2.1284,0.0951,0.7039,0.0237,0.0660,0.0032,0.0557
4,SATURDAY,6,0.0283,0.2331,0.6043,2.1238,0.0238,1.1058,0.0453,0.0789,0.0040,0.0701
4,SATURDAY,7,0.0362,0.2341,0.6639,2.1500,0.0000,1.2282,0.0544,0.0883,0.0042,0.0730
4,SATURDAY,8,0.1030,0.2341,0.6765,2.2669,0.0000,1.2384,0.0561,0.1112,0.0042,0.0730
4,SATURDAY,9,0.1484,0.2376,0.6766,2.3282,0.0000,1.2385,0.0565,0.1317,0.0042,0.0730
4,SATURDAY,10,0.2164,0.2445,0.6758,2.3640,0.0000,1.2385,0.0565,0.1465,0.0042,0.0730
4,SATURDAY,11,0.2491,0.2533,0.6682,2.4815,0.0000,1.2385,0.0565,0.1499,0.0042,0.0730
4,SATURDAY,12,0.3193,0.2627,0.6430,2.5366,0.0000,1.2385,0.0565,0.1499,0.0042,0.0730
4,SATURDAY,13,0.3654,0.2659,0.6049,2.6416,0.0000,1.2377,0.0565,0.1499,0.0042,0.0730
4,SATURDAY,14,0.3958,0.2675,0.5726,2.6831,0.0000,1.2330,0.0565,0.1499,0.0042,0.0730
4,SATURDAY,15,0.4039,0.2665,0.5530,2.6021,0.0000,1.2285,0.0565,0.1498,0.0042,0.0730
4,SATURDAY,16,0.4076,0.2638,0.5416,2.5722,0.0000,1.2070,0.0563,0.1385,0.0042,0.0730
4,SATURDAY,17,0.3785,0.2591,0.5334,2.4663,0.0085,1.2003,0.0552,0.1247,0.0042,0.0730
4,SATURDAY,18,0.2808,0.2488,0.4910,2.3855,0.0114,1.1889,0.0373,0.0798,0.0037,0.0644
4,SATURDAY,19,0.2234,0.2389,0.4225,2.3226,0.0827,1.1565,0.0244,0.0495,0.0029,0.0500
4,SATURDAY,20,0.1424,0.2318,0.2976,2.2478,0.0979,1.0739,0.0119,0.0313,0.0020,0.0346
4,SATURDAY,21,0.1907,0.2318,0.2114,2.2138,0.0951,0.9397,0.0064,0.0196,0.0008,0.0134
4,SATURDAY,22,0.1299,0.1324,0.1760,2.1134,0.0951,0.5397,0.0050,0.0137,0.0004,0.0077
4,SATURDAY,23,0.0362,0.0330,0.1189,2.0752,0.0951,0.3938,0.0029,0.0107,0.0006,0.0106
4,SUNDAY,0,0.0324,0.0330,0.0077,2.0687,0.0951,0.3855,0.0020,0.0077,0.0007,0.0115
4,SUNDAY,1,0.0282,0.0330,0.0009,2.0684,0.0951,0.2881,0.0020,0.0078,0.0007,0.0115
4,SUNDAY,2,0.0000,0.0330,0.0729,2.0707,0.0951,0.2902,0.0025,0.0132,0.0007,0.0115
4,SUNDAY,3,0.0000,0.0828,0.2895,2.0692,0.0951,0.2976,0.0041,0.0305,0.0013,0.0231
4,SUNDAY,4,0.0000,0.0828,0.4187,2.1920,0.0951,0.3323,0.0169,0.0505,0.0022,0.0384
4,SUNDAY,5,0.0000,0.2323,0.5533,2.1115,0.0951,0.8278,0.0265,0.0731,0.0035,0.0615
4,SUNDAY,6,0.0026,0.2330,0.6275,2.1308,0.0000,1.1984,0.0519,0.0812,0.0042,0.0730
4,SUNDAY,7,0.0673,0.2341,0.6765,2.1582,0.0000,1.2381,0.0554,0.0907,0.0042,0.0730
4,SUNDAY,8,0.1063,0.2368,0.6766,2.3041,0.0000,1.2385,0.0564,0.1180,0.0042,0.0730
4,SUNDAY,9,0.1509,0.2400,0.6764,2.3365,0.0000,1.2385,0.0565,0.1362,0.0042,0.0730
4,SUNDAY,10,0.2096,0.2458,0.6750,2.3732,0.0000,1.2385,0.0565,0.1499,0.0042,0.0730
4,SUNDAY,11,0.2801,0.2521,0.6655,2.5176,0.0000,1.2385,0.0565,0.1499,0.0042,0.0730
4,SUNDAY,12,0.3609,0.2616,0.6346,2.5429,0.0000,1.2385,0.0565,0.1499,0.0042,0.0730
4,SUNDAY,13,0.4044,0.2675,0.5932,2.6745,0.0000,1.2375,0.0565,0.1499,0.0042,0.0730
4,SUNDAY,14,0.4348,0.2696,0.5631,2.6860,0.0000,1.2315,0.0565,0.1499,0.0042,0.0730
4,SUNDAY,15,0.4475,0.2676,0.5464,2.5741,0.0000,1.2275,0.0565,0.1497,0.0042,0.0730
4,SUNDAY,16,0.4302,0.2626,0.5365,2.5716,0.0000,1.2002,0.0562,0.1347,0.0042,0.0730
4,SUNDAY,17,0.3935,0.2554,0.5287,2.4312,0.0114,1.2004,0.0548,0.1214,0.0042,0.0730
4,SUNDAY,18,0.2973,0.2454,0.4747,2.3703,0.0114,1.1851,0.0315,0.0659,0.0035,0.0615
4,SUNDAY,19,0.1521,0.2358,0.4012,2.3067,0.1065,1.1469,0.0220,0.0440,0.0027,0.0461
4,SUNDAY,20,0.1447,0.2318,0.2588,2.2281,0.0951,1.0495,0.0086,0.0271,0.0018,0.0307
4,SUNDAY,21,0.1359,0.2318,0.1911,2.2090,0.0951,0.9032,0.0057,0.0170,0.0004,0.0077
4,SUNDAY,22,0.0966,0.0330,0.1658,2.0814,0.0951,0.4185,0.0047,0.0125,0.0004,0.0077
4,SUNDAY,23,0.0607,0.0330,0.0968,2.0727,0.0951,0.3855,0.0023,0.0099,0.0007,0.0115
4,HOLIDAY,0,0.0000,0.0000,0.0000,0.0000,0.0000,0.0000,0.0000,0.0000,0.0000,0.0000
4,HOLIDAY,1,0.0000,0.0000,0.0000,0.0000,0.0000,0.0000,0.0000,0.0000,0.0000,0.0000
4,HOLIDAY,2,0.0000,0.0000,0.0000,0.0000,0.0000,0.0000,0.0000,0.0000,0.0000,0.0000
4,HOLIDAY,3,0.0000,0.0000,0.0000,0.0000,0.0000,0.0000,0.0000,0.0000,0.0000,0.0000
4,HOLIDAY,4,0.0000,0.0000,0.0000,0.0000,0.0000,0.0000,0.0000,0.0000,0.0000,0.0000
4,HOLIDAY,5,0.0000,0.0000,0.0000,0.0000,0.0000,0.0000,0.0000,0.0000,0.0000,0.0000
4,HOLIDAY,6,0.0000,0.0000,0.0000,0.0000,0.0000,0.0000,0.0000,0.0000,0.0000,0.0000
4,HOLIDAY,7,0.0000,0.0000,0.0000,0.0000,0.0000,0.0000,0.0000,0.0000,0.0000,0.0000
4,HOLIDAY,8,0.0000,0.0000,0.0000,0.0000,0.0000,0.0000,0.0000,0.0000,0.0000,0.0000
4,HOLIDAY,9,0.0000,0.0000,0.0000,0.0000,0.0000,0.0000,0.0000,0.0000,0.0000,0.0000
4,HOLIDAY,10,0.0000,0.0000,0.0000,0.0000,0.0000,0.0000,0.0000,0.0000,0.0000,0.0000
4,HOLIDAY,11,0.0000,0.0000,0.0000,0.0000,0.0000,0.0000,0.0000,0.0000,0.0000,0.0000
4,HOLIDAY,12,0.0000,0.0000,0.0000,0.0000,0.0000,0.0000,0.0000,0.0000,0.0000,0.0000
4,HOLIDAY,13,0.0000,0.0000,0.0000,0.0000,0.0000,0.0000,0.0000,0.0000,0.0000,0.0000
4,HOLIDAY,14,0.0000,0.0000,0.0000,0.0000,0.0000,0.0000,0.0000,0.0000,0.0000,0.0000
4,HOLIDAY,15,0.0000,0.0000,0.0000,0.0000,0.0000,0.0000,0.0000,0.0000,0.0000,0.0000
4,HOLIDAY,16,0.0000,0.0000,0.0000,0.0000,0.0000,0.0000,0.0000,0.0000,0.0000,0.0000
4,HOLIDAY,17,0.0000,0.0000,0.0000,0.0000,0.0000,0.0000,0.0000,0.0000,0.0000,0.0000
4,HOLIDAY,18,0.0000,0.0000,0.0000,0.0000,0.0000,0.0000,0.0000,0.0000,0.0000,0.0000
4,HOLIDAY,19,0.0000,0.0000,0.0000,0.0000,0.0000,0.0000,0.0000,0.0000,0.0000,0.0000
4,HOLIDAY,20,0.0000,0.0000,0.0000,0.0000,0.0000,0.0000,0.0000,0.0000,0.0000,0.0000
4,HOLIDAY,21,0.0000,0.0000,0.0000,0.0000,0.0000,0.0000,0.0000,0.0000,0.0000,0.0000
4,HOLIDAY,22,0.0000,0.0000,0.0000,0.0000,0.0000,0.0000,0.0000,0.0000,0.0000,0.0000
4,HOLIDAY,23,0.0000,0.0000,0.0000,0.0000,0.0000,0.0000,0.0000,0.0000,0.0000,0.0000
5,WEEKDAY,0,0.0892,0.0330,0.0147,2.1405,0.0951,0.3855,0.0020,0.0078,0.0007,0.0115
5,WEEKDAY,1,0.0696,0.0420,0.0009,2.1382,0.0951,0.2881,0.0020,0.0078,0.0007,0.0115
5,WEEKDAY,2,0.0616,0.0420,0.0178,2.1363,0.0951,0.2902,0.0024,0.0117,0.0007,0.0115
5,WEEKDAY,3,0.0503,0.0330,0.1528,2.1356,0.0951,0.2976,0.0038,0.0249,0.0013,0.0231
5,WEEKDAY,4,0.0498,0.0330,0.3580,2.2632,0.0951,0.3323,0.0164,0.0471,0.0022,0.0384
5,WEEKDAY,5,0.0717,0.2321,0.5390,2.1942,0.0000,0.8278,0.0261,0.0723,0.0035,0.0615
5,WEEKDAY,6,0.0930,0.2348,0.6261,2.2407,0.0000,1.1984,0.0516,0.0812,0.0042,0.0730
5,WEEKDAY,7,0.1467,0.2385,0.6765,2.2674,0.0000,1.2381,0.0553,0.0907,0.0042,0.0730
5,WEEKDAY,8,0.1695,0.2458,0.6766,2.4229,0.0000,1.2385,0.0564,0.1180,0.0042,0.0730
5,WEEKDAY,9,0.2274,0.2565,0.6766,2.4609,0.0000,1.2385,0.0565,0.1362,0.0042,0.0730
5,WEEKDAY,10,0.3038,0.2663,0.6755,2.5012,0.0000,1.2385,0.0565,0.1499,0.0042,0.0730
5,WEEKDAY,11,0.4091,0.2745,0.6658,2.6408,0.0000,1.2385,0.0565,0.1499,0.0042,0.0730
5,WEEKDAY,12,0.4769,0.2808,0.6354,2.6632,0.0000,1.2385,0.0565,0.1499,0.0042,0.0730
5,WEEKDAY,13,0.5255,0.2836,0.5947,2.7860,0.0000,1.2375,0.0565,0.1499,0.0042,0.0730
5,WEEKDAY,14,0.5598,0.2838,0.5652,2.7861,0.0000,1.2315,0.0565,0.1499,0.0042,0.0730
5,WEEKDAY,15,0.5605,0.2820,0.5489,2.6586,0.0000,1.2275,0.0565,0.1497,0.0042,0.0730
5,WEEKDAY,16,0.5383,0.2791,0.5391,2.6514,0.0000,1.2002,0.0562,0.1347,0.0042,0.0730
5,WEEKDAY,17,0.4824,0.2723,0.5315,2.5067,0.0114,1.2004,0.0548,0.1214,0.0042,0.0730
5,WEEKDAY,18,0.3760,0.2622,0.4776,2.4635,0.0114,1.1851,0.0315,0.0659,0.0035,0.0615
5,WEEKDAY,19,0.2465,0.2477,0.4042,2.4536,0.1065,1.1469,0.0220,0.0440,0.0027,0.0461
5,WEEKDAY,20,0.2322,0.2318,0.2620,2.3093,0.0951,1.0495,0.0086,0.0271,0.0018,0.0307
5,WEEKDAY,21,0.2168,0.2318,0.1945,2.2831,0.0951,0.9032,0.0057,0.0171,0.0004,0.0077
5,WEEKDAY,22,0.1675,0.1053,0.1698,2.1558,0.0951,0.4185,0.0047,0.0125,0.0004,0.0077
5,WEEKDAY,23,0.1150,0.0330,0.1019,2.1464,0.0951,0.3855,0.0023,0.0100,0.0007,0.0115
5,SATURDAY,0,0.0948,0.0330,0.0147,2.1405,0.0951,0.3855,0.0020,0.0078,0.0007,0.0115
5,SATURDAY,1,0.0585,0.0330,0.0009,2.1382,0.0951,0.2881,0.0020,0.0078,0.0007,0.0115
5,SATURDAY,2,0.0303,0.0330,0.0178,2.1363,0.0951,0.2902,0.0024,0.0117,0.0007,0.0115
5,SATURDAY,3,0.0284,0.0330,0.1528,2.1356,0.0951,0.2976,0.0038,0.0249,0.0013,0.0231
5,SATURDAY,4,0.0285,0.0330,0.3580,2.2632,0.0951,0.3323,0.0164,0.0471,0.0022,0.0384
5,SATURDAY,5,0.0305,0.2320,0.5390,2.1942,0.0000,0.8278,0.0261,0.0723,0.0035,0.0615
5,SATURDAY,6,0.0663,0.2333,0.6261,2.2407,0.0000,1.1984,0.0516,0.0812,0.0042,0.0730
5,SATURDAY,7,0.1423,0.2369,0.6765,2.2674,0.0000,1.2381,0.0553,0.0907,0.0042,0.0730
5,SATURDAY,8,0.1596,0.2455,0.6766,2.4229,0.0000,1.2385,0.0564,0.1180,0.0042,0.0730
5,SATURDAY,9,0.2122,0.2546,0.6766,2.4609,0.0000,1.2385,0.0565,0.1362,0.0042,0.0730
5,SATURDAY,10,0.2543,0.2640,0.6755,2.5012,0.0000,1.2385,0.0565,0.1499,0.0042,0.0730
5,SATURDAY,11,0.3431,0.2746,0.6658,2.6408,0.0000,1.2385,0.0565,0.1499,0.0042,0.0730
5,SATURDAY,12,0.4300,0.2826,0.6354,2.6632,0.0000,1.2385,0.0565,0.1499,0.0042,0.0730
5,SATURDAY,13,0.5253,0.2862,0.5947,2.7860,0.0000,1.2375,0.0565,0.1499,0.0042,0.0730
5,SATURDAY,14,0.5510,0.2855,0.5652,2.7861,0.0000,1.2315,0.0565,0.1499,0.0042,0.0730
5,SATURDAY,15,0.5512,0.2830,0.5489,2.6586,0.0000,1.2275,0.0565,0.1497,0.0042,0.0730
5,SATURDAY,16,0.5415,0.2793,0.5391,2.6514,0.0000,1.2002,0.0562,0.1347,0.0042,0.0730
5,SATURDAY,17,0.4377,0.2704,0.5315,2.5067,0.0114,1.2004,0.0548,0.1214,0.0042,0.0730
5,SATURDAY,18,0.2722,0.2567,0.4776,2.4635,0.0114,1.1851,0.0315,0.0659,0.0035,0.0615
5,SATURDAY,19,0.2277,0.2419,0.4042,2.4536,0.1065,1.1469,0.0220,0.0440,0.0027,0.0461
5,SATURDAY,20,0.2177,0.2318,0.2620,2.3093,0.0951,1.0495,0.0086,0.0271,0.0018,0.0307
5,SATURDAY,21,0.1534,0.2318,0.1945,2.2831,0.0951,0.9032,0.0057,0.0171,0.0004,0.0077
5,SATURDAY,22,0.1425,0.0827,0.1698,2.1558,0.0951,0.4185,0.0047,0.0125,0.0004,0.0077
5,SATURDAY,23,0.1313,0.0330,0.1019,2.1441,0.0951,0.3855,0.0023,0.0100,0.0007,0.0115
5,SUNDAY,0,0.0947,0.0330,0.0077,2.1401,0.0951,0.3855,0.0020,0.0077,0.0007,0.0115
5,SUNDAY,1,0.0874,0.0330,0.0009,2.1382,0.0951,0.2881,0.0020,0.0078,0.0007,0.0115
5,SUNDAY,2,0.0570,0.0330,0.0729,2.1375,0.0951,0.2902,0.0025,0.0132,0.0007,0.0115
5,SUNDAY,3,0.0000,0.0330,0.2895,2.1391,0.0951,0.2976,0.0041,0.0305,0.0013,0.0231
5,SUNDAY,4,0.0000,0.0330,0.4187,2.2672,0.0951,0.3323,0.0169,0.0505,0.0022,0.0384
5,SUNDAY,5,0.0573,0.2319,0.5533,2.1972,0.0000,0.8278,0.0265,0.0731,0.0035,0.0615
5,SUNDAY,6,0.0954,0.2333,0.6275,2.2426,0.0000,1.1984,0.0519,0.0812,0.0042,0.0730
5,SUNDAY,7,0.1416,0.2338,0.6765,2.2686,0.0000,1.2381,0.0554,0.0907,0.0042,0.0730
5,SUNDAY,8,0.1562,0.2360,0.6766,2.4234,0.0000,1.2385,0.0564,0.1180,0.0042,0.0730
5,SUNDAY,9,0.1716,0.2462,0.6764,2.4610,0.0000,1.2385,0.0565,0.1362,0.0042,0.0730
5,SUNDAY,10,0.2660,0.2571,0.6750,2.5012,0.0000,1.2385,0.0565,0.1499,0.0042,0.0730
5,SUNDAY,11,0.3744,0.2689,0.6655,2.6408,0.0000,1.2385,0.0565,0.1499,0.0042,0.0730
5,SUNDAY,12,0.4418,0.2772,0.6346,2.6632,0.0000,1.2385,0.0565,0.1499,0.0042,0.0730
5,SUNDAY,13,0.4936,0.2816,0.5932,2.7860,0.0000,1.2375,0.0565,0.1499,0.0042,0.0730
5,SUNDAY,14,0.5128,0.2820,0.5631,2.7861,0.0000,1.2315,0.0565,0.1499,0.0042,0.0730
5,SUNDAY,15,0.5079,0.2805,0.5464,2.6586,0.0000,1.2275,0.0565,0.1497,0.0042,0.0730
5,SUNDAY,16,0.4953,0.2774,0.5365,2.6514,0.0000,1.2002,0.0562,0.1347,0.0042,0.0730
5,SUNDAY,17,0.4521,0.2687,0.5287,2.5067,0.0114,1.2004,0.0548,0.1214,0.0042,0.0730
5,SUNDAY,18,0.3962,0.2570,0.4747,2.4635,0.0114,1.1851,0.0315,0.0659,0.0035,0.0615
5,SUNDAY,19,0.2144,0.2433,0.4012,2.4536,0.1065,1.1469,0.0220,0.0440,0.0027,0.0461
5,SUNDAY,20,0.1494,0.2318,0.2588,2.3093,0.0951,1.0495,0.0086,0.0271,0.0018,0.0307
5,SUNDAY,21,0.1511,0.2318,0.1911,2.2830,0.0951,0.9032,0.0057,0.0170,0.0004,0.0077
5,SUNDAY,22,0.1406,0.0827,0.1658,2.1557,0.0951,0.4185,0.0047,0.0125,0.0004,0.0077
5,SUNDAY,23,0.1017,0.0330,0.0968,2.1438,0.0951,0.3855,0.0023,0.0099,0.0007,0.0115
5,HOLIDAY,0,0.1259,0.0330,0.0147,2.1405,0.0951,0.3855,0.0020,0.0078,0.0007,0.0115
5,HOLIDAY,1,0.1210,0.0330,0.0009,2.1382,0.0951,0.2881,0.0020,0.0078,0.0007,0.0115
5,HOLIDAY,2,0.1145,0.0330,0.0178,2.1363,0.0951,0.2902,0.0024,0.0117,0.0007,0.0115
5,HOLIDAY,3,0.0000,0.0330,0.1528,2.1356,0.0951,0.2976,0.0038,0.0249,0.0013,0.0231
5,HOLIDAY,4,0.0000,0.0330,0.3580,2.2632,0.0951,0.3323,0.0164,0.0471,0.0022,0.0384
5,HOLIDAY,5,0.0000,0.2321,0.5390,2.1942,0.0000,0.8278,0.0261,0.0723,0.0035,0.0615
5,HOLIDAY,6,0.1285,0.2332,0.6261,2.2407,0.0000,1.1984,0.0516,0.0812,0.0042,0.0730
5,HOLIDAY,7,0.1423,0.2338,0.6765,2.2674,0.0000,1.2381,0.0553,0.0907,0.0042,0.0730
5,HOLIDAY,8,0.1573,0.2339,0.6766,2.4229,0.0000,1.2385,0.0564,0.1180,0.0042,0.0730
5,HOLIDAY,9,0.1742,0.2393,0.6766,2.4609,0.0000,1.2385,0.0565,0.1362,0.0042,0.0730
5,HOLIDAY,10,0.1834,0.2453,0.6755,2.5012,0.0000,1.2385,0.0565,0.1499,0.0042,0.0730
5,HOLIDAY,11,0.1931,0.2557,0.6658,2.6408,0.0000,1.2385,0.0565,0.1499,0.0042,0.0730
5,HOLIDAY,12,0.3994,0.2696,0.6354,2.6632,0.0000,1.2385,0.0565,0.1499,0.0042,0.0730
5,HOLIDAY,13,0.4429,0.2746,0.5947,2.7860,0.0000,1.2375,0.0565,0.1499,0.0042,0.0730
5,HOLIDAY,14,0.4605,0.2745,0.5652,2.7861,0.0000,1.2315,0.0565,0.1499,0.0042,0.0730
5,HOLIDAY,15,0.4777,0.2719,0.5489,2.6586,0.0000,1.2275,0.0565,0.1497,0.0042,0.0730
5,HOLIDAY,16,0.4622,0.2654,0.5391,2.6514,0.0000,1.2002,0.0562,0.1347,0.0042,0.0730
5,HOLIDAY,17,0.1980,0.2560,0.5315,2.5067,0.0114,1.2004,0.0548,0.1214,0.0042,0.0730
5,HOLIDAY,18,0.1780,0.2466,0.4776,2.4635,0.0114,1.1851,0.0315,0.0659,0.0035,0.0615
5,HOLIDAY,19,0.1538,0.2349,0.4042,2.4536,0.1065,1.1469,0.0220,0.0440,0.0027,0.0461
5,HOLIDAY,20,0.1585,0.2318,0.2620,2.3093,0.0951,1.0495,0.0086,0.0271,0.0018,0.0307
5,HOLIDAY,21,0.1496,0.2318,0.1945,2.2831,0.0951,0.9032,0.0057,0.0171,0.0004,0.0077
5,HOLIDAY,22,0.1413,0.0330,0.1698,2.1558,0.0951,0.4185,0.0047,0.0125,0.0004,0.0077
5,HOLIDAY,23,0.1305,0.0330,0.1019,2.1441,0.0951,0.3855,0.0023,0.0100,0.0007,0.0115
6,WEEKDAY,0,0.1516,0.0330,0.0147,2.1878,0.0951,0.3855,0.0020,0.0078,0.0007,0.0115
6,WEEKDAY,1,0.1463,0.0330,0.0009,2.1843,0.0951,0.2881,0.0020,0.0078,0.0007,0.0115
6,WEEKDAY,2,0.1421,0.0330,0.0178,2.1826,0.0951,0.2902,0.0024,0.0117,0.0007,0.0115
6,WEEKDAY,3,0.1382,0.0330,0.1528,2.1793,0.0951,0.2976,0.0038,0.0249,0.0013,0.0231
6,WEEKDAY,4,0.1356,0.0330,0.3580,2.3049,0.0951,0.3323,0.0164,0.0471,0.0022,0.0384
6,WEEKDAY,5,0.1409,0.2318,0.5390,2.2616,0.0000,0.8278,0.0261,0.0723,0.0035,0.0615
6,WEEKDAY,6,0.1579,0.2434,0.6261,2.3068,0.0000,1.1984,0.0516,0.0812,0.0042,0.0730
6,WEEKDAY,7,0.1891,0.2519,0.6765,2.3380,0.0000,1.2381,0.0553,0.0907,0.0042,0.0730
6,WEEKDAY,8,0.2252,0.2629,0.6766,2.5033,0.0000,1.2385,0.0564,0.1180,0.0042,0.0730
6,WEEKDAY,9,0.3246,0.2765,0.6766,2.5469,0.0000,1.2385,0.0565,0.1362,0.0042,0.0730
6,WEEKDAY,10,0.4357,0.2861,0.6755,2.5858,0.0000,1.2385,0.0565,0.1499,0.0042,0.0730
6,WEEKDAY,11,0.5455,0.2924,0.6658,2.7293,0.0000,1.2385,0.0565,0.1499,0.0042,0.0730
6,WEEKDAY,12,0.6398,0.2964,0.6354,2.7469,0.0000,1.2385,0.0565,0.1499,0.0042,0.0730
6,WEEKDAY,13,0.7177,0.2982,0.5947,2.8682,0.0000,1.2375,0.0565,0.1499,0.0042,0.0730
6,WEEKDAY,14,0.7550,0.2986,0.5652,2.8627,0.0000,1.2315,0.0565,0.1499,0.0042,0.0730
6,WEEKDAY,15,0.7804,0.2979,0.5489,2.7199,0.0000,1.2275,0.0565,0.1497,0.0042,0.0730
6,WEEKDAY,16,0.7661,0.2968,0.5391,2.7138,0.0000,1.2002,0.0562,0.1347,0.0042,0.0730
6,WEEKDAY,17,0.6746,0.2934,0.5315,2.5684,0.0114,1.2004,0.0548,0.1214,0.0042,0.0730
6,WEEKDAY,18,0.5904,0.2855,0.4776,2.5466,0.0114,1.1851,0.0315,0.0659,0.0035,0.0615
6,WEEKDAY,19,0.4246,0.2703,0.4042,2.5292,0.1065,1.1469,0.0220,0.0440,0.0027,0.0461
6,WEEKDAY,20,0.3505,0.2318,0.2620,2.3723,0.0951,1.0495,0.0086,0.0271,0.0018,0.0307
6,WEEKDAY,21,0.2955,0.2318,0.1945,2.3353,0.0951,0.9032,0.0057,0.0171,0.0004,0.0077
6,WEEKDAY,22,0.2347,0.1721,0.1698,2.2036,0.0951,0.4185,0.0047,0.0125,0.0004,0.0077
6,WEEKDAY,23,0.1558,0.0330,0.1019,2.1934,0.0951,0.3855,0.0023,0.0100,0.0007,0.0115
6,SATURDAY,0,0.1484,0.0330,0.0147,2.1878,0.0951,0.3855,0.0020,0.0078,0.0007,0.0115
6,SATURDAY,1,0.1429,0.0330,0.0009,2.1843,0.0951,0.2881,0.0020,0.0078,0.0007,0.0115
6,SATURDAY,2,0.1375,0.0330,0.0178,2.1826,0.0951,0.2902,0.0024,0.0117,0.0007,0.0115
6,SATURDAY,3,0.1344,0.0330,0.1528,2.1793,0.0951,0.2976,0.0038,0.0249,0.0013,0.0231
6,SATURDAY,4,0.1322,0.0330,0.3580,2.3049,0.0951,0.3323,0.0164,0.0471,0.0022,0.0384
6,SATURDAY,5,0.1315,0.2318,0.5390,2.2616,0.0000,0.8278,0.0261,0.0723,0.0035,0.0615
6,SATURDAY,6,0.1524,0.2423,0.6261,2.3068,0.0000,1.1984,0.0516,0.0812,0.0042,0.0730
6,SATURDAY,7,0.1720,0.2497,0.6765,2.3380,0.0000,1.2381,0.0553,0.0907,0.0042,0.0730
6,SATURDAY,8,0.2262,0.2605,0.6766,2.5033,0.0000,1.2385,0.0564,0.1180,0.0042,0.0730
6,SATURDAY,9,0.2607,0.2726,0.6766,2.5469,0.0000,1.2385,0.0565,0.1362,0.0042,0.0730
6,SATURDAY,10,0.3325,0.2793,0.6755,2.5858,0.0000,1.2385,0.0565,0.1499,0.0042,0.0730
6,SATURDAY,11,0.5133,0.2870,0.6658,2.7293,0.0000,1.2385,0.0565,0.1499,0.0042,0.0730
6,SATURDAY,12,0.5854,0.2958,0.6354,2.7469,0.0000,1.2385,0.0565,0.1499,0.0042,0.0730
6,SATURDAY,13,0.6490,0.2994,0.5947,2.8682,0.0000,1.2375,0.0565,0.1499,0.0042,0.0730
6,SATURDAY,14,0.6758,0.3001,0.5652,2.8627,0.0000,1.2315,0.0565,0.1499,0.0042,0.0730
6,SATURDAY,15,0.6929,0.2998,0.5489,2.7199,0.0000,1.2275,0.0565,0.1497,0.0042,0.0730
6,SATURDAY,16,0.6682,0.2968,0.5391,2.7138,0.0000,1.2002,0.0562,0.1347,0.0042,0.0730
6,SATURDAY,17,0.6264,0.2897,0.5315,2.5684,0.0114,1.2004,0.0548,0.1214,0.0042,0.0730
6,SATURDAY,18,0.5527,0.2781,0.4776,2.5466,0.0114,1.1851,0.0315,0.0659,0.0035,0.0615
6,SATURDAY,19,0.3568,0.2631,0.4042,2.5292,0.1065,1.1469,0.0220,0.0440,0.0027,0.0461
6,SATURDAY,20,0.2372,0.2318,0.2620,2.3723,0.0951,1.0495,0.0086,0.0271,0.0018,0.0307
6,SATURDAY,21,0.2231,0.2318,0.1945,2.3353,0.0951,0.9032,0.0057,0.0171,0.0004,0.0077
6,SATURDAY,22,0.1984,0.1523,0.1698,2.2036,0.0951,0.4185,0.0047,0.0125,0.0004,0.0077
6,SATURDAY,23,0.1463,0.0330,0.1019,2.1934,0.0951,0.3855,0.0023,0.0100,0.0007,0.0115
6,SUNDAY,0,0.1407,0.0330,0.0077,2.1874,0.0951,0.3855,0.0020,0.0077,0.0007,0.0115
6,SUNDAY,1,0.1366,0.0330,0.0009,2.1843,0.0951,0.2881,0.0020,0.0078,0.0007,0.0115
6,SUNDAY,2,0.1320,0.0330,0.0729,2.1838,0.0951,0.2902,0.0025,0.0132,0.0007,0.0115
6,SUNDAY,3,0.1296,0.0330,0.2895,2.1828,0.0951,0.2976,0.0041,0.0305,0.0013,0.0231
6,SUNDAY,4,0.1274,0.0330,0.4187,2.3088,0.0951,0.3323,0.0169,0.0505,0.0022,0.0384
6,SUNDAY,5,0.1275,0.2318,0.5533,2.2646,0.0000,0.8278,0.0265,0.0731,0.0035,0.0615
6,SUNDAY,6,0.1499,0.2415,0.6275,2.3087,0.0000,1.1984,0.0519,0.0812,0.0042,0.0730
6,SUNDAY,7,0.2145,0.2517,0.6765,2.3392,0.0000,1.2381,0.0554,0.0907,0.0042,0.0730
6,SUNDAY,8,0.2496,0.2649,0.6766,2.5038,0.0000,1.2385,0.0564,0.1180,0.0042,0.0730
6,SUNDAY,9,0.3170,0.2759,0.6764,2.5470,0.0000,1.2385,0.0565,0.1362,0.0042,0.0730
6,SUNDAY,10,0.4764,0.2869,0.6750,2.5858,0.0000,1.2385,0.0565,0.1499,0.0042,0.0730
6,SUNDAY,11,0.5546,0.2966,0.6655,2.7293,0.0000,1.2385,0.0565,0.1499,0.0042,0.0730
6,SUNDAY,12,0.7040,0.2993,0.6346,2.7469,0.0000,1.2385,0.0565,0.1499,0.0042,0.0730
6,SUNDAY,13,0.7577,0.3008,0.5932,2.8682,0.0000,1.2375,0.0565,0.1499,0.0042,0.0730
6,SUNDAY,14,0.7949,0.3017,0.5631,2.8627,0.0000,1.2315,0.0565,0.1499,0.0042,0.0730
6,SUNDAY,15,0.8121,0.3010,0.5464,2.7199,0.0000,1.2275,0.0565,0.1497,0.0042,0.0730
6,SUNDAY,16,0.7881,0.3000,0.5365,2.7138,0.0000,1.2002,0.0562,0.1347,0.0042,0.0730
6,SUNDAY,17,0.7385,0.2976,0.5287,2.5683,0.0114,1.2004,0.0548,0.1214,0.0042,0.0730
6,SUNDAY,18,0.6534,0.2888,0.4747,2.5465,0.0114,1.1851,0.0315,0.0659,0.0035,0.0615
6,SUNDAY,19,0.4811,0.2699,0.4012,2.5292,0.1065,1.1469,0.0220,0.0440,0.0027,0.0461
6,SUNDAY,20,0.3817,0.2318,0.2588,2.3723,0.0951,1.0495,0.0086,0.0271,0.0018,0.0307
6,SUNDAY,21,0.3448,0.2318,0.1911,2.3353,0.0951,0.9032,0.0057,0.0170,0.0004,0.0077
6,SUNDAY,22,0.2720,0.1920,0.1658,2.2035,0.0951,0.4185,0.0047,0.0125,0.0004,0.0077
6,SUNDAY,23,0.1485,0.0330,0.0968,2.1949,0.0951,0.3855,0.0023,0.0099,0.0007,0.0115
6,HOLIDAY,0,0.0000,0.0000,0.0000,0.0000,0.0000,0.0000,0.0000,0.0000,0.0000,0.0000
6,HOLIDAY,1,0.0000,0.0000,0.0000,0.0000,0.0000,0.0000,0.0000,0.0000,0.0000,0.0000
6,HOLIDAY,2,0.0000,0.0000,0.0000,0.0000,0.0000,0.0000,0.0000,0.0000,0.0000,0.0000
6,HOLIDAY,3,0.0000,0.0000,0.0000,0.0000,0.0000,0.0000,0.0000,0.0000,0.0000,0.0000
6,HOLIDAY,4,0.0000,0.0000,0.0000,0.0000,0.0000,0.0000,0.0000,0.0000,0.0000,0.0000
6,HOLIDAY,5,0.0000,0.0000,0.0000,0.0000,0.0000,0.0000,0.0000,0.0000,0.0000,0.0000
6,HOLIDAY,6,0.0000,0.0000,0.0000,0.0000,0.0000,0.0000,0.0000,0.0000,0.0000,0.0000
6,HOLIDAY,7,0.0000,0.0000,0.0000,0.0000,0.0000,0.0000,0.0000,0.0000,0.0000,0.0000
6,HOLIDAY,8,0.0000,0.0000,0.0000,0.0000,0.0000,0.0000,0.0000,0.0000,0.0000,0.0000
6,HOLIDAY,9,0.0000,0.0000,0.0000,0.0000,0.0000,0.0000,0.0000,0.0000,0.0000,0.0000
6,HOLIDAY,10,0.0000,0.0000,0.0000,0.0000,0.0000,0.0000,0.0000,0.0000,0.0000,0.0000
6,HOLIDAY,11,0.0000,0.0000,0.0000,0.0000,0.0000,0.0000,0.0000,0.0000,0.0000,0.0000
6,HOLIDAY,12,0.0000,0.0000,0.0000,0.0000,0.0000,0.0000,0.0000,0.0000,0.0000,0.0000
6,HOLIDAY,13,0.0000,0.0000,0.0000,0.0000,0.0000,0.0000,0.0000,0.0000,0.0000,0.0000
6,HOLIDAY,14,0.0000,0.0000,0.0000,0.0000,0.0000,0.0000,0.0000,0.0000,0.0000,0.0000
6,HOLIDAY,15,0.0000,0.0000,0.0000,0.0000,0.0000,0.0000,0.0000,0.0000,0.0000,0.0000
6,HOLIDAY,16,0.0000,0.0000,0.0000,0.0000,0.0000,0.0000,0.0000,0.0000,0.0000,0.0000
6,HOLIDAY,17,0.0000,0.0000,0.0000,0.0000,0.0000,0.0000,0.0000,0.0000,0.0000,0.0000
6,HOLIDAY,18,0.0000,0.0000,0.0000,0.0000,0.0000,0.0000,0.0000,0.0000,0.0000,0.0000
6,HOLIDAY,19,0.0000,0.0000,0.0000,0.0000,0.0000,0.0000,0.0000,0.0000,0.0000,0.0000
6,HOLIDAY,20,0.0000,0.0000,0.0000,0.0000,0.0000,0.0000,0.0000,0.0000,0.0000,0.0000
6,HOLIDAY,21,0.0000,0.0000,0.0000,0.0000,0.0000,0.0000,0.0000,0.0000,0.0000,0.0000
6,HOLIDAY,22,0.0000,0.0000,0.0000,0.0000,0.0000,0.0000,0.0000,0.0000,0.0000,0.0000
6,HOLIDAY,23,0.0000,0.0000,0.0000,0.0000,0.0000,0.0000,0.0000,0.0000,0.0000,0.0000
7,WEEKDAY,0,0.1578,0.0330,0.0147,2.1982,0.0951,0.3855,0.0020,0.0078,0.0007,0.0115
7,WEEKDAY,1,0.1541,0.0330,0.0009,2.1943,0.0951,0.2881,0.0020,0.0078,0.0007,0.0115
7,WEEKDAY,2,0.1523,0.0330,0.0178,2.1944,0.0951,0.2902,0.0024,0.0117,0.0007,0.0115
7,WEEKDAY,3,0.1497,0.0330,0.1528,2.2003,0.0951,0.2976,0.0038,0.0249,0.0013,0.0231
7,WEEKDAY,4,0.1473,0.0330,0.3580,2.3263,0.0951,0.3323,0.0164,0.0471,0.0022,0.0384
7,WEEKDAY,5,0.1780,0.2318,0.5390,2.2753,0.0000,0.8278,0.0261,0.0723,0.0035,0.0615
7,WEEKDAY,6,0.1707,0.2486,0.6261,2.3052,0.0000,1.1984,0.0516,0.0812,0.0042,0.0730
7,WEEKDAY,7,0.1880,0.2570,0.6765,2.3265,0.0000,1.2381,0.0553,0.0907,0.0042,0.0730
7,WEEKDAY,8,0.2499,0.2657,0.6766,2.4900,0.0000,1.2385,0.0564,0.1180,0.0042,0.0730
7,WEEKDAY,9,0.3219,0.2743,0.6766,2.5471,0.0000,1.2385,0.0565,0.1362,0.0042,0.0730
7,WEEKDAY,10,0.4275,0.2839,0.6755,2.6029,0.0000,1.2385,0.0565,0.1499,0.0042,0.0730
7,WEEKDAY,11,0.5925,0.2938,0.6658,2.7564,0.0000,1.2385,0.0565,0.1499,0.0042,0.0730
7,WEEKDAY,12,0.7168,0.3004,0.6354,2.7785,0.0000,1.2385,0.0565,0.1499,0.0042,0.0730
7,WEEKDAY,13,0.8014,0.3019,0.5947,2.8995,0.0000,1.2375,0.0565,0.1499,0.0042,0.0730
7,WEEKDAY,14,0.8394,0.3022,0.5652,2.8860,0.0000,1.2315,0.0565,0.1499,0.0042,0.0730
7,WEEKDAY,15,0.8572,0.3023,0.5489,2.7312,0.0000,1.2275,0.0565,0.1497,0.0042,0.0730
7,WEEKDAY,16,0.8269,0.3020,0.5391,2.7221,0.0000,1.2002,0.0562,0.1347,0.0042,0.0730
7,WEEKDAY,17,0.7646,0.2989,0.5315,2.5742,0.0114,1.2004,0.0548,0.1214,0.0042,0.0730
7,WEEKDAY,18,0.6667,0.2901,0.4776,2.5521,0.0114,1.1851,0.0315,0.0659,0.0035,0.0615
7,WEEKDAY,19,0.4349,0.2725,0.4042,2.5373,0.1065,1.1469,0.0220,0.0440,0.0027,0.0461
7,WEEKDAY,20,0.3825,0.2318,0.2620,2.3808,0.0951,1.0495,0.0086,0.0271,0.0018,0.0307
7,WEEKDAY,21,0.2962,0.2318,0.1945,2.3433,0.0951,0.9032,0.0057,0.0171,0.0004,0.0077
7,WEEKDAY,22,0.2423,0.1866,0.1698,2.2128,0.0951,0.4185,0.0047,0.0125,0.0004,0.0077
7,WEEKDAY,23,0.1613,0.0330,0.1019,2.2036,0.0951,0.3855,0.0023,0.0100,0.0007,0.0115
7,SATURDAY,0,0.1616,0.0330,0.0147,2.1982,0.0951,0.3855,0.0020,0.0078,0.0007,0.0115
7,SATURDAY,1,0.1641,0.0330,0.0009,2.1943,0.0951,0.2881,0.0020,0.0078,0.0007,0.0115
7,SATURDAY,2,0.1587,0.0330,0.0178,2.1944,0.0951,0.2902,0.0024,0.0117,0.0007,0.0115
7,SATURDAY,3,0.1541,0.0330,0.1528,2.2003,0.0951,0.2976,0.0038,0.0249,0.0013,0.0231
7,SATURDAY,4,0.1517,0.0330,0.3580,2.3263,0.0951,0.3323,0.0164,0.0471,0.0022,0.0384
7,SATURDAY,5,0.1493,0.2318,0.5390,2.2753,0.0000,0.8278,0.0261,0.0723,0.0035,0.0615
7,SATURDAY,6,0.1741,0.2495,0.6261,2.3052,0.0000,1.1984,0.0516,0.0812,0.0042,0.0730
7,SATURDAY,7,0.1926,0.2576,0.6765,2.3265,0.0000,1.2381,0.0553,0.0907,0.0042,0.0730
7,SATURDAY,8,0.2063,0.2694,0.6766,2.4900,0.0000,1.2385,0.0564,0.1180,0.0042,0.0730
7,SATURDAY,9,0.3332,0.2852,0.6766,2.5471,0.0000,1.2385,0.0565,0.1362,0.0042,0.0730
7,SATURDAY,10,0.5169,0.2968,0.6755,2.6029,0.0000,1.2385,0.0565,0.1499,0.0042,0.0730
7,SATURDAY,11,0.6274,0.3012,0.6658,2.7564,0.0000,1.2385,0.0565,0.1499,0.0042,0.0730
7,SATURDAY,12,0.7497,0.3022,0.6354,2.7785,0.0000,1.2385,0.0565,0.1499,0.0042,0.0730
7,SATURDAY,13,0.8265,0.3025,0.5947,2.8995,0.0000,1.2375,0.0565,0.1499,0.0042,0.0730
7,SATURDAY,14,0.8706,0.3026,0.5652,2.8860,0.0000,1.2315,0.0565,0.1499,0.0042,0.0730
7,SATURDAY,15,0.8804,0.3026,0.5489,2.7312,0.0000,1.2275,0.0565,0.1497,0.0042,0.0730
7,SATURDAY,16,0.8576,0.3026,0.5391,2.7221,0.0000,1.2002,0.0562,0.1347,0.0042,0.0730
7,SATURDAY,17,0.7738,0.3010,0.5315,2.5742,0.0114,1.2004,0.0548,0.1214,0.0042,0.0730
7,SATURDAY,18,0.6752,0.2971,0.4776,2.5521,0.0114,1.1851,0.0315,0.0659,0.0035,0.0615
7,SATURDAY,19,0.4554,0.2822,0.4042,2.5373,0.1065,1.1469,0.0220,0.0440,0.0027,0.0461
7,SATURDAY,20,0.4154,0.2318,0.2620,2.3808,0.0951,1.0495,0.0086,0.0271,0.0018,0.0307
7,SATURDAY,21,0.3050,0.2318,0.1945,2.3433,0.0951,0.9032,0.0057,0.0171,0.0004,0.0077
7,SATURDAY,22,0.2155,0.2318,0.1698,2.2128,0.0951,0.4185,0.0047,0.0125,0.0004,0.0077
7,SATURDAY,23,0.1643,0.0330,0.1019,2.2026,0.0951,0.3855,0.0023,0.0100,0.0007,0.0115
7,SUNDAY,0,0.1673,0.0330,0.0077,2.1978,0.0951,0.3855,0.0020,0.0077,0.0007,0.0115
7,SUNDAY,1,0.1605,0.0330,0.0009,2.1943,0.0951,0.2881,0.0020,0.0078,0.0007,0.0115
7,SUNDAY,2,0.1539,0.0330,0.0729,2.1956,0.0951,0.2902,0.0025,0.0132,0.0007,0.0115
7,SUNDAY,3,0.1499,0.0330,0.2895,2.2038,0.0951,0.2976,0.0041,0.0305,0.0013,0.0231
7,SUNDAY,4,0.1471,0.0330,0.4187,2.3302,0.0951,0.3323,0.0169,0.0505,0.0022,0.0384
7,SUNDAY,5,0.1457,0.2318,0.5533,2.2782,0.0000,0.8278,0.0265,0.0731,0.0035,0.0615
7,SUNDAY,6,0.1695,0.2476,0.6275,2.3071,0.0000,1.1984,0.0519,0.0812,0.0042,0.0730
7,SUNDAY,7,0.1864,0.2538,0.6765,2.3277,0.0000,1.2381,0.0554,0.0907,0.0042,0.0730
7,SUNDAY,8,0.1954,0.2599,0.6766,2.4905,0.0000,1.2385,0.0564,0.1180,0.0042,0.0730
7,SUNDAY,9,0.2073,0.2697,0.6764,2.5472,0.0000,1.2385,0.0565,0.1362,0.0042,0.0730
7,SUNDAY,10,0.3497,0.2804,0.6750,2.6029,0.0000,1.2385,0.0565,0.1499,0.0042,0.0730
7,SUNDAY,11,0.4034,0.2860,0.6655,2.7564,0.0000,1.2385,0.0565,0.1499,0.0042,0.0730
7,SUNDAY,12,0.5446,0.2895,0.6346,2.7785,0.0000,1.2385,0.0565,0.1499,0.0042,0.0730
7,SUNDAY,13,0.6660,0.2943,0.5932,2.8995,0.0000,1.2375,0.0565,0.1499,0.0042,0.0730
7,SUNDAY,14,0.6956,0.2968,0.5631,2.8860,0.0000,1.2315,0.0565,0.1499,0.0042,0.0730
7,SUNDAY,15,0.7125,0.2964,0.5464,2.7312,0.0000,1.2275,0.0565,0.1497,0.0042,0.0730
7,SUNDAY,16,0.6933,0.2958,0.5365,2.7221,0.0000,1.2002,0.0562,0.1347,0.0042,0.0730
7,SUNDAY,17,0.6471,0.2914,0.5287,2.5742,0.0114,1.2004,0.0548,0.1214,0.0042,0.0730
7,SUNDAY,18,0.5773,0.2849,0.4747,2.5521,0.0114,1.1851,0.0315,0.0659,0.0035,0.0615
7,SUNDAY,19,0.3375,0.2673,0.4012,2.5373,0.1065,1.1469,0.0220,0.0440,0.0027,0.0461
7,SUNDAY,20,0.3084,0.2318,0.2588,2.3808,0.0951,1.0495,0.0086,0.0271,0.0018,0.0307
7,SUNDAY,21,0.2313,0.2318,0.1911,2.3432,0.0951,0.9032,0.0057,0.0170,0.0004,0.0077
7,SUNDAY,22,0.1659,0.1324,0.1658,2.2126,0.0951,0.4185,0.0047,0.0125,0.0004,0.0077
7,SUNDAY,23,0.1648,0.0330,0.0968,2.2022,0.0951,0.3855,0.0023,0.0099,0.0007,0.0115
7,HOLIDAY,0,0.1598,0.0330,0.0147,2.1982,0.0951,0.3855,0.0020,0.0078,0.0007,0.0115
7,HOLIDAY,1,0.1535,0.0330,0.0009,2.1943,0.0951,0.2881,0.0020,0.0078,0.0007,0.0115
7,HOLIDAY,2,0.1509,0.0330,0.0178,2.1944,0.0951,0.2902,0.0024,0.0117,0.0007,0.0115
7,HOLIDAY,3,0.1463,0.0330,0.1528,2.2003,0.0951,0.2976,0.0038,0.0249,0.0013,0.0231
7,HOLIDAY,4,0.1452,0.0330,0.3580,2.3263,0.0951,0.3323,0.0164,0.0471,0.0022,0.0384
7,HOLIDAY,5,0.1433,0.2318,0.5390,2.2753,0.0000,0.8278,0.0261,0.0723,0.0035,0.0615
7,HOLIDAY,6,0.1683,0.2498,0.6261,2.3052,0.0000,1.1984,0.0516,0.0812,0.0042,0.0730
7,HOLIDAY,7,0.1892,0.2589,0.6765,2.3265,0.0000,1.2381,0.0553,0.0907,0.0042,0.0730
7,HOLIDAY,8,0.2029,0.2724,0.6766,2.4900,0.0000,1.2385,0.0564,0.1180,0.0042,0.0730
7,HOLIDAY,9,0.4186,0.2892,0.6766,2.5471,0.0000,1.2385,0.0565,0.1362,0.0042,0.0730
7,HOLIDAY,10,0.5389,0.3014,0.6755,2.6029,0.0000,1.2385,0.0565,0.1499,0.0042,0.0730
7,HOLIDAY,11,0.6201,0.3016,0.6658,2.7564,0.0000,1.2385,0.0565,0.1499,0.0042,0.0730
7,HOLIDAY,12,0.7568,0.3027,0.6354,2.7785,0.0000,1.2385,0.0565,0.1499,0.0042,0.0730
7,HOLIDAY,13,0.8655,0.3028,0.5947,2.8995,0.0000,1.2375,0.0565,0.1499,0.0042,0.0730
7,HOLIDAY,14,0.8965,0.3029,0.5652,2.8860,0.0000,1.2315,0.0565,0.1499,0.0042,0.0730
7,HOLIDAY,15,0.9489,0.3029,0.5489,2.7312,0.0000,1.2275,0.0565,0.1497,0.0042,0.0730
7,HOLIDAY,16,0.8941,0.3029,0.5391,2.7221,0.0000,1.2002,0.0562,0.1347,0.0042,0.0730
7,HOLIDAY,17,0.8209,0.3029,0.5315,2.5742,0.0114,1.2004,0.0548,0.1214,0.0042,0.0730
7,HOLIDAY,18,0.7144,0.3019,0.4776,2.5521,0.0114,1.1851,0.0315,0.0659,0.0035,0.0615
7,HOLIDAY,19,0.5238,0.2884,0.4042,2.5373,0.1065,1.1469,0.0220,0.0440,0.0027,0.0461
7,HOLIDAY,20,0.5028,0.2318,0.2620,2.3808,0.0951,1.0495,0.0086,0.0271,0.0018,0.0307
7,HOLIDAY,21,0.4487,0.2318,0.1945,2.3433,0.0951,0.9032,0.0057,0.0171,0.0004,0.0077
7,HOLIDAY,22,0.3671,0.2318,0.1698,2.2128,0.0951,0.4185,0.0047,0.0125,0.0004,0.0077
7,HOLIDAY,23,0.1646,0.0330,0.1019,2.2026,0.0951,0.3855,0.0023,0.0100,0.0007,0.0115
8,WEEKDAY,0,0.1587,0.0330,0.0147,2.2218,0.0951,0.3855,0.0020,0.0078,0.0007,0.0115
8,WEEKDAY,1,0.1564,0.0330,0.0009,2.2162,0.0951,0.2881,0.0020,0.0078,0.0007,0.0115
8,WEEKDAY,2,0.1562,0.0330,0.0178,2.2158,0.0951,0.2902,0.0024,0.0117,0.0007,0.0115
8,WEEKDAY,3,0.1531,0.0330,0.1528,2.2206,0.0951,0.2976,0.0038,0.0249,0.0013,0.0231
8,WEEKDAY,4,0.1509,0.0330,0.3580,2.3470,0.0951,0.3323,0.0164,0.0471,0.0022,0.0384
8,WEEKDAY,5,0.1770,0.2318,0.5390,2.2633,0.0000,0.8278,0.0261,0.0723,0.0035,0.0615
8,WEEKDAY,6,0.1709,0.2491,0.6261,2.2933,0.0000,1.1984,0.0516,0.0812,0.0042,0.0730
8,WEEKDAY,7,0.1858,0.2574,0.6765,2.3214,0.0000,1.2381,0.0553,0.0907,0.0042,0.0730
8,WEEKDAY,8,0.2113,0.2685,0.6766,2.4861,0.0000,1.2385,0.0564,0.1180,0.0042,0.0730
8,WEEKDAY,9,0.2938,0.2831,0.6766,2.5473,0.0000,1.2385,0.0565,0.1362,0.0042,0.0730
8,WEEKDAY,10,0.4513,0.2945,0.6755,2.6033,0.0000,1.2385,0.0565,0.1499,0.0042,0.0730
8,WEEKDAY,11,0.5764,0.2985,0.6658,2.7618,0.0000,1.2385,0.0565,0.1499,0.0042,0.0730
8,WEEKDAY,12,0.7216,0.3020,0.6354,2.7865,0.0000,1.2385,0.0565,0.1499,0.0042,0.0730
8,WEEKDAY,13,0.8063,0.3024,0.5947,2.9090,0.0000,1.2375,0.0565,0.1499,0.0042,0.0730
8,WEEKDAY,14,0.8580,0.3025,0.5652,2.8960,0.0000,1.2315,0.0565,0.1499,0.0042,0.0730
8,WEEKDAY,15,0.8893,0.3026,0.5489,2.7386,0.0000,1.2275,0.0565,0.1497,0.0042,0.0730
8,WEEKDAY,16,0.8629,0.3022,0.5391,2.7290,0.0000,1.2002,0.0562,0.1347,0.0042,0.0730
8,WEEKDAY,17,0.7957,0.3002,0.5315,2.5779,0.0114,1.2004,0.0548,0.1214,0.0042,0.0730
8,WEEKDAY,18,0.6672,0.2944,0.4776,2.5495,0.0114,1.1851,0.0315,0.0659,0.0035,0.0615
8,WEEKDAY,19,0.5095,0.2771,0.4042,2.5497,0.1065,1.1469,0.0220,0.0440,0.0027,0.0461
8,WEEKDAY,20,0.4570,0.2318,0.2620,2.3979,0.0951,1.0495,0.0086,0.0271,0.0018,0.0307
8,WEEKDAY,21,0.3565,0.2318,0.1945,2.3615,0.0951,0.9032,0.0057,0.0171,0.0004,0.0077
8,WEEKDAY,22,0.2900,0.2137,0.1698,2.2339,0.0951,0.4185,0.0047,0.0125,0.0004,0.0077
8,WEEKDAY,23,0.1617,0.0330,0.1019,2.2262,0.0951,0.3855,0.0023,0.0100,0.0007,0.0115
8,SATURDAY,0,0.1623,0.0330,0.0147,2.2218,0.0951,0.3855,0.0020,0.0078,0.0007,0.0115
8,SATURDAY,1,0.1601,0.0330,0.0009,2.2162,0.0951,0.2881,0.0020,0.0078,0.0007,0.0115
8,SATURDAY,2,0.1542,0.0330,0.0178,2.2158,0.0951,0.2902,0.0024,0.0117,0.0007,0.0115
8,SATURDAY,3,0.1514,0.0330,0.1528,2.2206,0.0951,0.2976,0.0038,0.0249,0.0013,0.0231
8,SATURDAY,4,0.1503,0.0330,0.3580,2.3470,0.0951,0.3323,0.0164,0.0471,0.0022,0.0384
8,SATURDAY,5,0.1503,0.2318,0.5390,2.2633,0.0000,0.8278,0.0261,0.0723,0.0035,0.0615
8,SATURDAY,6,0.1703,0.2469,0.6261,2.2933,0.0000,1.1984,0.0516,0.0812,0.0042,0.0730
8,SATURDAY,7,0.1840,0.2554,0.6765,2.3214,0.0000,1.2381,0.0553,0.0907,0.0042,0.0730
8,SATURDAY,8,0.1979,0.2655,0.6766,2.4861,0.0000,1.2385,0.0564,0.1180,0.0042,0.0730
8,SATURDAY,9,0.3013,0.2798,0.6766,2.5473,0.0000,1.2385,0.0565,0.1362,0.0042,0.0730
8,SATURDAY,10,0.3965,0.2904,0.6755,2.6033,0.0000,1.2385,0.0565,0.1499,0.0042,0.0730
8,SATURDAY,11,0.5216,0.2970,0.6658,2.7618,0.0000,1.2385,0.0565,0.1499,0.0042,0.0730
8,SATURDAY,12,0.6740,0.3001,0.6354,2.7865,0.0000,1.2385,0.0565,0.1499,0.0042,0.0730
8,SATURDAY,13,0.7689,0.3011,0.5947,2.9090,0.0000,1.2375,0.0565,0.1499,0.0042,0.0730
8,SATURDAY,14,0.8049,0.3019,0.5652,2.8960,0.0000,1.2315,0.0565,0.1499,0.0042,0.0730
8,SATURDAY,15,0.8437,0.3014,0.5489,2.7386,0.0000,1.2275,0.0565,0.1497,0.0042,0.0730
8,SATURDAY,16,0.8242,0.3002,0.5391,2.7290,0.0000,1.2002,0.0562,0.1347,0.0042,0.0730
8,SATURDAY,17,0.7605,0.2980,0.5315,2.5779,0.0114,1.2004,0.0548,0.1214,0.0042,0.0730
8,SATURDAY,18,0.6095,0.2894,0.4776,2.5495,0.0114,1.1851,0.0315,0.0659,0.0035,0.0615
8,SATURDAY,19,0.4218,0.2742,0.4042,2.5497,0.1065,1.1469,0.0220,0.0440,0.0027,0.0461
8,SATURDAY,20,0.3823,0.2318,0.2620,2.3979,0.0951,1.0495,0.0086,0.0271,0.0018,0.0307
8,SATURDAY,21,0.3445,0.2318,0.1945,2.3615,0.0951,0.9032,0.0057,0.0171,0.0004,0.0077
8,SATURDAY,22,0.2567,0.1920,0.1698,2.2339,0.0951,0.4185,0.0047,0.0125,0.0004,0.0077
8,SATURDAY,23,0.1663,0.0330,0.1019,2.2209,0.0951,0.3855,0.0023,0.0100,0.0007,0.0115
8,SUNDAY,0,0.1591,0.0330,0.0077,2.2215,0.0951,0.3855,0.0020,0.0077,0.0007,0.0115
8,SUNDAY,1,0.1530,0.0330,0.0009,2.2162,0.0951,0.2881,0.0020,0.0078,0.0007,0.0115
8,SUNDAY,2,0.1494,0.0330,0.0729,2.2170,0.0951,0.2902,0.0025,0.0132,0.0007,0.0115
8,SUNDAY,3,0.1464,0.0330,0.2895,2.2241,0.0951,0.2976,0.0041,0.0305,0.0013,0.0231
8,SUNDAY,4,0.1459,0.0330,0.4187,2.3510,0.0951,0.3323,0.0169,0.0505,0.0022,0.0384
8,SUNDAY,5,0.1469,0.2318,0.5533,2.2663,0.0000,0.8278,0.0265,0.0731,0.0035,0.0615
8,SUNDAY,6,0.1640,0.2450,0.6275,2.2952,0.0000,1.1984,0.0519,0.0812,0.0042,0.0730
8,SUNDAY,7,0.1798,0.2534,0.6765,2.3226,0.0000,1.2381,0.0554,0.0907,0.0042,0.0730
8,SUNDAY,8,0.1942,0.2637,0.6766,2.4866,0.0000,1.2385,0.0564,0.1180,0.0042,0.0730
8,SUNDAY,9,0.2602,0.2791,0.6764,2.5474,0.0000,1.2385,0.0565,0.1362,0.0042,0.0730
8,SUNDAY,10,0.4814,0.2931,0.6750,2.6033,0.0000,1.2385,0.0565,0.1499,0.0042,0.0730
8,SUNDAY,11,0.5987,0.3015,0.6655,2.7618,0.0000,1.2385,0.0565,0.1499,0.0042,0.0730
8,SUNDAY,12,0.7137,0.3021,0.6346,2.7865,0.0000,1.2385,0.0565,0.1499,0.0042,0.0730
8,SUNDAY,13,0.8032,0.3025,0.5932,2.9090,0.0000,1.2375,0.0565,0.1499,0.0042,0.0730
8,SUNDAY,14,0.8389,0.3026,0.5631,2.8960,0.0000,1.2315,0.0565,0.1499,0.0042,0.0730
8,SUNDAY,15,0.8575,0.3027,0.5464,2.7386,0.0000,1.2275,0.0565,0.1497,0.0042,0.0730
8,SUNDAY,16,0.8216,0.3026,0.5365,2.7290,0.0000,1.2002,0.0562,0.1347,0.0042,0.0730
8,SUNDAY,17,0.7515,0.3021,0.5287,2.5779,0.0114,1.2004,0.0548,0.1214,0.0042,0.0730
8,SUNDAY,18,0.6517,0.2960,0.4747,2.5495,0.0114,1.1851,0.0315,0.0659,0.0035,0.0615
8,SUNDAY,19,0.4436,0.2738,0.4012,2.5496,0.1065,1.1469,0.0220,0.0440,0.0027,0.0461
8,SUNDAY,20,0.3998,0.2318,0.2588,2.3979,0.0951,1.0495,0.0086,0.0271,0.0018,0.0307
8,SUNDAY,21,0.2968,0.2318,0.1911,2.3614,0.0951,0.9032,0.0057,0.0170,0.0004,0.0077
8,SUNDAY,22,0.2109,0.2318,0.1658,2.2338,0.0951,0.4185,0.0047,0.0125,0.0004,0.0077
8,SUNDAY,23,0.1615,0.0330,0.0968,2.2259,0.0951,0.3855,0.0023,0.0099,0.0007,0.0115
8,HOLIDAY,0,0.0000,0.0000,0.0000,0.0000,0.0000,0.0000,0.0000,0.0000,0.0000,0.0000
8,HOLIDAY,1,0.0000,0.0000,0.0000,0.0000,0.0000,0.0000,0.0000,0.0000,0.0000,0.0000
8,HOLIDAY,2,0.0000,0.0000,0.0000,0.0000,0.0000,0.0000,0.0000,0.0000,0.0000,0.0000
8,HOLIDAY,3,0.0000,0.0000,0.0000,0.0000,0.0000,0.0000,0.0000,0.0000,0.0000,0.0000
8,HOLIDAY,4,0.0000,0.0000,0.0000,0.0000,0.0000,0.0000,0.0000,0.0000,0.0000,0.0000
8,HOLIDAY,5,0.0000,0.0000,0.0000,0.0000,0.0000,0.0000,0.0000,0.0000,0.0000,0.0000
8,HOLIDAY,6,0.0000,0.0000,0.0000,0.0000,0.0000,0.0000,0.0000,0.0000,0.0000,0.0000
8,HOLIDAY,7,0.0000,0.0000,0.0000,0.0000,0.0000,0.0000,0.0000,0.0000,0.0000,0.0000
8,HOLIDAY,8,0.0000,0.0000,0.0000,0.0000,0.0000,0.0000,0.0000,0.0000,0.0000,0.0000
8,HOLIDAY,9,0.0000,0.0000,0.0000,0.0000,0.0000,0.0000,0.0000,0.0000,0.0000,0.0000
8,HOLIDAY,10,0.0000,0.0000,0.0000,0.0000,0.0000,0.0000,0.0000,0.0000,0.0000,0.0000
8,HOLIDAY,11,0.0000,0.0000,0.0000,0.0000,0.0000,0.0000,0.0000,0.0000,0.0000,0.0000
8,HOLIDAY,12,0.0000,0.0000,0.0000,0.0000,0.0000,0.0000,0.0000,0.0000,0.0000,0.0000
8,HOLIDAY,13,0.0000,0.0000,0.0000,0.0000,0.0000,0.0000,0.0000,0.0000,0.0000,0.0000
8,HOLIDAY,14,0.0000,0.0000,0.0000,0.0000,0.0000,0.0000,0.0000,0.0000,0.0000,0.0000
8,HOLIDAY,15,0.0000,0.0000,0.0000,0.0000,0.0000,0.0000,0.0000,0.0000,0.0000,0.0000
8,HOLIDAY,16,0.0000,0.0000,0.0000,0.0000,0.0000,0.0000,0.0000,0.0000,0.0000,0.0000
8,HOLIDAY,17,0.0000,0.0000,0.0000,0.0000,0.0000,0.0000,0.0000,0.0000,0.0000,0.0000
8,HOLIDAY,18,0.0000,0.0000,0.0000,0.0000,0.0000,0.0000,0.0000,0.0000,0.0000,0.0000
8,HOLIDAY,19,0.0000,0.0000,0.0000,0.0000,0.0000,0.0000,0.0000,0.0000,0.0000,0.0000
8,HOLIDAY,20,0.0000,0.0000,0.0000,0.0000,0.0000,0.0000,0.0000,0.0000,0.0000,0.0000
8,HOLIDAY,21,0.0000,0.0000,0.0000,0.0000,0.0000,0.0000,0.0000,0.0000,0.0000,0.0000
8,HOLIDAY,22,0.0000,0.0000,0.0000,0.0000,0.0000,0.0000,0.0000,0.0000,0.0000,0.0000
8,HOLIDAY,23,0.0000,0.0000,0.0000,0.0000,0.0000,0.0000,0.0000,0.0000,0.0000,0.0000
9,WEEKDAY,0,0.1530,0.0330,0.0147,2.1961,0.0951,0.3855,0.0020,0.0078,0.0007,0.0115
9,WEEKDAY,1,0.1512,0.0330,0.0009,2.1930,0.0951,0.2881,0.0020,0.0078,0.0007,0.0115
9,WEEKDAY,2,0.1454,0.0330,0.0178,2.1926,0.0951,0.2902,0.0024,0.0117,0.0007,0.0115
9,WEEKDAY,3,0.1418,0.0330,0.1528,2.1980,0.0951,0.2976,0.0038,0.0249,0.0013,0.0231
9,WEEKDAY,4,0.1388,0.0330,0.3580,2.3241,0.0951,0.3323,0.0164,0.0471,0.0022,0.0384
9,WEEKDAY,5,0.1405,0.2318,0.5390,2.2363,0.0951,0.8278,0.0261,0.0723,0.0035,0.0615
9,WEEKDAY,6,0.1501,0.2371,0.6261,2.2545,0.0000,1.1984,0.0516,0.0812,0.0042,0.0730
9,WEEKDAY,7,0.1630,0.2427,0.6765,2.2851,0.0000,1.2381,0.0553,0.0907,0.0042,0.0730
9,WEEKDAY,8,0.1793,0.2517,0.6766,2.4539,0.0000,1.2385,0.0564,0.1180,0.0042,0.0730
9,WEEKDAY,9,0.2412,0.2661,0.6766,2.5144,0.0000,1.2385,0.0565,0.1362,0.0042,0.0730
9,WEEKDAY,10,0.3389,0.2819,0.6755,2.5729,0.0000,1.2385,0.0565,0.1499,0.0042,0.0730
9,WEEKDAY,11,0.4730,0.2921,0.6658,2.7341,0.0000,1.2385,0.0565,0.1499,0.0042,0.0730
9,WEEKDAY,12,0.6000,0.2970,0.6354,2.7637,0.0000,1.2385,0.0565,0.1499,0.0042,0.0730
9,WEEKDAY,13,0.6883,0.2994,0.5947,2.8886,0.0000,1.2375,0.0565,0.1499,0.0042,0.0730
9,WEEKDAY,14,0.7554,0.2999,0.5652,2.8750,0.0000,1.2315,0.0565,0.1499,0.0042,0.0730
9,WEEKDAY,15,0.7713,0.2993,0.5489,2.7247,0.0000,1.2275,0.0565,0.1497,0.0042,0.0730
9,WEEKDAY,16,0.7340,0.2970,0.5391,2.7111,0.0000,1.2002,0.0562,0.1347,0.0042,0.0730
9,WEEKDAY,17,0.6641,0.2917,0.5315,2.5519,0.0114,1.2004,0.0548,0.1214,0.0042,0.0730
9,WEEKDAY,18,0.5404,0.2804,0.4776,2.5050,0.1065,1.1851,0.0315,0.0659,0.0035,0.0615
9,WEEKDAY,19,0.3116,0.2602,0.4042,2.5009,0.1065,1.1469,0.0220,0.0440,0.0027,0.0461
9,WEEKDAY,20,0.2676,0.2318,0.2620,2.3655,0.0951,1.0495,0.0086,0.0271,0.0018,0.0307
9,WEEKDAY,21,0.2309,0.2318,0.1945,2.3354,0.0951,0.9032,0.0057,0.0171,0.0004,0.0077
9,WEEKDAY,22,0.2072,0.1423,0.1698,2.2070,0.0951,0.4185,0.0047,0.0125,0.0004,0.0077
9,WEEKDAY,23,0.1575,0.0330,0.1019,2.1962,0.0951,0.3855,0.0023,0.0100,0.0007,0.0115
9,SATURDAY,0,0.1486,0.0330,0.0147,2.1961,0.0951,0.3855,0.0020,0.0078,0.0007,0.0115
9,SATURDAY,1,0.1432,0.0330,0.0009,2.1930,0.0951,0.2881,0.0020,0.0078,0.0007,0.0115
9,SATURDAY,2,0.1390,0.0330,0.0178,2.1926,0.0951,0.2902,0.0024,0.0117,0.0007,0.0115
9,SATURDAY,3,0.1345,0.0330,0.1528,2.1980,0.0951,0.2976,0.0038,0.0249,0.0013,0.0231
9,SATURDAY,4,0.1326,0.0330,0.3580,2.3241,0.0951,0.3323,0.0164,0.0471,0.0022,0.0384
9,SATURDAY,5,0.1318,0.2319,0.5390,2.2363,0.0951,0.8278,0.0261,0.0723,0.0035,0.0615
9,SATURDAY,6,0.1438,0.2354,0.6261,2.2545,0.0000,1.1984,0.0516,0.0812,0.0042,0.0730
9,SATURDAY,7,0.1557,0.2389,0.6765,2.2851,0.0000,1.2381,0.0553,0.0907,0.0042,0.0730
9,SATURDAY,8,0.1723,0.2472,0.6766,2.4539,0.0000,1.2385,0.0564,0.1180,0.0042,0.0730
9,SATURDAY,9,0.2264,0.2607,0.6766,2.5144,0.0000,1.2385,0.0565,0.1362,0.0042,0.0730
9,SATURDAY,10,0.2705,0.2752,0.6755,2.5729,0.0000,1.2385,0.0565,0.1499,0.0042,0.0730
9,SATURDAY,11,0.4710,0.2869,0.6658,2.7341,0.0000,1.2385,0.0565,0.1499,0.0042,0.0730
9,SATURDAY,12,0.5592,0.2968,0.6354,2.7637,0.0000,1.2385,0.0565,0.1499,0.0042,0.0730
9,SATURDAY,13,0.6330,0.2993,0.5947,2.8886,0.0000,1.2375,0.0565,0.1499,0.0042,0.0730
9,SATURDAY,14,0.6867,0.2989,0.5652,2.8750,0.0000,1.2315,0.0565,0.1499,0.0042,0.0730
9,SATURDAY,15,0.6826,0.2979,0.5489,2.7247,0.0000,1.2275,0.0565,0.1497,0.0042,0.0730
9,SATURDAY,16,0.6526,0.2945,0.5391,2.7111,0.0000,1.2002,0.0562,0.1347,0.0042,0.0730
9,SATURDAY,17,0.5941,0.2853,0.5315,2.5519,0.0114,1.2004,0.0548,0.1214,0.0042,0.0730
9,SATURDAY,18,0.4584,0.2717,0.4776,2.5050,0.1065,1.1851,0.0315,0.0659,0.0035,0.0615
9,SATURDAY,19,0.2511,0.2513,0.4042,2.5009,0.1065,1.1469,0.0220,0.0440,0.0027,0.0461
9,SATURDAY,20,0.1667,0.2318,0.2620,2.3655,0.0951,1.0495,0.0086,0.0271,0.0018,0.0307
9,SATURDAY,21,0.1649,0.2318,0.1945,2.3354,0.0951,0.9032,0.0057,0.0171,0.0004,0.0077
9,SATURDAY,22,0.1587,0.0827,0.1698,2.2070,0.0951,0.4185,0.0047,0.0125,0.0004,0.0077
9,SATURDAY,23,0.1522,0.0330,0.1019,2.1994,0.0951,0.3855,0.0023,0.0100,0.0007,0.0115
9,SUNDAY,0,0.1498,0.0330,0.0077,2.1957,0.0951,0.3855,0.0020,0.0077,0.0007,0.0115
9,SUNDAY,1,0.1475,0.0330,0.0009,2.1930,0.0951,0.2881,0.0020,0.0078,0.0007,0.0115
9,SUNDAY,2,0.1479,0.0330,0.0729,2.1938,0.0951,0.2902,0.0025,0.0132,0.0007,0.0115
9,SUNDAY,3,0.1455,0.0330,0.2895,2.2015,0.0951,0.2976,0.0041,0.0305,0.0013,0.0231
9,SUNDAY,4,0.1426,0.0330,0.4187,2.3281,0.0951,0.3323,0.0169,0.0505,0.0022,0.0384
9,SUNDAY,5,0.1425,0.2319,0.5533,2.2392,0.0951,0.8278,0.0265,0.0731,0.0035,0.0615
9,SUNDAY,6,0.1543,0.2372,0.6275,2.2564,0.0000,1.1984,0.0519,0.0812,0.0042,0.0730
9,SUNDAY,7,0.1659,0.2416,0.6765,2.2864,0.0000,1.2381,0.0554,0.0907,0.0042,0.0730
9,SUNDAY,8,0.1821,0.2502,0.6766,2.4544,0.0000,1.2385,0.0564,0.1180,0.0042,0.0730
9,SUNDAY,9,0.2492,0.2653,0.6764,2.5145,0.0000,1.2385,0.0565,0.1362,0.0042,0.0730
9,SUNDAY,10,0.3310,0.2763,0.6750,2.5729,0.0000,1.2385,0.0565,0.1499,0.0042,0.0730
9,SUNDAY,11,0.4800,0.2874,0.6655,2.7341,0.0000,1.2385,0.0565,0.1499,0.0042,0.0730
9,SUNDAY,12,0.5761,0.2949,0.6346,2.7637,0.0000,1.2385,0.0565,0.1499,0.0042,0.0730
9,SUNDAY,13,0.7153,0.2976,0.5932,2.8886,0.0000,1.2375,0.0565,0.1499,0.0042,0.0730
9,SUNDAY,14,0.7714,0.2978,0.5631,2.8750,0.0000,1.2315,0.0565,0.1499,0.0042,0.0730
9,SUNDAY,15,0.7885,0.2973,0.5464,2.7247,0.0000,1.2275,0.0565,0.1497,0.0042,0.0730
9,SUNDAY,16,0.7666,0.2952,0.5365,2.7111,0.0000,1.2002,0.0562,0.1347,0.0042,0.0730
9,SUNDAY,17,0.6968,0.2888,0.5287,2.5519,0.0114,1.2004,0.0548,0.1214,0.0042,0.0730
9,SUNDAY,18,0.5301,0.2759,0.4747,2.5050,0.1065,1.1851,0.0315,0.0659,0.0035,0.0615
9,SUNDAY,19,0.3270,0.2592,0.4012,2.5008,0.1065,1.1469,0.0220,0.0440,0.0027,0.0461
9,SUNDAY,20,0.3030,0.2318,0.2588,2.3655,0.0951,1.0495,0.0086,0.0271,0.0018,0.0307
9,SUNDAY,21,0.2432,0.2318,0.1911,2.3353,0.0951,0.9032,0.0057,0.0170,0.0004,0.0077
9,SUNDAY,22,0.2177,0.1125,0.1658,2.2069,0.0951,0.4185,0.0047,0.0125,0.0004,0.0077
9,SUNDAY,23,0.1557,0.0330,0.0968,2.1990,0.0951,0.3855,0.0023,0.0099,0.0007,0.0115
9,HOLIDAY,0,0.1597,0.0330,0.0147,2.1961,0.0951,0.3855,0.0020,0.0078,0.0007,0.0115
9,HOLIDAY,1,0.1572,0.0330,0.0009,2.1930,0.0951,0.2881,0.0020,0.0078,0.0007,0.0115
9,HOLIDAY,2,0.1696,0.0330,0.0178,2.1926,0.0951,0.2902,0.0024,0.0117,0.0007,0.0115
9,HOLIDAY,3,0.1647,0.0330,0.1528,2.1980,0.0951,0.2976,0.0038,0.0249,0.0013,0.0231
9,HOLIDAY,4,0.1589,0.0330,0.3580,2.3241,0.0951,0.3323,0.0164,0.0471,0.0022,0.0384
9,HOLIDAY,5,0.2993,0.2318,0.5390,2.2363,0.0951,0.8278,0.0261,0.0723,0.0035,0.0615
9,HOLIDAY,6,0.1824,0.2569,0.6261,2.2545,0.0000,1.1984,0.0516,0.0812,0.0042,0.0730
9,HOLIDAY,7,0.1950,0.2633,0.6765,2.2851,0.0000,1.2381,0.0553,0.0907,0.0042,0.0730
9,HOLIDAY,8,0.2114,0.2771,0.6766,2.4539,0.0000,1.2385,0.0564,0.1180,0.0042,0.0730
9,HOLIDAY,9,0.4643,0.3011,0.6766,2.5144,0.0000,1.2385,0.0565,0.1362,0.0042,0.0730
9,HOLIDAY,10,0.6057,0.3020,0.6755,2.5729,0.0000,1.2385,0.0565,0.1499,0.0042,0.0730
9,HOLIDAY,11,0.7481,0.3025,0.6658,2.7341,0.0000,1.2385,0.0565,0.1499,0.0042,0.0730
9,HOLIDAY,12,0.8938,0.3029,0.6354,2.7637,0.0000,1.2385,0.0565,0.1499,0.0042,0.0730
9,HOLIDAY,13,1.0336,0.3029,0.5947,2.8886,0.0000,1.2375,0.0565,0.1499,0.0042,0.0730
9,HOLIDAY,14,1.1099,0.3029,0.5652,2.8750,0.0000,1.2315,0.0565,0.1499,0.0042,0.0730
9,HOLIDAY,15,1.1382,0.3029,0.5489,2.7247,0.0000,1.2275,0.0565,0.1497,0.0042,0.0730
9,HOLIDAY,16,1.1108,0.3029,0.5391,2.7111,0.0000,1.2002,0.0562,0.1347,0.0042,0.0730
9,HOLIDAY,17,0.9893,0.3029,0.5315,2.5519,0.0114,1.2004,0.0548,0.1214,0.0042,0.0730
9,HOLIDAY,18,0.8256,0.3029,0.4776,2.5050,0.1065,1.1851,0.0315,0.0659,0.0035,0.0615
9,HOLIDAY,19,0.5920,0.2978,0.4042,2.5009,0.1065,1.1469,0.0220,0.0440,0.0027,0.0461
9,HOLIDAY,20,0.5240,0.2318,0.2620,2.3655,0.0951,1.0495,0.0086,0.0271,0.0018,0.0307
9,HOLIDAY,21,0.4866,0.2318,0.1945,2.3354,0.0951,0.9032,0.0057,0.0171,0.0004,0.0077
9,HOLIDAY,22,0.4055,0.2318,0.1698,2.2070,0.0951,0.4185,0.0047,0.0125,0.0004,0.0077
9,HOLIDAY,23,0.1639,0.0330,0.1019,2.1994,0.0951,0.3855,0.0023,0.0100,0.0007,0.0115
10,WEEKDAY,0,0.0945,0.0330,0.0299,2.1328,0.0951,0.3855,0.0020,0.0082,0.0007,0.0115
10,WEEKDAY,1,0.0717,0.0330,0.0033,2.1311,0.0951,0.3050,0.0020,0.0078,0.0007,0.0115
10,WEEKDAY,2,0.0501,0.0330,0.0148,2.1267,0.0951,0.2898,0.0024,0.0110,0.0007,0.0115
10,WEEKDAY,3,0.0438,0.0416,0.1293,2.1294,0.0951,0.2963,0.0035,0.0226,0.0012,0.0211
10,WEEKDAY,4,0.0304,0.0417,0.3224,2.2323,0.0951,0.3262,0.0142,0.0433,0.0021,0.0358
10,WEEKDAY,5,0.0598,0.2063,0.5075,2.1753,0.0951,0.7416,0.0244,0.0679,0.0033,0.0575
10,WEEKDAY,6,0.0530,0.2333,0.6109,2.1436,0.0951,1.1340,0.0472,0.0796,0.0041,0.0710
10,WEEKDAY,7,0.0441,0.2344,0.6677,2.1744,0.0165,1.2312,0.0547,0.0890,0.0042,0.0730
10,WEEKDAY,8,0.0668,0.2355,0.6765,2.3198,0.0000,1.2384,0.0562,0.1133,0.0042,0.0730
10,WEEKDAY,9,0.1565,0.2390,0.6766,2.3984,0.0000,1.2385,0.0565,0.1331,0.0042,0.0730
10,WEEKDAY,10,0.2018,0.2469,0.6757,2.4603,0.0000,1.2385,0.0565,0.1475,0.0042,0.0730
10,WEEKDAY,11,0.2823,0.2579,0.6675,2.6040,0.0000,1.2385,0.0565,0.1499,0.0042,0.0730
10,WEEKDAY,12,0.3579,0.2674,0.6407,2.6616,0.0000,1.2385,0.0565,0.1499,0.0042,0.0730
10,WEEKDAY,13,0.4294,0.2731,0.6018,2.7811,0.0000,1.2377,0.0565,0.1499,0.0042,0.0730
10,WEEKDAY,14,0.4796,0.2742,0.5704,2.8052,0.0000,1.2326,0.0565,0.1499,0.0042,0.0730
10,WEEKDAY,15,0.4910,0.2715,0.5517,2.6896,0.0000,1.2282,0.0565,0.1498,0.0042,0.0730
10,WEEKDAY,16,0.4529,0.2656,0.5408,2.6441,0.0000,1.2049,0.0563,0.1373,0.0042,0.0730
10,WEEKDAY,17,0.3749,0.2565,0.5328,2.4901,0.0094,1.2003,0.0551,0.1237,0.0042,0.0730
10,WEEKDAY,18,0.2530,0.2462,0.4869,2.4190,0.0899,1.1877,0.0355,0.0755,0.0037,0.0635
10,WEEKDAY,19,0.2005,0.2373,0.4170,2.4240,0.1065,1.1536,0.0237,0.0478,0.0028,0.0488
10,WEEKDAY,20,0.1778,0.2318,0.2868,2.3130,0.0970,1.0665,0.0109,0.0300,0.0019,0.0334
10,WEEKDAY,21,0.1526,0.2318,0.2063,2.2689,0.0951,0.9286,0.0062,0.0188,0.0007,0.0117
10,WEEKDAY,22,0.1346,0.0848,0.1741,2.1614,0.0951,0.5028,0.0049,0.0133,0.0004,0.0077
10,WEEKDAY,23,0.1051,0.0330,0.1137,2.1370,0.0951,0.3913,0.0027,0.0105,0.0006,0.0109
10,SATURDAY,0,0.0656,0.0330,0.0147,2.1320,0.0951,0.3855,0.0020,0.0078,0.0007,0.0115
10,SATURDAY,1,0.0600,0.0330,0.0009,2.1309,0.0951,0.2881,0.0020,0.0078,0.0007,0.0115
10,SATURDAY,2,0.0297,0.0330,0.0178,2.1258,0.0951,0.2902,0.0024,0.0117,0.0007,0.0115
10,SATURDAY,3,0.0275,0.0331,0.1528,2.1302,0.0951,0.2976,0.0038,0.0249,0.0013,0.0231
10,SATURDAY,4,0.0274,0.0331,0.3580,2.2538,0.0951,0.3323,0.0164,0.0471,0.0022,0.0384
10,SATURDAY,5,0.0284,0.2324,0.5390,2.1588,0.0951,0.8278,0.0261,0.0723,0.0035,0.0615
10,SATURDAY,6,0.0305,0.2333,0.6261,2.1404,0.0951,1.1984,0.0516,0.0812,0.0042,0.0730
10,SATURDAY,7,0.0354,0.2344,0.6765,2.1816,0.0000,1.2381,0.0553,0.0907,0.0042,0.0730
10,SATURDAY,8,0.0427,0.2352,0.6766,2.3489,0.0000,1.2385,0.0564,0.1180,0.0042,0.0730
10,SATURDAY,9,0.1195,0.2393,0.6766,2.4088,0.0000,1.2385,0.0565,0.1362,0.0042,0.0730
10,SATURDAY,10,0.2281,0.2486,0.6755,2.4711,0.0000,1.2385,0.0565,0.1499,0.0042,0.0730
10,SATURDAY,11,0.3029,0.2621,0.6658,2.6320,0.0000,1.2385,0.0565,0.1499,0.0042,0.0730
10,SATURDAY,12,0.4003,0.2732,0.6354,2.6678,0.0000,1.2385,0.0565,0.1499,0.0042,0.0730
10,SATURDAY,13,0.5132,0.2793,0.5947,2.8049,0.0000,1.2375,0.0565,0.1499,0.0042,0.0730
10,SATURDAY,14,0.5744,0.2808,0.5652,2.8053,0.0000,1.2315,0.0565,0.1499,0.0042,0.0730
10,SATURDAY,15,0.6011,0.2799,0.5489,2.6653,0.0000,1.2275,0.0565,0.1497,0.0042,0.0730
10,SATURDAY,16,0.5695,0.2748,0.5391,2.6397,0.0000,1.2002,0.0562,0.1347,0.0042,0.0730
10,SATURDAY,17,0.4162,0.2652,0.5315,2.4586,0.0114,1.2004,0.0548,0.1214,0.0042,0.0730
10,SATURDAY,18,0.3406,0.2506,0.4776,2.4107,0.1065,1.1851,0.0315,0.0659,0.0035,0.0615
10,SATURDAY,19,0.2231,0.2395,0.4042,2.4268,0.1065,1.1469,0.0220,0.0440,0.0027,0.0461
10,SATURDAY,20,0.2099,0.2318,0.2620,2.2891,0.0951,1.0495,0.0086,0.0271,0.0018,0.0307
10,SATURDAY,21,0.1923,0.2318,0.1945,2.2647,0.0951,0.9032,0.0057,0.0171,0.0004,0.0077
10,SATURDAY,22,0.1360,0.0827,0.1698,2.1396,0.0951,0.4185,0.0047,0.0125,0.0004,0.0077
10,SATURDAY,23,0.1229,0.0330,0.1019,2.1364,0.0951,0.3855,0.0023,0.0100,0.0007,0.0115
10,SUNDAY,0,0.0664,0.0330,0.0300,2.1328,0.0951,0.3855,0.0021,0.0083,0.0007,0.0115
10,SUNDAY,1,0.0635,0.0330,0.0026,2.1311,0.0951,0.3125,0.0020,0.0078,0.0007,0.0115
10,SUNDAY,2,0.0593,0.0330,0.0549,2.1280,0.0951,0.2897,0.0024,0.0118,0.0007,0.0115
10,SUNDAY,3,0.0317,0.0330,0.2353,2.1320,0.0951,0.2957,0.0037,0.0262,0.0012,0.0202
10,SUNDAY,4,0.0308,0.0330,0.3864,2.2267,0.0951,0.3236,0.0137,0.0455,0.0020,0.0346
10,SUNDAY,5,0.0304,0.1825,0.5197,2.1858,0.0951,0.7039,0.0241,0.0674,0.0032,0.0557
10,SUNDAY,6,0.0336,0.2333,0.6090,2.1471,0.0951,1.1058,0.0455,0.0792,0.0040,0.0701
10,SUNDAY,7,0.0376,0.2344,0.6643,2.1727,0.0238,1.2282,0.0545,0.0883,0.0042,0.0730
10,SUNDAY,8,0.0453,0.2364,0.6765,2.3078,0.0000,1.2384,0.0561,0.1112,0.0042,0.0730
10,SUNDAY,9,0.1795,0.2404,0.6765,2.3940,0.0000,1.2385,0.0565,0.1317,0.0042,0.0730
10,SUNDAY,10,0.2495,0.2501,0.6754,2.4555,0.0000,1.2385,0.0565,0.1465,0.0042,0.0730
10,SUNDAY,11,0.3452,0.2651,0.6679,2.5918,0.0000,1.2385,0.0565,0.1499,0.0042,0.0730
10,SUNDAY,12,0.4764,0.2754,0.6424,2.6588,0.0000,1.2385,0.0565,0.1499,0.0042,0.0730
10,SUNDAY,13,0.5640,0.2832,0.6035,2.7707,0.0000,1.2377,0.0565,0.1499,0.0042,0.0730
10,SUNDAY,14,0.6311,0.2857,0.5706,2.8052,0.0000,1.2330,0.0565,0.1499,0.0042,0.0730
10,SUNDAY,15,0.6553,0.2836,0.5506,2.7003,0.0000,1.2285,0.0565,0.1498,0.0042,0.0730
10,SUNDAY,16,0.6402,0.2800,0.5389,2.6461,0.0000,1.2070,0.0563,0.1385,0.0042,0.0730
10,SUNDAY,17,0.5538,0.2689,0.5306,2.5039,0.0085,1.2003,0.0552,0.1247,0.0042,0.0730
10,SUNDAY,18,0.3591,0.2553,0.4882,2.4227,0.0827,1.1889,0.0373,0.0797,0.0037,0.0644
10,SUNDAY,19,0.2372,0.2431,0.4195,2.4227,0.1065,1.1565,0.0244,0.0495,0.0029,0.0500
10,SUNDAY,20,0.2179,0.2318,0.2944,2.3235,0.0979,1.0739,0.0119,0.0313,0.0020,0.0346
10,SUNDAY,21,0.2048,0.2318,0.2080,2.2707,0.0951,0.9397,0.0064,0.0195,0.0008,0.0134
10,SUNDAY,22,0.1388,0.1324,0.1721,2.1708,0.0951,0.5397,0.0050,0.0136,0.0004,0.0077
10,SUNDAY,23,0.1305,0.0330,0.1141,2.1369,0.0951,0.3938,0.0029,0.0106,0.0006,0.0106
10,HOLIDAY,0,0.0000,0.0000,0.0000,0.0000,0.0000,0.0000,0.0000,0.0000,0.0000,0.0000
10,HOLIDAY,1,0.0000,0.0000,0.0000,0.0000,0.0000,0.0000,0.0000,0.0000,0.0000,0.0000
10,HOLIDAY,2,0.0000,0.0000,0.0000,0.0000,0.0000,0.0000,0.0000,0.0000,0.0000,0.0000
10,HOLIDAY,3,0.0000,0.0000,0.0000,0.0000,0.0000,0.0000,0.0000,0.0000,0.0000,0.0000
10,HOLIDAY,4,0.0000,0.0000,0.0000,0.0000,0.0000,0.0000,0.0000,0.0000,0.0000,0.0000
10,HOLIDAY,5,0.0000,0.0000,0.0000,0.0000,0.0000,0.0000,0.0000,0.0000,0.0000,0.0000
10,HOLIDAY,6,0.0000,0.0000,0.0000,0.0000,0.0000,0.0000,0.0000,0.0000,0.0000,0.0000
10,HOLIDAY,7,0.0000,0.0000,0.0000,0.0000,0.0000,0.0000,0.0000,0.0000,0.0000,0.0000
10,HOLIDAY,8,0.0000,0.0000,0.0000,0.0000,0.0000,0.0000,0.0000,0.0000,0.0000,0.0000
10,HOLIDAY,9,0.0000,0.0000,0.0000,0.0000,0.0000,0.0000,0.0000,0.0000,0.0000,0.0000
10,HOLIDAY,10,0.0000,0.0000,0.0000,0.0000,0.0000,0.0000,0.0000,0.0000,0.0000,0.0000
10,HOLIDAY,11,0.0000,0.0000,0.0000,0.0000,0.0000,0.0000,0.0000,0.0000,0.0000,0.0000
10,HOLIDAY,12,0.0000,0.0000,0.0000,0.0000,0.0000,0.0000,0.0000,0.0000,0.0000,0.0000
10,HOLIDAY,13,0.0000,0.0000,0.0000,0.0000,0.0000,0.0000,0.0000,0.0000,0.0000,0.0000
10,HOLIDAY,14,0.0000,0.0000,0.0000,0.0000,0.0000,0.0000,0.0000,0.0000,0.0000,0.0000
10,HOLIDAY,15,0.0000,0.0000,0.0000,0.0000,0.0000,0.0000,0.0000,0.0000,0.0000,0.0000
10,HOLIDAY,16,0.0000,0.0000,0.0000,0.0000,0.0000,0.0000,0.0000,0.0000,0.0000,0.0000
10,HOLIDAY,17,0.0000,0.0000,0.0000,0.0000,0.0000,0.0000,0.0000,0.0000,0.0000,0.0000
10,HOLIDAY,18,0.0000,0.0000,0.0000,0.0000,0.0000,0.0000,0.0000,0.0000,0.0000,0.0000
10,HOLIDAY,19,0.0000,0.0000,0.0000,0.0000,0.0000,0.0000,0.0000,0.0000,0.0000,0.0000
10,HOLIDAY,20,0.0000,0.0000,0.0000,0.0000,0.0000,0.0000,0.0000,0.0000,0.0000,0.0000
10,HOLIDAY,21,0.0000,0.0000,0.0000,0.0000,0.0000,0.0000,0.0000,0.0000,0.0000,0.0000
10,HOLIDAY,22,0.0000,0.0000,0.0000,0.0000,0.0000,0.0000,0.0000,0.0000,0.0000,0.0000
10,HOLIDAY,23,0.0000,0.0000,0.0000,0.0000,0.0000,0.0000,0.0000,0.0000,0.0000,0.0000
11,WEEKDAY,0,0.0000,0.0330,0.1019,2.0202,0.0951,0.3855,0.0023,0.0100,0.0007,0.0115
11,WEEKDAY,1,0.0000,0.0330,0.0147,2.0202,0.0951,0.3855,0.0020,0.0078,0.0007,0.0115
11,WEEKDAY,2,0.0000,0.1587,0.0009,2.0202,0.0951,0.2881,0.0020,0.0078,0.0007,0.0115
11,WEEKDAY,3,0.0000,0.2112,0.0178,2.0046,0.0951,0.2902,0.0024,0.0117,0.0007,0.0115
11,WEEKDAY,4,0.0000,0.2216,0.1528,2.0115,0.0951,0.2976,0.0038,0.0249,0.0013,0.0231
11,WEEKDAY,5,0.0000,0.2217,0.3580,2.1348,0.0951,0.3323,0.0164,0.0471,0.0022,0.0384
11,WEEKDAY,6,0.0000,0.2327,0.5390,2.1046,0.0951,0.8278,0.0261,0.0723,0.0035,0.0615
11,WEEKDAY,7,0.0000,0.2324,0.6261,2.0462,0.0000,1.1984,0.0516,0.0812,0.0042,0.0730
11,WEEKDAY,8,0.0004,0.2339,0.6765,2.0342,0.0000,1.2381,0.0553,0.0907,0.0042,0.0730
11,WEEKDAY,9,0.0044,0.2343,0.6766,2.1666,0.0000,1.2385,0.0564,0.1180,0.0042,0.0730
11,WEEKDAY,10,0.0680,0.2344,0.6766,2.2082,0.0000,1.2385,0.0565,0.1362,0.0042,0.0730
11,WEEKDAY,11,0.1136,0.2343,0.6755,2.2599,0.0000,1.2385,0.0565,0.1499,0.0042,0.0730
11,WEEKDAY,12,0.1652,0.2345,0.6658,2.4188,0.0000,1.2385,0.0565,0.1499,0.0042,0.0730
11,WEEKDAY,13,0.2035,0.2362,0.6354,2.4606,0.0000,1.2385,0.0565,0.1499,0.0042,0.0730
11,WEEKDAY,14,0.2337,0.2373,0.5947,2.6024,0.0000,1.2375,0.0565,0.1499,0.0042,0.0730
11,WEEKDAY,15,0.2487,0.2367,0.5652,2.6203,0.0000,1.2315,0.0565,0.1499,0.0042,0.0730
11,WEEKDAY,16,0.2267,0.2349,0.5489,2.5088,0.0000,1.2275,0.0565,0.1497,0.0042,0.0730
11,WEEKDAY,17,0.1791,0.2336,0.5391,2.4732,0.0951,1.2002,0.0562,0.1347,0.0042,0.0730
11,WEEKDAY,18,0.1491,0.2333,0.5315,2.3190,0.1065,1.2004,0.0548,0.1214,0.0042,0.0730
11,WEEKDAY,19,0.1155,0.2322,0.4776,2.2832,0.1065,1.1851,0.0315,0.0659,0.0035,0.0615
11,WEEKDAY,20,0.0943,0.2318,0.4042,2.2551,0.1065,1.1469,0.0220,0.0440,0.0027,0.0461
11,WEEKDAY,21,0.0593,0.2318,0.2620,2.1519,0.0951,1.0495,0.0086,0.0271,0.0018,0.0307
11,WEEKDAY,22,0.0380,0.2318,0.1945,2.1435,0.0951,0.9032,0.0057,0.0171,0.0004,0.0077
11,WEEKDAY,23,0.0000,0.0645,0.1698,2.0225,0.0951,0.4185,0.0047,0.0125,0.0004,0.0077
11,SATURDAY,0,0.0000,0.0330,0.1019,2.0202,0.0951,0.3855,0.0023,0.0100,0.0007,0.0115
11,SATURDAY,1,0.0000,0.0330,0.0147,2.0202,0.0951,0.3855,0.0020,0.0078,0.0007,0.0115
11,SATURDAY,2,0.0000,0.2322,0.0009,2.0202,0.0951,0.2881,0.0020,0.0078,0.0007,0.0115
11,SATURDAY,3,0.0000,0.2321,0.0178,2.0046,0.0951,0.2902,0.0024,0.0117,0.0007,0.0115
11,SATURDAY,4,0.0000,0.2321,0.1528,2.0115,0.0951,0.2976,0.0038,0.0249,0.0013,0.0231
11,SATURDAY,5,0.0000,0.2322,0.3580,2.1348,0.0951,0.3323,0.0164,0.0471,0.0022,0.0384
11,SATURDAY,6,0.0000,0.2327,0.5390,2.1046,0.0951,0.8278,0.0261,0.0723,0.0035,0.0615
11,SATURDAY,7,0.0000,0.2323,0.6261,2.0462,0.0000,1.1984,0.0516,0.0812,0.0042,0.0730
11,SATURDAY,8,0.0000,0.2338,0.6765,2.0342,0.0000,1.2381,0.0553,0.0907,0.0042,0.0730
11,SATURDAY,9,0.0035,0.2343,0.6766,2.1666,0.0000,1.2385,0.0564,0.1180,0.0042,0.0730
11,SATURDAY,10,0.0328,0.2344,0.6766,2.2082,0.0000,1.2385,0.0565,0.1362,0.0042,0.0730
11,SATURDAY,11,0.0638,0.2342,0.6755,2.2599,0.0000,1.2385,0.0565,0.1499,0.0042,0.0730
11,SATURDAY,12,0.0692,0.2352,0.6658,2.4188,0.0000,1.2385,0.0565,0.1499,0.0042,0.0730
11,SATURDAY,13,0.1269,0.2369,0.6354,2.4606,0.0000,1.2385,0.0565,0.1499,0.0042,0.0730
11,SATURDAY,14,0.1873,0.2374,0.5947,2.6024,0.0000,1.2375,0.0565,0.1499,0.0042,0.0730
11,SATURDAY,15,0.1934,0.2369,0.5652,2.6203,0.0000,1.2315,0.0565,0.1499,0.0042,0.0730
11,SATURDAY,16,0.1916,0.2355,0.5489,2.5088,0.0000,1.2275,0.0565,0.1497,0.0042,0.0730
11,SATURDAY,17,0.1199,0.2335,0.5391,2.4732,0.0951,1.2002,0.0562,0.1347,0.0042,0.0730
11,SATURDAY,18,0.1125,0.2331,0.5315,2.3190,0.1065,1.2004,0.0548,0.1214,0.0042,0.0730
11,SATURDAY,19,0.0536,0.2320,0.4776,2.2832,0.1065,1.1851,0.0315,0.0659,0.0035,0.0615
11,SATURDAY,20,0.0497,0.2318,0.4042,2.2551,0.1065,1.1469,0.0220,0.0440,0.0027,0.0461
11,SATURDAY,21,0.0243,0.2318,0.2620,2.1519,0.0951,1.0495,0.0086,0.0271,0.0018,0.0307
11,SATURDAY,22,0.0000,0.2319,0.1945,2.1435,0.0951,0.9032,0.0057,0.0171,0.0004,0.0077
11,SATURDAY,23,0.0000,0.1922,0.1698,2.0225,0.0951,0.4185,0.0047,0.0125,0.0004,0.0077
11,SUNDAY,0,0.0000,0.0330,0.0968,2.0198,0.0951,0.3855,0.0023,0.0099,0.0007,0.0115
11,SUNDAY,1,0.0000,0.0330,0.0077,2.0198,0.0951,0.3855,0.0020,0.0077,0.0007,0.0115
11,SUNDAY,2,0.0000,0.1824,0.0009,2.0202,0.0951,0.2881,0.0020,0.0078,0.0007,0.0115
11,SUNDAY,3,0.0000,0.2321,0.0729,2.0058,0.0951,0.2902,0.0025,0.0132,0.0007,0.0115
11,SUNDAY,4,0.0000,0.2321,0.2895,2.0150,0.0951,0.2976,0.0041,0.0305,0.0013,0.0231
11,SUNDAY,5,0.0000,0.2321,0.4187,2.1388,0.0951,0.3323,0.0169,0.0505,0.0022,0.0384
11,SUNDAY,6,0.0000,0.2327,0.5533,2.1076,0.0951,0.8278,0.0265,0.0731,0.0035,0.0615
11,SUNDAY,7,0.0000,0.2323,0.6275,2.0481,0.0000,1.1984,0.0519,0.0812,0.0042,0.0730
11,SUNDAY,8,0.0000,0.2336,0.6765,2.0354,0.0000,1.2381,0.0554,0.0907,0.0042,0.0730
11,SUNDAY,9,0.0035,0.2342,0.6766,2.1671,0.0000,1.2385,0.0564,0.1180,0.0042,0.0730
11,SUNDAY,10,0.0392,0.2342,0.6764,2.2083,0.0000,1.2385,0.0565,0.1362,0.0042,0.0730
11,SUNDAY,11,0.0770,0.2341,0.6750,2.2599,0.0000,1.2385,0.0565,0.1499,0.0042,0.0730
11,SUNDAY,12,0.1130,0.2360,0.6655,2.4188,0.0000,1.2385,0.0565,0.1499,0.0042,0.0730
11,SUNDAY,13,0.1691,0.2384,0.6346,2.4606,0.0000,1.2385,0.0565,0.1499,0.0042,0.0730
11,SUNDAY,14,0.2174,0.2398,0.5932,2.6024,0.0000,1.2375,0.0565,0.1499,0.0042,0.0730
11,SUNDAY,15,0.2200,0.2392,0.5631,2.6203,0.0000,1.2315,0.0565,0.1499,0.0042,0.0730
11,SUNDAY,16,0.2149,0.2369,0.5464,2.5088,0.0000,1.2275,0.0565,0.1497,0.0042,0.0730
11,SUNDAY,17,0.1953,0.2343,0.5365,2.4732,0.0951,1.2002,0.0562,0.1347,0.0042,0.0730
11,SUNDAY,18,0.1412,0.2332,0.5287,2.3190,0.1065,1.2004,0.0548,0.1214,0.0042,0.0730
11,SUNDAY,19,0.0698,0.2321,0.4747,2.2832,0.1065,1.1851,0.0315,0.0659,0.0035,0.0615
11,SUNDAY,20,0.0638,0.2318,0.4012,2.2551,0.1065,1.1469,0.0220,0.0440,0.0027,0.0461
11,SUNDAY,21,0.0320,0.2318,0.2588,2.1519,0.0951,1.0495,0.0086,0.0271,0.0018,0.0307
11,SUNDAY,22,0.0307,0.2319,0.1911,2.1434,0.0951,0.9032,0.0057,0.0170,0.0004,0.0077
11,SUNDAY,23,0.0000,0.1823,0.1658,2.0224,0.0951,0.4185,0.0047,0.0125,0.0004,0.0077
11,HOLIDAY,0,0.0000,0.0165,0.1019,2.0194,0.0951,0.3745,0.0013,0.0078,0.0003,0.0058
11,HOLIDAY,1,0.0000,0.0166,0.0147,2.0201,0.0951,0.3745,0.0010,0.0055,0.0003,0.0058
11,HOLIDAY,2,0.0000,0.2157,0.0009,2.0202,0.0951,0.2770,0.0010,0.0055,0.0003,0.0058
11,HOLIDAY,3,0.0000,0.2156,0.0178,2.0045,0.0951,0.2791,0.0014,0.0094,0.0003,0.0058
11,HOLIDAY,4,0.0000,0.2156,0.1210,2.0108,0.0951,0.2865,0.0028,0.0226,0.0007,0.0115
11,HOLIDAY,5,0.0000,0.2156,0.3103,2.1330,0.0951,0.3212,0.0105,0.0448,0.0011,0.0192
11,HOLIDAY,6,0.0000,0.2162,0.4435,2.1014,0.0951,0.7505,0.0183,0.0655,0.0018,0.0307
11,HOLIDAY,7,0.0000,0.2158,0.4988,2.0417,0.0000,1.0879,0.0340,0.0720,0.0021,0.0365
11,HOLIDAY,8,0.0000,0.2173,0.5254,2.0287,0.0000,1.1275,0.0377,0.0770,0.0021,0.0365
11,HOLIDAY,9,0.0057,0.2179,0.5254,2.1604,0.0000,1.1279,0.0387,0.0907,0.0021,0.0365
11,HOLIDAY,10,0.0094,0.2179,0.5254,2.2017,0.0000,1.1279,0.0388,0.0998,0.0021,0.0365
11,HOLIDAY,11,0.0767,0.2178,0.5244,2.2532,0.0000,1.1279,0.0388,0.1066,0.0021,0.0365
11,HOLIDAY,12,0.0825,0.2176,0.5147,2.4122,0.0000,1.1279,0.0388,0.1066,0.0021,0.0365
11,HOLIDAY,13,0.0867,0.2174,0.4843,2.4540,0.0000,1.1279,0.0388,0.1066,0.0021,0.0365
11,HOLIDAY,14,0.0888,0.2174,0.4436,2.5958,0.0000,1.1269,0.0388,0.1066,0.0021,0.0365
11,HOLIDAY,15,0.0886,0.2173,0.4141,2.6137,0.0000,1.1210,0.0388,0.1066,0.0021,0.0365
11,HOLIDAY,16,0.0875,0.2172,0.3978,2.5024,0.0000,1.1170,0.0388,0.1064,0.0021,0.0365
11,HOLIDAY,17,0.0845,0.2170,0.3880,2.4669,0.0951,1.0896,0.0385,0.0983,0.0021,0.0365
11,HOLIDAY,18,0.0780,0.2167,0.3804,2.3127,0.1065,1.0898,0.0372,0.0895,0.0021,0.0365
11,HOLIDAY,19,0.0628,0.2153,0.3503,2.2771,0.1065,1.0745,0.0236,0.0568,0.0018,0.0307
11,HOLIDAY,20,0.0598,0.2153,0.3087,2.2496,0.1065,1.0364,0.0161,0.0394,0.0013,0.0231
11,HOLIDAY,21,0.0000,0.2153,0.2302,2.1473,0.0951,0.9390,0.0066,0.0248,0.0009,0.0154
11,HOLIDAY,22,0.0000,0.2153,0.1866,2.1400,0.0951,0.8479,0.0038,0.0148,0.0002,0.0038
11,HOLIDAY,23,0.0000,0.1161,0.1619,2.0204,0.0951,0.4074,0.0028,0.0103,0.0002,0.0038
12,WEEKDAY,0,0.0000,0.0519,0.1019,1.9169,0.0951,0.3855,0.0023,0.0100,0.0007,0.0115
12,WEEKDAY,1,0.0000,0.1754,0.0147,1.9198,0.0951,0.3855,0.0020,0.0078,0.0007,0.0115
12,WEEKDAY,2,0.0000,0.2323,0.0009,1.9222,0.0951,0.2881,0.0020,0.0078,0.0007,0.0115
12,WEEKDAY,3,0.0000,0.2323,0.0178,1.9257,0.0951,0.2902,0.0024,0.0117,0.0007,0.0115
12,WEEKDAY,4,0.0000,0.2323,0.1528,1.9331,0.0951,0.2976,0.0038,0.0249,0.0013,0.0231
12,WEEKDAY,5,0.0000,0.2323,0.3580,2.0519,0.0951,0.3323,0.0164,0.0471,0.0022,0.0384
12,WEEKDAY,6,0.0000,0.2329,0.5390,2.0361,0.0951,0.8278,0.0261,0.0723,0.0035,0.0615
12,WEEKDAY,7,0.0000,0.2332,0.6261,1.9494,0.0951,1.1984,0.0516,0.0812,0.0042,0.0730
12,WEEKDAY,8,0.0000,0.2328,0.6765,1.8969,0.0000,1.2381,0.0553,0.0907,0.0042,0.0730
12,WEEKDAY,9,0.0003,0.2331,0.6766,2.0103,0.0000,1.2385,0.0564,0.1180,0.0042,0.0730
12,WEEKDAY,10,0.0009,0.2336,0.6766,2.0446,0.0000,1.2385,0.0565,0.1362,0.0042,0.0730
12,WEEKDAY,11,0.0092,0.2337,0.6755,2.0960,0.0000,1.2385,0.0565,0.1499,0.0042,0.0730
12,WEEKDAY,12,0.0295,0.2335,0.6658,2.2478,0.0000,1.2385,0.0565,0.1499,0.0042,0.0730
12,WEEKDAY,13,0.0574,0.2333,0.6354,2.2936,0.0000,1.2385,0.0565,0.1499,0.0042,0.0730
12,WEEKDAY,14,0.0717,0.2332,0.5947,2.4354,0.0000,1.2375,0.0565,0.1499,0.0042,0.0730
12,WEEKDAY,15,0.0825,0.2331,0.5652,2.4653,0.0000,1.2315,0.0565,0.1499,0.0042,0.0730
12,WEEKDAY,16,0.0768,0.2330,0.5489,2.3731,0.0000,1.2275,0.0565,0.1497,0.0042,0.0730
12,WEEKDAY,17,0.0644,0.2329,0.5391,2.3432,0.0951,1.2002,0.0562,0.1347,0.0042,0.0730
12,WEEKDAY,18,0.0440,0.2327,0.5315,2.2080,0.1065,1.2004,0.0548,0.1214,0.0042,0.0730
12,WEEKDAY,19,0.0174,0.2320,0.4776,2.1732,0.1065,1.1851,0.0315,0.0659,0.0035,0.0615
12,WEEKDAY,20,0.0055,0.2320,0.4042,2.1518,0.1065,1.1469,0.0220,0.0440,0.0027,0.0461
12,WEEKDAY,21,0.0000,0.2320,0.2620,2.0399,0.0951,1.0495,0.0086,0.0271,0.0018,0.0307
12,WEEKDAY,22,0.0000,0.2321,0.1945,2.0351,0.0951,0.9032,0.0057,0.0171,0.0004,0.0077
12,WEEKDAY,23,0.0000,0.2228,0.1698,1.9194,0.0951,0.4185,0.0047,0.0125,0.0004,0.0077
12,SATURDAY,0,0.0000,0.0330,0.1019,1.9169,0.0951,0.3855,0.0023,0.0100,0.0007,0.0115
12,SATURDAY,1,0.0000,0.2322,0.0147,1.9198,0.0951,0.3855,0.0020,0.0078,0.0007,0.0115
12,SATURDAY,2,0.0000,0.2322,0.0009,1.9222,0.0951,0.2881,0.0020,0.0078,0.0007,0.0115
12,SATURDAY,3,0.0000,0.2323,0.0178,1.9257,0.0951,0.2902,0.0024,0.0117,0.0007,0.0115
12,SATURDAY,4,0.0000,0.2323,0.1528,1.9331,0.0951,0.2976,0.0038,0.0249,0.0013,0.0231
12,SATURDAY,5,0.0000,0.2323,0.3580,2.0519,0.0951,0.3323,0.0164,0.0471,0.0022,0.0384
12,SATURDAY,6,0.0000,0.2329,0.5390,2.0361,0.0951,0.8278,0.0261,0.0723,0.0035,0.0615
12,SATURDAY,7,0.0000,0.2332,0.6261,1.9494,0.0951,1.1984,0.0516,0.0812,0.0042,0.0730
12,SATURDAY,8,0.0000,0.2327,0.6765,1.8969,0.0000,1.2381,0.0553,0.0907,0.0042,0.0730
12,SATURDAY,9,0.0006,0.2332,0.6766,2.0103,0.0000,1.2385,0.0564,0.1180,0.0042,0.0730
12,SATURDAY,10,0.0009,0.2337,0.6766,2.0446,0.0000,1.2385,0.0565,0.1362,0.0042,0.0730
12,SATURDAY,11,0.0033,0.2336,0.6755,2.0960,0.0000,1.2385,0.0565,0.1499,0.0042,0.0730
12,SATURDAY,12,0.0663,0.2334,0.6658,2.2478,0.0000,1.2385,0.0565,0.1499,0.0042,0.0730
12,SATURDAY,13,0.0984,0.2333,0.6354,2.2936,0.0000,1.2385,0.0565,0.1499,0.0042,0.0730
12,SATURDAY,14,0.1301,0.2331,0.5947,2.4354,0.0000,1.2375,0.0565,0.1499,0.0042,0.0730
12,SATURDAY,15,0.1302,0.2330,0.5652,2.4653,0.0000,1.2315,0.0565,0.1499,0.0042,0.0730
12,SATURDAY,16,0.1278,0.2330,0.5489,2.3731,0.0000,1.2275,0.0565,0.1497,0.0042,0.0730
12,SATURDAY,17,0.1249,0.2329,0.5391,2.3432,0.0951,1.2002,0.0562,0.1347,0.0042,0.0730
12,SATURDAY,18,0.0623,0.2326,0.5315,2.2080,0.1065,1.2004,0.0548,0.1214,0.0042,0.0730
12,SATURDAY,19,0.0000,0.2319,0.4776,2.1732,0.1065,1.1851,0.0315,0.0659,0.0035,0.0615
12,SATURDAY,20,0.0000,0.2320,0.4042,2.1518,0.1065,1.1469,0.0220,0.0440,0.0027,0.0461
12,SATURDAY,21,0.0000,0.2320,0.2620,2.0399,0.0951,1.0495,0.0086,0.0271,0.0018,0.0307
12,SATURDAY,22,0.0000,0.2321,0.1945,2.0351,0.0951,0.9032,0.0057,0.0171,0.0004,0.0077
12,SATURDAY,23,0.0000,0.2322,0.1698,1.9194,0.0951,0.4185,0.0047,0.0125,0.0004,0.0077
12,SUNDAY,0,0.0000,0.0330,0.0968,1.9166,0.0951,0.3855,0.0023,0.0099,0.0007,0.0115
12,SUNDAY,1,0.0000,0.1923,0.0077,1.9194,0.0951,0.3855,0.0020,0.0077,0.0007,0.0115
12,SUNDAY,2,0.0000,0.2322,0.0009,1.9222,0.0951,0.2881,0.0020,0.0078,0.0007,0.0115
12,SUNDAY,3,0.0000,0.2323,0.0729,1.9269,0.0951,0.2902,0.0025,0.0132,0.0007,0.0115
12,SUNDAY,4,0.0000,0.2323,0.2895,1.9366,0.0951,0.2976,0.0041,0.0305,0.0013,0.0231
12,SUNDAY,5,0.0000,0.2323,0.4187,2.0559,0.0951,0.3323,0.0169,0.0505,0.0022,0.0384
12,SUNDAY,6,0.0000,0.2329,0.5533,2.0390,0.0951,0.8278,0.0265,0.0731,0.0035,0.0615
12,SUNDAY,7,0.0000,0.2331,0.6275,1.9513,0.0951,1.1984,0.0519,0.0812,0.0042,0.0730
12,SUNDAY,8,0.0000,0.2328,0.6765,1.8981,0.0000,1.2381,0.0554,0.0907,0.0042,0.0730
12,SUNDAY,9,0.0012,0.2333,0.6766,2.0108,0.0000,1.2385,0.0564,0.1180,0.0042,0.0730
12,SUNDAY,10,0.0017,0.2338,0.6764,2.0447,0.0000,1.2385,0.0565,0.1362,0.0042,0.0730
12,SUNDAY,11,0.0048,0.2338,0.6750,2.0960,0.0000,1.2385,0.0565,0.1499,0.0042,0.0730
12,SUNDAY,12,0.0320,0.2336,0.6655,2.2478,0.0000,1.2385,0.0565,0.1499,0.0042,0.0730
12,SUNDAY,13,0.0589,0.2334,0.6346,2.2936,0.0000,1.2385,0.0565,0.1499,0.0042,0.0730
12,SUNDAY,14,0.1072,0.2333,0.5932,2.4354,0.0000,1.2375,0.0565,0.1499,0.0042,0.0730
12,SUNDAY,15,0.1065,0.2332,0.5631,2.4653,0.0000,1.2315,0.0565,0.1499,0.0042,0.0730
12,SUNDAY,16,0.1291,0.2331,0.5464,2.3731,0.0000,1.2275,0.0565,0.1497,0.0042,0.0730
12,SUNDAY,17,0.1026,0.2330,0.5365,2.3432,0.0951,1.2002,0.0562,0.1347,0.0042,0.0730
12,SUNDAY,18,0.0294,0.2327,0.5287,2.2080,0.1065,1.2004,0.0548,0.1214,0.0042,0.0730
12,SUNDAY,19,0.0237,0.2319,0.4747,2.1732,0.1065,1.1851,0.0315,0.0659,0.0035,0.0615
12,SUNDAY,20,0.0000,0.2320,0.4012,2.1518,0.1065,1.1469,0.0220,0.0440,0.0027,0.0461
12,SUNDAY,21,0.0000,0.2320,0.2588,2.0399,0.0951,1.0495,0.0086,0.0271,0.0018,0.0307
12,SUNDAY,22,0.0000,0.2320,0.1911,2.0351,0.0951,0.9032,0.0057,0.0170,0.0004,0.0077
12,SUNDAY,23,0.0000,0.2322,0.1658,1.9193,0.0951,0.4185,0.0047,0.0125,0.0004,0.0077
12,HOLIDAY,0,0.0000,0.1988,0.0000,1.9131,0.0951,0.2657,0.0000,0.0029,0.0000,0.0000
12,HOLIDAY,1,0.0000,0.1993,0.0001,1.9190,0.0951,0.2657,0.0000,0.0029,0.0000,0.0000
12,HOLIDAY,2,0.0000,0.1994,0.0009,1.9222,0.0951,0.2660,0.0000,0.0033,0.0000,0.0000
12,HOLIDAY,3,0.0000,0.1995,0.0032,1.9255,0.0951,0.2681,0.0004,0.0068,0.0000,0.0000
12,HOLIDAY,4,0.0000,0.1995,0.0092,1.9312,0.0951,0.2755,0.0017,0.0177,0.0000,0.0000
12,HOLIDAY,5,0.0000,0.1996,0.0258,2.0462,0.0951,0.3102,0.0042,0.0340,0.0000,0.0000
12,HOLIDAY,6,0.0000,0.1996,0.0359,2.0258,0.0951,0.4125,0.0094,0.0463,0.0000,0.0000
12,HOLIDAY,7,0.0000,0.2014,0.0391,1.9352,0.0951,0.4561,0.0147,0.0496,0.0000,0.0000
12,HOLIDAY,8,0.0000,0.1998,0.0396,1.8796,0.0000,0.4632,0.0180,0.0500,0.0000,0.0000
12,HOLIDAY,9,0.0009,0.2001,0.0396,1.9906,0.0000,0.4636,0.0190,0.0500,0.0000,0.0000
12,HOLIDAY,10,0.0000,0.2006,0.0396,2.0236,0.0000,0.4636,0.0191,0.0500,0.0000,0.0000
12,HOLIDAY,11,0.0000,0.2009,0.0395,2.0749,0.0000,0.4636,0.0191,0.0500,0.0000,0.0000
12,HOLIDAY,12,0.0030,0.2008,0.0383,2.2267,0.0000,0.4636,0.0191,0.0500,0.0000,0.0000
12,HOLIDAY,13,0.0042,0.2005,0.0339,2.2725,0.0000,0.4636,0.0191,0.0500,0.0000,0.0000
12,HOLIDAY,14,0.0049,0.2003,0.0288,2.4142,0.0000,0.4626,0.0191,0.0500,0.0000,0.0000
12,HOLIDAY,15,0.0046,0.2002,0.0262,2.4443,0.0000,0.4567,0.0191,0.0500,0.0000,0.0000
12,HOLIDAY,16,0.0044,0.2002,0.0249,2.3525,0.0000,0.4526,0.0191,0.0498,0.0000,0.0000
12,HOLIDAY,17,0.0032,0.2001,0.0240,2.3230,0.0951,0.4579,0.0188,0.0485,0.0000,0.0000
12,HOLIDAY,18,0.0014,0.1998,0.0228,2.1878,0.1065,0.4581,0.0174,0.0443,0.0000,0.0000
12,HOLIDAY,19,0.0000,0.1994,0.0207,2.1534,0.1065,0.4428,0.0137,0.0348,0.0000,0.0000
12,HOLIDAY,20,0.0000,0.1994,0.0176,2.1338,0.1065,0.4046,0.0083,0.0229,0.0000,0.0000
12,HOLIDAY,21,0.0000,0.1995,0.0111,2.0244,0.0951,0.3072,0.0030,0.0125,0.0000,0.0000
12,HOLIDAY,22,0.0000,0.1995,0.0028,2.0230,0.0951,0.2714,0.0006,0.0050,0.0000,0.0000
12,HOLIDAY,23,0.0000,0.1995,0.0002,1.9113,0.0951,0.2661,0.0000,0.0030,0.0000,0.0000
