REGION,NAICS,DESCRIPTION,FLOORAREA[Msf],SITES[unit],FLOORAREA_PER_SITE[sf/unit],BUILDINGS[unit],BUILDINGS_PER_SITE[unit/unit],PURCHASES[GWh],TRANSFERS[GWh],GENERATION[GWh],SALES[GWh],NET_DEMAND[GWh],REPORTED_ELECTRIC[GWh],REPORTED_ELECTRIFICATION[pu],UNREPORTED_ELECTRIC[GWh],UNREPORTED_ELECTRIFICATION[pu],A,B,C,D,E,I,Z
NERC,311,Food,1157,13690,96586.0,31087,2.5,72205,239,4594,336,76701,72331.0,0.05254963985013342,1443.0,0.4658101178101178,0.13333333333333333,0.2833333333333333,0.016666666666666666,0.016666666666666666,0.15,0.03333333333333333,0.36666666666666664
NORTHEAST,311,Food,1157,13690,96586.0,31087,2.5,5739,2,Q,Q,6125,72331.0,0.05254963985013342,1443.0,0.4658101178101178,0.13333333333333333,0.2833333333333333,0.016666666666666666,0.016666666666666666,0.15,0.03333333333333333,0.36666666666666664
MIDWEST,311,Food,1157,13690,96586.0,31087,2.5,31956,40,1081,17,33061,72331.0,0.05254963985013342,1443.0,0.4658101178101178,0.13333333333333333,0.2833333333333333,0.016666666666666666,0.016666666666666666,0.15,0.03333333333333333,0.36666666666666664
SOUTH,311,Food,1157,13690,96586.0,31087,2.5,22517,158,1739,168,24245,72331.0,0.05254963985013342,1443.0,0.4658101178101178,0.13333333333333333,0.2833333333333333,0.016666666666666666,0.016666666666666666,0.15,0.03333333333333333,0.36666666666666664
WEST,311,Food,1157,13690,96586.0,31087,2.5,11993,Q,1351,113,13270,72331.0,0.05254963985013342,1443.0,0.4658101178101178,0.13333333333333333,0.2833333333333333,0.016666666666666666,0.016666666666666666,0.15,0.03333333333333333,0.36666666666666664
NERC,312,Beverage and Tobacco Products,252,2443,113358.9,6844,3.0,9755,*,259,Q,10014,9808.0,0.03304853181076672,766.0,0.040088772845953004,0.13333333333333333,0.2833333333333333,0.016666666666666666,0.016666666666666666,0.15,0.03333333333333333,0.36666666666666664
NORTHEAST,312,Beverage and Tobacco Products,252,2443,113358.9,6844,3.0,1466,*,2,*,1468,9808.0,0.03304853181076672,766.0,0.040088772845953004,0.13333333333333333,0.2833333333333333,0.016666666666666666,0.016666666666666666,0.15,0.03333333333333333,0.36666666666666664
MIDWEST,312,Beverage and Tobacco Products,252,2443,113358.9,6844,3.0,1435,0,0,0,1435,9808.0,0.03304853181076672,766.0,0.040088772845953004,0.13333333333333333,0.2833333333333333,0.016666666666666666,0.016666666666666666,0.15,0.03333333333333333,0.36666666666666664
SOUTH,312,Beverage and Tobacco Products,252,2443,113358.9,6844,3.0,3897,*,9,*,3906,9808.0,0.03304853181076672,766.0,0.040088772845953004,0.13333333333333333,0.2833333333333333,0.016666666666666666,0.016666666666666666,0.15,0.03333333333333333,0.36666666666666664
WEST,312,Beverage and Tobacco Products,252,2443,113358.9,6844,3.0,2957,0,248,0,3205,9808.0,0.03304853181076672,766.0,0.040088772845953004,0.13333333333333333,0.2833333333333333,0.016666666666666666,0.016666666666666666,0.15,0.03333333333333333,0.36666666666666664
NERC,313,Textile Mills,220,1355,164744.2,2677,2.0,12773,0,101,187,12687,12586.0,0.02629620212935007,766.0,0.040088772845953004,0.16,0.33999999999999997,0.02,0.0,0.18,0.02,0.27999999999999997
NORTHEAST,313,Textile Mills,220,1355,164744.2,2677,2.0,Q,0,47,0,Q,12586.0,0.02629620212935007,766.0,0.040088772845953004,0.16,0.33999999999999997,0.02,0.0,0.18,0.02,0.27999999999999997
MIDWEST,313,Textile Mills,220,1355,164744.2,2677,2.0,270,0,0,0,270,12586.0,0.02629620212935007,766.0,0.040088772845953004,0.16,0.33999999999999997,0.02,0.0,0.18,0.02,0.27999999999999997
SOUTH,313,Textile Mills,220,1355,164744.2,2677,2.0,10418,0,54,187,10285,12586.0,0.02629620212935007,766.0,0.040088772845953004,0.16,0.33999999999999997,0.02,0.0,0.18,0.02,0.27999999999999997
WEST,313,Textile Mills,220,1355,164744.2,2677,2.0,239,0,0,0,239,12586.0,0.02629620212935007,766.0,0.040088772845953004,0.16,0.33999999999999997,0.02,0.0,0.18,0.02,0.27999999999999997
NERC,314,Textile Product Mills,151,4277,39709.4,2522,0.7,2748,0,*,0,2748,2748.0,0.03352401746724891,766.0,0.040088772845953004,0.16,0.33999999999999997,0.02,0.0,0.18,0.02,0.27999999999999997
NORTHEAST,314,Textile Product Mills,151,4277,39709.4,2522,0.7,119,0,0,0,119,2748.0,0.03352401746724891,766.0,0.040088772845953004,0.16,0.33999999999999997,0.02,0.0,0.18,0.02,0.27999999999999997
MIDWEST,314,Textile Product Mills,151,4277,39709.4,2522,0.7,323,0,0,0,323,2748.0,0.03352401746724891,766.0,0.040088772845953004,0.16,0.33999999999999997,0.02,0.0,0.18,0.02,0.27999999999999997
SOUTH,314,Textile Product Mills,151,4277,39709.4,2522,0.7,2100,0,*,0,2100,2748.0,0.03352401746724891,766.0,0.040088772845953004,0.16,0.33999999999999997,0.02,0.0,0.18,0.02,0.27999999999999997
WEST,314,Textile Product Mills,151,4277,39709.4,2522,0.7,206,0,0,0,206,2748.0,0.03352401746724891,766.0,0.040088772845953004,0.16,0.33999999999999997,0.02,0.0,0.18,0.02,0.27999999999999997
NERC,315,Apparel,44,3874,12439.3,2324,0.6,803,0,0,0,803,803.0,0.0212453300124533,766.0,0.040088772845953004,0.15000000000000002,0.29375,0.018750000000000003,0.0,0.225,0.025,0.2875
NORTHEAST,315,Apparel,44,3874,12439.3,2324,0.6,102,0,0,0,102,803.0,0.0212453300124533,766.0,0.040088772845953004,0.15000000000000002,0.29375,0.018750000000000003,0.0,0.225,0.025,0.2875
MIDWEST,315,Apparel,44,3874,12439.3,2324,0.6,Q,0,0,0,Q,803.0,0.0212453300124533,766.0,0.040088772845953004,0.15000000000000002,0.29375,0.018750000000000003,0.0,0.225,0.025,0.2875
SOUTH,315,Apparel,44,3874,12439.3,2324,0.6,579,0,0,0,579,803.0,0.0212453300124533,766.0,0.040088772845953004,0.15000000000000002,0.29375,0.018750000000000003,0.0,0.225,0.025,0.2875
WEST,315,Apparel,44,3874,12439.3,2324,0.6,79,0,0,0,79,803.0,0.0212453300124533,766.0,0.040088772845953004,0.15000000000000002,0.29375,0.018750000000000003,0.0,0.225,0.025,0.2875
NERC,316,Leather and Allied Products,15,466,33483.2,507,1.1,316,0,0,0,316,316.0,0.03239240506329114,766.0,0.040088772845953004,0.16,0.33999999999999997,0.02,0.0,0.18,0.02,0.27999999999999997
NORTHEAST,316,Leather and Allied Products,15,466,33483.2,507,1.1,46,0,0,0,46,316.0,0.03239240506329114,766.0,0.040088772845953004,0.16,0.33999999999999997,0.02,0.0,0.18,0.02,0.27999999999999997
MIDWEST,316,Leather and Allied Products,15,466,33483.2,507,1.1,152,0,0,0,152,316.0,0.03239240506329114,766.0,0.040088772845953004,0.16,0.33999999999999997,0.02,0.0,0.18,0.02,0.27999999999999997
SOUTH,316,Leather and Allied Products,15,466,33483.2,507,1.1,98,0,0,0,98,316.0,0.03239240506329114,766.0,0.040088772845953004,0.16,0.33999999999999997,0.02,0.0,0.18,0.02,0.27999999999999997
WEST,316,Leather and Allied Products,15,466,33483.2,507,1.1,20,0,0,0,20,316.0,0.03239240506329114,766.0,0.040088772845953004,0.16,0.33999999999999997,0.02,0.0,0.18,0.02,0.27999999999999997
NERC,321,Wood Products,505,8398,71281.4,26107,3.4,21901,0,1063,610,22353,21308.0,0.061489018209123336,233.0,3.6609442060085833,0.13333333333333333,0.2833333333333333,0.016666666666666666,0.016666666666666666,0.15,0.03333333333333333,0.36666666666666664
NORTHEAST,321,Wood Products,505,8398,71281.4,26107,3.4,1983,0,19,2,2000,21308.0,0.061489018209123336,233.0,3.6609442060085833,0.13333333333333333,0.2833333333333333,0.016666666666666666,0.016666666666666666,0.15,0.03333333333333333,0.36666666666666664
MIDWEST,321,Wood Products,505,8398,71281.4,26107,3.4,2534,0,54,*,2588,21308.0,0.061489018209123336,233.0,3.6609442060085833,0.13333333333333333,0.2833333333333333,0.016666666666666666,0.016666666666666666,0.15,0.03333333333333333,0.36666666666666664
SOUTH,321,Wood Products,505,8398,71281.4,26107,3.4,12828,0,49,*,12877,21308.0,0.061489018209123336,233.0,3.6609442060085833,0.13333333333333333,0.2833333333333333,0.016666666666666666,0.016666666666666666,0.15,0.03333333333333333,0.36666666666666664
WEST,321,Wood Products,505,8398,71281.4,26107,3.4,4556,0,940,608,4888,21308.0,0.061489018209123336,233.0,3.6609442060085833,0.13333333333333333,0.2833333333333333,0.016666666666666666,0.016666666666666666,0.15,0.03333333333333333,0.36666666666666664
NERC,322,Paper,567,3220,185393.9,11450,3.6,61777,58,44435,6797,99474,56017.0,0.12730206901476337,505.0,8.776609900990099,0.14545454545454548,0.3090909090909091,0.018181818181818184,0.009090909090909092,0.16363636363636364,0.02727272727272728,0.3272727272727272
NORTHEAST,322,Paper,567,3220,185393.9,11450,3.6,6877,6,6392,1645,11631,56017.0,0.12730206901476337,505.0,8.776609900990099,0.14545454545454548,0.3090909090909091,0.018181818181818184,0.009090909090909092,0.16363636363636364,0.02727272727272728,0.3272727272727272
MIDWEST,322,Paper,567,3220,185393.9,11450,3.6,13295,37,4890,210,18011,56017.0,0.12730206901476337,505.0,8.776609900990099,0.14545454545454548,0.3090909090909091,0.018181818181818184,0.009090909090909092,0.16363636363636364,0.02727272727272728,0.3272727272727272
SOUTH,322,Paper,567,3220,185393.9,11450,3.6,29362,15,29635,2700,56311,56017.0,0.12730206901476337,505.0,8.776609900990099,0.14545454545454548,0.3090909090909091,0.018181818181818184,0.009090909090909092,0.16363636363636364,0.02727272727272728,0.3272727272727272
WEST,322,Paper,567,3220,185393.9,11450,3.6,12245,0,3518,2242,13520,56017.0,0.12730206901476337,505.0,8.776609900990099,0.14545454545454548,0.3090909090909091,0.018181818181818184,0.009090909090909092,0.16363636363636364,0.02727272727272728,0.3272727272727272
NERC,323,Printing and Related Support,421,14005,33778.0,12139,0.9,14213,0,Q,Q,14232,14219.0,0.021356494830860117,194.0,10.939505154639175,0.16,0.33999999999999997,0.02,0.0,0.18,0.02,0.27999999999999997
NORTHEAST,323,Printing and Related Support,421,14005,33778.0,12139,0.9,2303,0,1,0,2304,14219.0,0.021356494830860117,194.0,10.939505154639175,0.16,0.33999999999999997,0.02,0.0,0.18,0.02,0.27999999999999997
MIDWEST,323,Printing and Related Support,421,14005,33778.0,12139,0.9,4189,0,*,0,4189,14219.0,0.021356494830860117,194.0,10.939505154639175,0.16,0.33999999999999997,0.02,0.0,0.18,0.02,0.27999999999999997
SOUTH,323,Printing and Related Support,421,14005,33778.0,12139,0.9,6550,0,Q,Q,6551,14219.0,0.021356494830860117,194.0,10.939505154639175,0.16,0.33999999999999997,0.02,0.0,0.18,0.02,0.27999999999999997
WEST,323,Printing and Related Support,421,14005,33778.0,12139,0.9,1171,0,Q,Q,1189,14219.0,0.021356494830860117,194.0,10.939505154639175,0.16,0.33999999999999997,0.02,0.0,0.18,0.02,0.27999999999999997
NERC,324,Petroleum and Coal Products,107,1918,64588.2,12697,7.2,50472,3207,18758,4775,67662,48904.0,0.24509970554555865,763.0,10.392513761467889,0.13333333333333333,0.2833333333333333,0.016666666666666666,0.016666666666666666,0.15,0.03333333333333333,0.36666666666666664
NORTHEAST,324,Petroleum and Coal Products,107,1918,64588.2,12697,7.2,2924,Q,230,1,3155,48904.0,0.24509970554555865,763.0,10.392513761467889,0.13333333333333333,0.2833333333333333,0.016666666666666666,0.016666666666666666,0.15,0.03333333333333333,0.36666666666666664
MIDWEST,324,Petroleum and Coal Products,107,1918,64588.2,12697,7.2,10482,0,1536,886,11132,48904.0,0.24509970554555865,763.0,10.392513761467889,0.13333333333333333,0.2833333333333333,0.016666666666666666,0.016666666666666666,0.15,0.03333333333333333,0.36666666666666664
SOUTH,324,Petroleum and Coal Products,107,1918,64588.2,12697,7.2,29488,2545,11742,3320,40456,48904.0,0.24509970554555865,763.0,10.392513761467889,0.13333333333333333,0.2833333333333333,0.016666666666666666,0.016666666666666666,0.15,0.03333333333333333,0.36666666666666664
WEST,324,Petroleum and Coal Products,107,1918,64588.2,12697,7.2,7578,661,5249,569,12919,48904.0,0.24509970554555865,763.0,10.392513761467889,0.13333333333333333,0.2833333333333333,0.016666666666666666,0.016666666666666666,0.15,0.03333333333333333,0.36666666666666664
NERC,325,Chemicals,917,8530,122210.6,45598,5.9,140688,5624,48802,12018,183096,134327.0,0.08958827339254208,2115.0,1.43416926713948,0.13333333333333333,0.2833333333333333,0.016666666666666666,0.016666666666666666,0.15,0.03333333333333333,0.36666666666666664
NORTHEAST,325,Chemicals,917,8530,122210.6,45598,5.9,W,6,683,25,W,134327.0,0.08958827339254208,2115.0,1.43416926713948,0.13333333333333333,0.2833333333333333,0.016666666666666666,0.016666666666666666,0.15,0.03333333333333333,0.36666666666666664
MIDWEST,325,Chemicals,917,8530,122210.6,45598,5.9,38103,0,2557,180,40480,134327.0,0.08958827339254208,2115.0,1.43416926713948,0.13333333333333333,0.2833333333333333,0.016666666666666666,0.016666666666666666,0.15,0.03333333333333333,0.36666666666666664
SOUTH,325,Chemicals,917,8530,122210.6,45598,5.9,W,5591,44508,11737,W,134327.0,0.08958827339254208,2115.0,1.43416926713948,0.13333333333333333,0.2833333333333333,0.016666666666666666,0.016666666666666666,0.15,0.03333333333333333,0.36666666666666664
WEST,325,Chemicals,917,8530,122210.6,45598,5.9,11517,28,1053,76,12522,134327.0,0.08958827339254208,2115.0,1.43416926713948,0.13333333333333333,0.2833333333333333,0.016666666666666666,0.016666666666666666,0.15,0.03333333333333333,0.36666666666666664
NERC,326,Plastics and Rubber Products,897,8217,116633.4,14910,1.9,55629,0,338,0,55967,55631.0,0.018031816792795384,1.0,6.824,0.15000000000000002,0.29375,0.018750000000000003,0.0,0.225,0.025,0.2875
NORTHEAST,326,Plastics and Rubber Products,897,8217,116633.4,14910,1.9,5269,0,Q,0,5559,55631.0,0.018031816792795384,1.0,6.824,0.15000000000000002,0.29375,0.018750000000000003,0.0,0.225,0.025,0.2875
MIDWEST,326,Plastics and Rubber Products,897,8217,116633.4,14910,1.9,17115,0,Q,0,17162,55631.0,0.018031816792795384,1.0,6.824,0.15000000000000002,0.29375,0.018750000000000003,0.0,0.225,0.025,0.2875
SOUTH,326,Plastics and Rubber Products,897,8217,116633.4,14910,1.9,23590,0,*,0,23590,55631.0,0.018031816792795384,1.0,6.824,0.15000000000000002,0.29375,0.018750000000000003,0.0,0.225,0.025,0.2875
WEST,326,Plastics and Rubber Products,897,8217,116633.4,14910,1.9,9655,0,0,0,9655,55631.0,0.018031816792795384,1.0,6.824,0.15000000000000002,0.29375,0.018750000000000003,0.0,0.225,0.025,0.2875
NERC,327,Nonmetallic Mineral Products,536,12184,49562.5,29071,2.6,37750,33,491,Q,37841,37498.0,0.07524998666595552,1.0,6.824,0.14545454545454548,0.3090909090909091,0.018181818181818184,0.009090909090909092,0.16363636363636364,0.02727272727272728,0.3272727272727272
NORTHEAST,327,Nonmetallic Mineral Products,536,12184,49562.5,29071,2.6,W,0,238,54,W,37498.0,0.07524998666595552,1.0,6.824,0.14545454545454548,0.3090909090909091,0.018181818181818184,0.009090909090909092,0.16363636363636364,0.02727272727272728,0.3272727272727272
MIDWEST,327,Nonmetallic Mineral Products,536,12184,49562.5,29071,2.6,11309,32,172,37,11477,37498.0,0.07524998666595552,1.0,6.824,0.14545454545454548,0.3090909090909091,0.018181818181818184,0.009090909090909092,0.16363636363636364,0.02727272727272728,0.3272727272727272
SOUTH,327,Nonmetallic Mineral Products,536,12184,49562.5,29071,2.6,W,*,Q,Q,W,37498.0,0.07524998666595552,1.0,6.824,0.14545454545454548,0.3090909090909091,0.018181818181818184,0.009090909090909092,0.16363636363636364,0.02727272727272728,0.3272727272727272
WEST,327,Nonmetallic Mineral Products,536,12184,49562.5,29071,2.6,5780,0,76,*,5856,37498.0,0.07524998666595552,1.0,6.824,0.14545454545454548,0.3090909090909091,0.018181818181818184,0.009090909090909092,0.16363636363636364,0.02727272727272728,0.3272727272727272
NERC,331,Primary Metals,665,3138,226095.8,14803,4.9,131399,*,11399,4362,138437,127040.0,0.04522833753148614,2599.0,0.7811235090419392,0.13333333333333333,0.2833333333333333,0.016666666666666666,0.016666666666666666,0.15,0.03333333333333333,0.36666666666666664
NORTHEAST,331,Primary Metals,665,3138,226095.8,14803,4.9,12965,0,462,Q,13403,127040.0,0.04522833753148614,2599.0,0.7811235090419392,0.13333333333333333,0.2833333333333333,0.016666666666666666,0.016666666666666666,0.15,0.03333333333333333,0.36666666666666664
MIDWEST,331,Primary Metals,665,3138,226095.8,14803,4.9,49470,*,4887,309,54048,127040.0,0.04522833753148614,2599.0,0.7811235090419392,0.13333333333333333,0.2833333333333333,0.016666666666666666,0.016666666666666666,0.15,0.03333333333333333,0.36666666666666664
SOUTH,331,Primary Metals,665,3138,226095.8,14803,4.9,55294,0,6037,4029,57303,127040.0,0.04522833753148614,2599.0,0.7811235090419392,0.13333333333333333,0.2833333333333333,0.016666666666666666,0.016666666666666666,0.15,0.03333333333333333,0.36666666666666664
WEST,331,Primary Metals,665,3138,226095.8,14803,4.9,13670,0,13,0,13683,127040.0,0.04522833753148614,2599.0,0.7811235090419392,0.13333333333333333,0.2833333333333333,0.016666666666666666,0.016666666666666666,0.15,0.03333333333333333,0.36666666666666664
NERC,332,Fabricated Metal Products,1543,36439,44463.5,51834,1.5,41866,0,Q,0,43683,41869.0,0.02803334209080704,124.0,0.44025806451612903,0.16,0.32999999999999996,0.02,0.01,0.18,0.030000000000000006,0.27
NORTHEAST,332,Fabricated Metal Products,1543,36439,44463.5,51834,1.5,4311,0,0,0,4311,41869.0,0.02803334209080704,124.0,0.44025806451612903,0.16,0.32999999999999996,0.02,0.01,0.18,0.030000000000000006,0.27
MIDWEST,332,Fabricated Metal Products,1543,36439,44463.5,51834,1.5,19698,0,Q,0,21512,41869.0,0.02803334209080704,124.0,0.44025806451612903,0.16,0.32999999999999996,0.02,0.01,0.18,0.030000000000000006,0.27
SOUTH,332,Fabricated Metal Products,1543,36439,44463.5,51834,1.5,12819,0,0,0,12819,41869.0,0.02803334209080704,124.0,0.44025806451612903,0.16,0.32999999999999996,0.02,0.01,0.18,0.030000000000000006,0.27
WEST,332,Fabricated Metal Products,1543,36439,44463.5,51834,1.5,5038,0,Q,0,5040,41869.0,0.02803334209080704,124.0,0.44025806451612903,0.16,0.32999999999999996,0.02,0.01,0.18,0.030000000000000006,0.27
NERC,333,Machinery,917,15307,64461.3,24802,1.7,23482,0,344,68,23758,23424.0,0.02388866120218579,124.0,0.44025806451612903,0.16,0.33999999999999997,0.02,0.0,0.18,0.02,0.27999999999999997
NORTHEAST,333,Machinery,917,15307,64461.3,24802,1.7,3063,0,Q,0,3072,23424.0,0.02388866120218579,124.0,0.44025806451612903,0.16,0.33999999999999997,0.02,0.0,0.18,0.02,0.27999999999999997
MIDWEST,333,Machinery,917,15307,64461.3,24802,1.7,10646,0,326,68,10903,23424.0,0.02388866120218579,124.0,0.44025806451612903,0.16,0.33999999999999997,0.02,0.0,0.18,0.02,0.27999999999999997
SOUTH,333,Machinery,917,15307,64461.3,24802,1.7,7795,0,*,0,7795,23424.0,0.02388866120218579,124.0,0.44025806451612903,0.16,0.33999999999999997,0.02,0.0,0.18,0.02,0.27999999999999997
WEST,333,Machinery,917,15307,64461.3,24802,1.7,1977,0,Q,0,1987,23424.0,0.02388866120218579,124.0,0.44025806451612903,0.16,0.33999999999999997,0.02,0.0,0.18,0.02,0.27999999999999997
NERC,334,Computer and Electronic Products,528,6831,80438.1,11641,1.8,32802,0,63,0,32864,32820.0,0.016841681901279708,722.0,0.023628808864265927,0.13333333333333333,0.2833333333333333,0.016666666666666666,0.016666666666666666,0.15,0.03333333333333333,0.36666666666666664
NORTHEAST,334,Computer and Electronic Products,528,6831,80438.1,11641,1.8,5593,0,*,0,5593,32820.0,0.016841681901279708,722.0,0.023628808864265927,0.13333333333333333,0.2833333333333333,0.016666666666666666,0.016666666666666666,0.15,0.03333333333333333,0.36666666666666664
MIDWEST,334,Computer and Electronic Products,528,6831,80438.1,11641,1.8,4447,0,Q,0,4467,32820.0,0.016841681901279708,722.0,0.023628808864265927,0.13333333333333333,0.2833333333333333,0.016666666666666666,0.016666666666666666,0.15,0.03333333333333333,0.36666666666666664
SOUTH,334,Computer and Electronic Products,528,6831,80438.1,11641,1.8,7076,0,*,0,7076,32820.0,0.016841681901279708,722.0,0.023628808864265927,0.13333333333333333,0.2833333333333333,0.016666666666666666,0.016666666666666666,0.15,0.03333333333333333,0.36666666666666664
WEST,334,Computer and Electronic Products,528,6831,80438.1,11641,1.8,15686,0,43,0,15729,32820.0,0.016841681901279708,722.0,0.023628808864265927,0.13333333333333333,0.2833333333333333,0.016666666666666666,0.016666666666666666,0.15,0.03333333333333333,0.36666666666666664
NERC,335,"Electrical Equip., Appliances, and Components",268,3298,88674.3,4901,1.5,11690,Q,Q,0,11764,11764.0,0.02059265555933356,275.0,0.024814545454545454,0.16,0.33999999999999997,0.02,0.0,0.18,0.02,0.27999999999999997
NORTHEAST,335,"Electrical Equip., Appliances, and Components",268,3298,88674.3,4901,1.5,2224,Q,Q,0,2297,11764.0,0.02059265555933356,275.0,0.024814545454545454,0.16,0.33999999999999997,0.02,0.0,0.18,0.02,0.27999999999999997
MIDWEST,335,"Electrical Equip., Appliances, and Components",268,3298,88674.3,4901,1.5,3284,0,0,0,3284,11764.0,0.02059265555933356,275.0,0.024814545454545454,0.16,0.33999999999999997,0.02,0.0,0.18,0.02,0.27999999999999997
SOUTH,335,"Electrical Equip., Appliances, and Components",268,3298,88674.3,4901,1.5,5408,0,*,0,5408,11764.0,0.02059265555933356,275.0,0.024814545454545454,0.16,0.33999999999999997,0.02,0.0,0.18,0.02,0.27999999999999997
WEST,335,"Electrical Equip., Appliances, and Components",268,3298,88674.3,4901,1.5,774,0,0,0,774,11764.0,0.02059265555933356,275.0,0.024814545454545454,0.16,0.33999999999999997,0.02,0.0,0.18,0.02,0.27999999999999997
NERC,336,Transportation Equipment,1162,6603,189754.8,17854,2.9,45169,0,452,37,45584,45185.0,0.02401274759322784,710.0,0.06727887323943663,0.13333333333333333,0.2833333333333333,0.016666666666666666,0.016666666666666666,0.15,0.03333333333333333,0.36666666666666664
NORTHEAST,336,Transportation Equipment,1162,6603,189754.8,17854,2.9,2982,0,135,1,3116,45185.0,0.02401274759322784,710.0,0.06727887323943663,0.13333333333333333,0.2833333333333333,0.016666666666666666,0.016666666666666666,0.15,0.03333333333333333,0.36666666666666664
MIDWEST,336,Transportation Equipment,1162,6603,189754.8,17854,2.9,20099,0,Q,0,20242,45185.0,0.02401274759322784,710.0,0.06727887323943663,0.13333333333333333,0.2833333333333333,0.016666666666666666,0.016666666666666666,0.15,0.03333333333333333,0.36666666666666664
SOUTH,336,Transportation Equipment,1162,6603,189754.8,17854,2.9,16928,0,90,4,17014,45185.0,0.02401274759322784,710.0,0.06727887323943663,0.13333333333333333,0.2833333333333333,0.016666666666666666,0.016666666666666666,0.15,0.03333333333333333,0.36666666666666664
WEST,336,Transportation Equipment,1162,6603,189754.8,17854,2.9,5159,0,Q,32,5211,45185.0,0.02401274759322784,710.0,0.06727887323943663,0.13333333333333333,0.2833333333333333,0.016666666666666666,0.016666666666666666,0.15,0.03333333333333333,0.36666666666666664
NERC,337,Furniture and Related Products,502,7913,69451.4,8622,1.2,5072,0,Q,Q,5169,5072.0,0.0248903785488959,126.0,0.027079365079365078,0.14545454545454548,0.3090909090909091,0.018181818181818184,0.009090909090909092,0.16363636363636364,0.02727272727272728,0.3272727272727272
NORTHEAST,337,Furniture and Related Products,502,7913,69451.4,8622,1.2,422,0,0,0,422,5072.0,0.0248903785488959,126.0,0.027079365079365078,0.14545454545454548,0.3090909090909091,0.018181818181818184,0.009090909090909092,0.16363636363636364,0.02727272727272728,0.3272727272727272
MIDWEST,337,Furniture and Related Products,502,7913,69451.4,8622,1.2,1634,0,Q,0,1728,5072.0,0.0248903785488959,126.0,0.027079365079365078,0.14545454545454548,0.3090909090909091,0.018181818181818184,0.009090909090909092,0.16363636363636364,0.02727272727272728,0.3272727272727272
SOUTH,337,Furniture and Related Products,502,7913,69451.4,8622,1.2,2281,0,4,Q,2283,5072.0,0.0248903785488959,126.0,0.027079365079365078,0.14545454545454548,0.3090909090909091,0.018181818181818184,0.009090909090909092,0.16363636363636364,0.02727272727272728,0.3272727272727272
WEST,337,Furniture and Related Products,502,7913,69451.4,8622,1.2,735,0,*,0,735,5072.0,0.0248903785488959,126.0,0.027079365079365078,0.14545454545454548,0.3090909090909091,0.018181818181818184,0.009090909090909092,0.16363636363636364,0.02727272727272728,0.3272727272727272
NERC,339,Miscellaneous,349,13001,29657.3,12600,1.0,8430,*,440,Q,8863,8466.0,0.02297236002834869,126.0,0.027079365079365078,,,,,,,
NORTHEAST,339,Miscellaneous,349,13001,29657.3,12600,1.0,1778,*,Q,0,2127,8466.0,0.02297236002834869,126.0,0.027079365079365078,,,,,,,
MIDWEST,339,Miscellaneous,349,13001,29657.3,12600,1.0,2431,0,0,0,2431,8466.0,0.02297236002834869,126.0,0.027079365079365078,,,,,,,
SOUTH,339,Miscellaneous,349,13001,29657.3,12600,1.0,2699,0,Q,Q,2746,8466.0,0.02297236002834869,126.0,0.027079365079365078,,,,,,,
WEST,339,Miscellaneous,349,13001,29657.3,12600,1.0,1522,0,Q,Q,1558,8466.0,0.02297236002834869,126.0,0.027079365079365078,,,,,,,
NERC,3112,Grain and Oilseed Milling,117,600,217154.8,4589,7.8,14583,58,1054,54,15641,14591.0,0.06500829278322254,1443.0,0.4658101178101178,0.14545454545454548,0.3090909090909091,0.018181818181818184,0.009090909090909092,0.16363636363636364,0.02727272727272728,0.3272727272727272
NORTHEAST,3112,Grain and Oilseed Milling,117,600,217154.8,4589,7.8,407,0,1,0,408,14591.0,0.06500829278322254,1443.0,0.4658101178101178,0.14545454545454548,0.3090909090909091,0.018181818181818184,0.009090909090909092,0.16363636363636364,0.02727272727272728,0.3272727272727272
MIDWEST,3112,Grain and Oilseed Milling,117,600,217154.8,4589,7.8,10046,40,844,17,10914,14591.0,0.06500829278322254,1443.0,0.4658101178101178,0.14545454545454548,0.3090909090909091,0.018181818181818184,0.009090909090909092,0.16363636363636364,0.02727272727272728,0.3272727272727272
SOUTH,3112,Grain and Oilseed Milling,117,600,217154.8,4589,7.8,3383,16,157,37,3520,14591.0,0.06500829278322254,1443.0,0.4658101178101178,0.14545454545454548,0.3090909090909091,0.018181818181818184,0.009090909090909092,0.16363636363636364,0.02727272727272728,0.3272727272727272
WEST,3112,Grain and Oilseed Milling,117,600,217154.8,4589,7.8,747,2,52,1,800,14591.0,0.06500829278322254,1443.0,0.4658101178101178,0.14545454545454548,0.3090909090909091,0.018181818181818184,0.009090909090909092,0.16363636363636364,0.02727272727272728,0.3272727272727272
NERC,3114,Fruit and Vegetable Preserving and Specialty Food ,182,985,198955.7,3886,4.1,9538,3,469,30,9979,9551.0,0.052157051617631664,127.0,0.32239370078740154,0.13333333333333333,0.2833333333333333,0.016666666666666666,0.016666666666666666,0.15,0.03333333333333333,0.36666666666666664
NORTHEAST,3114,Fruit and Vegetable Preserving and Specialty Food ,182,985,198955.7,3886,4.1,778,0,35,1,811,9551.0,0.052157051617631664,127.0,0.32239370078740154,0.13333333333333333,0.2833333333333333,0.016666666666666666,0.016666666666666666,0.15,0.03333333333333333,0.36666666666666664
MIDWEST,3114,Fruit and Vegetable Preserving and Specialty Food ,182,985,198955.7,3886,4.1,2879,0,24,0,2903,9551.0,0.052157051617631664,127.0,0.32239370078740154,0.13333333333333333,0.2833333333333333,0.016666666666666666,0.016666666666666666,0.15,0.03333333333333333,0.36666666666666664
SOUTH,3114,Fruit and Vegetable Preserving and Specialty Food ,182,985,198955.7,3886,4.1,2489,0,368,26,2831,9551.0,0.052157051617631664,127.0,0.32239370078740154,0.13333333333333333,0.2833333333333333,0.016666666666666666,0.016666666666666666,0.15,0.03333333333333333,0.36666666666666664
WEST,3114,Fruit and Vegetable Preserving and Specialty Food ,182,985,198955.7,3886,4.1,3391,3,42,3,3434,9551.0,0.052157051617631664,127.0,0.32239370078740154,0.13333333333333333,0.2833333333333333,0.016666666666666666,0.016666666666666666,0.15,0.03333333333333333,0.36666666666666664
NERC,3115,Dairy Product,178,992,197138.0,2634,2.9,10364,0,51,16,10399,10350.0,0.03593314009661836,733.0,0.02792905866302865,0.13333333333333333,0.2833333333333333,0.016666666666666666,0.016666666666666666,0.15,0.03333333333333333,0.36666666666666664
NORTHEAST,3115,Dairy Product,178,992,197138.0,2634,2.9,1408,0,*,*,1409,10350.0,0.03593314009661836,733.0,0.02792905866302865,0.13333333333333333,0.2833333333333333,0.016666666666666666,0.016666666666666666,0.15,0.03333333333333333,0.36666666666666664
MIDWEST,3115,Dairy Product,178,992,197138.0,2634,2.9,3752,0,5,0,3757,10350.0,0.03593314009661836,733.0,0.02792905866302865,0.13333333333333333,0.2833333333333333,0.016666666666666666,0.016666666666666666,0.15,0.03333333333333333,0.36666666666666664
SOUTH,3115,Dairy Product,178,992,197138.0,2634,2.9,1914,0,0,0,1914,10350.0,0.03593314009661836,733.0,0.02792905866302865,0.13333333333333333,0.2833333333333333,0.016666666666666666,0.016666666666666666,0.15,0.03333333333333333,0.36666666666666664
WEST,3115,Dairy Product,178,992,197138.0,2634,2.9,3291,0,46,16,3320,10350.0,0.03593314009661836,733.0,0.02792905866302865,0.13333333333333333,0.2833333333333333,0.016666666666666666,0.016666666666666666,0.15,0.03333333333333333,0.36666666666666664
NERC,3116,Animal Slaughtering and Processing,168,1603,117287.5,4566,3.1,18198,2,448,39,18609,18173.0,0.03773796291201233,733.0,0.02792905866302865,0.14545454545454548,0.3090909090909091,0.018181818181818184,0.009090909090909092,0.16363636363636364,0.02727272727272728,0.3272727272727272
NORTHEAST,3116,Animal Slaughtering and Processing,168,1603,117287.5,4566,3.1,767,2,109,*,878,18173.0,0.03773796291201233,733.0,0.02792905866302865,0.14545454545454548,0.3090909090909091,0.018181818181818184,0.009090909090909092,0.16363636363636364,0.02727272727272728,0.3272727272727272
MIDWEST,3116,Animal Slaughtering and Processing,168,1603,117287.5,4566,3.1,7284,0,4,0,7288,18173.0,0.03773796291201233,733.0,0.02792905866302865,0.14545454545454548,0.3090909090909091,0.018181818181818184,0.009090909090909092,0.16363636363636364,0.02727272727272728,0.3272727272727272
SOUTH,3116,Animal Slaughtering and Processing,168,1603,117287.5,4566,3.1,8754,0,Q,38,8747,18173.0,0.03773796291201233,733.0,0.02792905866302865,0.14545454545454548,0.3090909090909091,0.018181818181818184,0.009090909090909092,0.16363636363636364,0.02727272727272728,0.3272727272727272
WEST,3116,Animal Slaughtering and Processing,168,1603,117287.5,4566,3.1,1393,0,304,1,1696,18173.0,0.03773796291201233,733.0,0.02792905866302865,0.14545454545454548,0.3090909090909091,0.018181818181818184,0.009090909090909092,0.16363636363636364,0.02727272727272728,0.3272727272727272
NERC,3121,  Beverages,225,2369,104382.3,6523,3.0,8815,*,250,*,9065,8868.0,0.03308885881822282,766.0,0.040088772845953004,0.13333333333333333,0.2833333333333333,0.016666666666666666,0.016666666666666666,0.15,0.03333333333333333,0.36666666666666664
NORTHEAST,3121,  Beverages,225,2369,104382.3,6523,3.0,1439,*,2,*,1440,8868.0,0.03308885881822282,766.0,0.040088772845953004,0.13333333333333333,0.2833333333333333,0.016666666666666666,0.016666666666666666,0.15,0.03333333333333333,0.36666666666666664
MIDWEST,3121,  Beverages,225,2369,104382.3,6523,3.0,1418,0,0,0,1418,8868.0,0.03308885881822282,766.0,0.040088772845953004,0.13333333333333333,0.2833333333333333,0.016666666666666666,0.016666666666666666,0.15,0.03333333333333333,0.36666666666666664
SOUTH,3121,  Beverages,225,2369,104382.3,6523,3.0,3001,*,*,0,3001,8868.0,0.03308885881822282,766.0,0.040088772845953004,0.13333333333333333,0.2833333333333333,0.016666666666666666,0.016666666666666666,0.15,0.03333333333333333,0.36666666666666664
WEST,3121,  Beverages,225,2369,104382.3,6523,3.0,2957,0,248,0,3205,8868.0,0.03308885881822282,766.0,0.040088772845953004,0.13333333333333333,0.2833333333333333,0.016666666666666666,0.016666666666666666,0.15,0.03333333333333333,0.36666666666666664
NERC,3122,  Tobacco ,27,74,389512.4,321,4.4,940,0,9,*,949,940.0,0.03266808510638298,766.0,0.040088772845953004,0.12000000000000002,0.33499999999999996,0.015000000000000003,0.01,0.18,0.030000000000000006,0.30999999999999994
NORTHEAST,3122,  Tobacco ,27,74,389512.4,321,4.4,27,0,0,0,27,940.0,0.03266808510638298,766.0,0.040088772845953004,0.12000000000000002,0.33499999999999996,0.015000000000000003,0.01,0.18,0.030000000000000006,0.30999999999999994
MIDWEST,3122,  Tobacco ,27,74,389512.4,321,4.4,16,0,0,0,16,940.0,0.03266808510638298,766.0,0.040088772845953004,0.12000000000000002,0.33499999999999996,0.015000000000000003,0.01,0.18,0.030000000000000006,0.30999999999999994
SOUTH,3122,  Tobacco ,27,74,389512.4,321,4.4,896,0,9,*,905,940.0,0.03266808510638298,766.0,0.040088772845953004,0.12000000000000002,0.33499999999999996,0.015000000000000003,0.01,0.18,0.030000000000000006,0.30999999999999994
WEST,3122,  Tobacco ,27,74,389512.4,321,4.4,0,0,0,0,0,940.0,0.03266808510638298,766.0,0.040088772845953004,0.12000000000000002,0.33499999999999996,0.015000000000000003,0.01,0.18,0.030000000000000006,0.30999999999999994
NERC,3212,"  Veneer, Plywood, and Engineered Woods",83,973,98937.9,2992,3.4,7387,0,82,11,7459,7377.0,0.07446550088111697,51.0,6.957803921568627,0.13333333333333333,0.2833333333333333,0.016666666666666666,0.016666666666666666,0.15,0.03333333333333333,0.36666666666666664
NORTHEAST,3212,"  Veneer, Plywood, and Engineered Woods",83,973,98937.9,2992,3.4,274,0,3,0,278,7377.0,0.07446550088111697,51.0,6.957803921568627,0.13333333333333333,0.2833333333333333,0.016666666666666666,0.016666666666666666,0.15,0.03333333333333333,0.36666666666666664
MIDWEST,3212,"  Veneer, Plywood, and Engineered Woods",83,973,98937.9,2992,3.4,633,0,52,*,686,7377.0,0.07446550088111697,51.0,6.957803921568627,0.13333333333333333,0.2833333333333333,0.016666666666666666,0.016666666666666666,0.15,0.03333333333333333,0.36666666666666664
SOUTH,3212,"  Veneer, Plywood, and Engineered Woods",83,973,98937.9,2992,3.4,4675,0,*,0,4675,7377.0,0.07446550088111697,51.0,6.957803921568627,0.13333333333333333,0.2833333333333333,0.016666666666666666,0.016666666666666666,0.15,0.03333333333333333,0.36666666666666664
WEST,3212,"  Veneer, Plywood, and Engineered Woods",83,973,98937.9,2992,3.4,1805,0,26,11,1820,7377.0,0.07446550088111697,51.0,6.957803921568627,0.13333333333333333,0.2833333333333333,0.016666666666666666,0.016666666666666666,0.15,0.03333333333333333,0.36666666666666664
NERC,3219,  Other Wood Products,315,5558,66766.1,14646,2.9,8523,0,Q,0,8549,8541.0,0.03755157475705421,13.0,15.22276923076923,0.12000000000000002,0.33499999999999996,0.015000000000000003,0.01,0.18,0.030000000000000006,0.30999999999999994
NORTHEAST,3219,  Other Wood Products,315,5558,66766.1,14646,2.9,1297,0,5,0,1302,8541.0,0.03755157475705421,13.0,15.22276923076923,0.12000000000000002,0.33499999999999996,0.015000000000000003,0.01,0.18,0.030000000000000006,0.30999999999999994
MIDWEST,3219,  Other Wood Products,315,5558,66766.1,14646,2.9,1500,0,1,0,1501,8541.0,0.03755157475705421,13.0,15.22276923076923,0.12000000000000002,0.33499999999999996,0.015000000000000003,0.01,0.18,0.030000000000000006,0.30999999999999994
SOUTH,3219,  Other Wood Products,315,5558,66766.1,14646,2.9,Q,0,*,0,Q,8541.0,0.03755157475705421,13.0,15.22276923076923,0.12000000000000002,0.33499999999999996,0.015000000000000003,0.01,0.18,0.030000000000000006,0.30999999999999994
WEST,3219,  Other Wood Products,315,5558,66766.1,14646,2.9,885,0,Q,0,905,8541.0,0.03755157475705421,13.0,15.22276923076923,0.12000000000000002,0.33499999999999996,0.015000000000000003,0.01,0.18,0.030000000000000006,0.30999999999999994
NERC,3254,  Pharmaceuticals and Medicines,183,1199,159078.0,5165,4.5,10677,5,799,21,11460,10671.0,0.030056039733858116,92.0,0.1483478260869565,0.13333333333333333,0.2833333333333333,0.016666666666666666,0.016666666666666666,0.15,0.03333333333333333,0.36666666666666664
NORTHEAST,3254,  Pharmaceuticals and Medicines,183,1199,159078.0,5165,4.5,W,5,640,20,W,10671.0,0.030056039733858116,92.0,0.1483478260869565,0.13333333333333333,0.2833333333333333,0.016666666666666666,0.016666666666666666,0.15,0.03333333333333333,0.36666666666666664
MIDWEST,3254,  Pharmaceuticals and Medicines,183,1199,159078.0,5165,4.5,3074,0,90,0,3165,10671.0,0.030056039733858116,92.0,0.1483478260869565,0.13333333333333333,0.2833333333333333,0.016666666666666666,0.016666666666666666,0.15,0.03333333333333333,0.36666666666666664
SOUTH,3254,  Pharmaceuticals and Medicines,183,1199,159078.0,5165,4.5,W,0,29,*,W,10671.0,0.030056039733858116,92.0,0.1483478260869565,0.13333333333333333,0.2833333333333333,0.016666666666666666,0.016666666666666666,0.15,0.03333333333333333,0.36666666666666664
WEST,3254,  Pharmaceuticals and Medicines,183,1199,159078.0,5165,4.5,1476,*,41,1,1516,10671.0,0.030056039733858116,92.0,0.1483478260869565,0.13333333333333333,0.2833333333333333,0.016666666666666666,0.016666666666666666,0.15,0.03333333333333333,0.36666666666666664
NERC,3312, Steel Products from Purchased Steel,80,470,195266.9,1512,3.4,6556,0,9,*,6565,6557.0,0.029660515479640083,12.0,1.9903333333333335,0.14545454545454548,0.3090909090909091,0.018181818181818184,0.009090909090909092,0.16363636363636364,0.02727272727272728,0.3272727272727272
NORTHEAST,3312, Steel Products from Purchased Steel,80,470,195266.9,1512,3.4,566,0,9,*,575,6557.0,0.029660515479640083,12.0,1.9903333333333335,0.14545454545454548,0.3090909090909091,0.018181818181818184,0.009090909090909092,0.16363636363636364,0.02727272727272728,0.3272727272727272
MIDWEST,3312, Steel Products from Purchased Steel,80,470,195266.9,1512,3.4,2632,0,*,0,2632,6557.0,0.029660515479640083,12.0,1.9903333333333335,0.14545454545454548,0.3090909090909091,0.018181818181818184,0.009090909090909092,0.16363636363636364,0.02727272727272728,0.3272727272727272
SOUTH,3312, Steel Products from Purchased Steel,80,470,195266.9,1512,3.4,3213,0,0,0,3213,6557.0,0.029660515479640083,12.0,1.9903333333333335,0.14545454545454548,0.3090909090909091,0.018181818181818184,0.009090909090909092,0.16363636363636364,0.02727272727272728,0.3272727272727272
WEST,3312, Steel Products from Purchased Steel,80,470,195266.9,1512,3.4,145,0,*,0,145,6557.0,0.029660515479640083,12.0,1.9903333333333335,0.14545454545454548,0.3090909090909091,0.018181818181818184,0.009090909090909092,0.16363636363636364,0.02727272727272728,0.3272727272727272
NERC,3313, Alumina and Aluminum,119,383,333903.1,2483,6.6,38229,*,6727,3848,41107,34380.0,0.024116230366492148,103.0,0.26500970873786406,0.13333333333333333,0.2833333333333333,0.016666666666666666,0.016666666666666666,0.15,0.03333333333333333,0.36666666666666664
NORTHEAST,3313, Alumina and Aluminum,119,383,333903.1,2483,6.6,2868,0,0,0,2868,34380.0,0.024116230366492148,103.0,0.26500970873786406,0.13333333333333333,0.2833333333333333,0.016666666666666666,0.016666666666666666,0.15,0.03333333333333333,0.36666666666666664
MIDWEST,3313, Alumina and Aluminum,119,383,333903.1,2483,6.6,10818,*,1067,0,11885,34380.0,0.024116230366492148,103.0,0.26500970873786406,0.13333333333333333,0.2833333333333333,0.016666666666666666,0.016666666666666666,0.15,0.03333333333333333,0.36666666666666664
SOUTH,3313, Alumina and Aluminum,119,383,333903.1,2483,6.6,18640,0,5660,3848,20451,34380.0,0.024116230366492148,103.0,0.26500970873786406,0.13333333333333333,0.2833333333333333,0.016666666666666666,0.016666666666666666,0.15,0.03333333333333333,0.36666666666666664
WEST,3313, Alumina and Aluminum,119,383,333903.1,2483,6.6,5902,0,0,0,5902,34380.0,0.024116230366492148,103.0,0.26500970873786406,0.13333333333333333,0.2833333333333333,0.016666666666666666,0.016666666666666666,0.15,0.03333333333333333,0.36666666666666664
NERC,3314," Nonferrous Metals, except Aluminum",83,662,135837.6,2639,4.2,13062,0,37,45,13054,13017.0,0.025163401705462086,24.0,0.9951666666666668,0.13333333333333333,0.2833333333333333,0.016666666666666666,0.016666666666666666,0.15,0.03333333333333333,0.36666666666666664
NORTHEAST,3314," Nonferrous Metals, except Aluminum",83,662,135837.6,2639,4.2,1682,0,*,Q,1661,13017.0,0.025163401705462086,24.0,0.9951666666666668,0.13333333333333333,0.2833333333333333,0.016666666666666666,0.016666666666666666,0.15,0.03333333333333333,0.36666666666666664
MIDWEST,3314," Nonferrous Metals, except Aluminum",83,662,135837.6,2639,4.2,4065,0,*,25,4040,13017.0,0.025163401705462086,24.0,0.9951666666666668,0.13333333333333333,0.2833333333333333,0.016666666666666666,0.016666666666666666,0.15,0.03333333333333333,0.36666666666666664
SOUTH,3314," Nonferrous Metals, except Aluminum",83,662,135837.6,2639,4.2,4428,0,36,0,4464,13017.0,0.025163401705462086,24.0,0.9951666666666668,0.13333333333333333,0.2833333333333333,0.016666666666666666,0.016666666666666666,0.15,0.03333333333333333,0.36666666666666664
WEST,3314," Nonferrous Metals, except Aluminum",83,662,135837.6,2639,4.2,2888,0,*,0,2888,13017.0,0.025163401705462086,24.0,0.9951666666666668,0.13333333333333333,0.2833333333333333,0.016666666666666666,0.016666666666666666,0.15,0.03333333333333333,0.36666666666666664
NERC,3315, Foundries,132,1278,105886.0,4068,3.2,13218,0,22,*,13241,13219.0,0.030457371964596414,124.0,0.44025806451612903,0.13333333333333333,0.2833333333333333,0.016666666666666666,0.016666666666666666,0.15,0.03333333333333333,0.36666666666666664
NORTHEAST,3315, Foundries,132,1278,105886.0,4068,3.2,1049,0,*,0,1049,13219.0,0.030457371964596414,124.0,0.44025806451612903,0.13333333333333333,0.2833333333333333,0.016666666666666666,0.016666666666666666,0.15,0.03333333333333333,0.36666666666666664
MIDWEST,3315, Foundries,132,1278,105886.0,4068,3.2,7572,0,9,*,7580,13219.0,0.030457371964596414,124.0,0.44025806451612903,0.13333333333333333,0.2833333333333333,0.016666666666666666,0.016666666666666666,0.15,0.03333333333333333,0.36666666666666664
SOUTH,3315, Foundries,132,1278,105886.0,4068,3.2,3861,0,1,0,3862,13219.0,0.030457371964596414,124.0,0.44025806451612903,0.13333333333333333,0.2833333333333333,0.016666666666666666,0.016666666666666666,0.15,0.03333333333333333,0.36666666666666664
WEST,3315, Foundries,132,1278,105886.0,4068,3.2,736,0,13,0,749,13219.0,0.030457371964596414,124.0,0.44025806451612903,0.13333333333333333,0.2833333333333333,0.016666666666666666,0.016666666666666666,0.15,0.03333333333333333,0.36666666666666664
NERC,3364,Aerospace Product and Parts,320,1063,351847.4,7697,8.1,9432,0,246,33,9645,9417.0,0.024637995115217158,192.0,0.106625,0.14545454545454548,0.3090909090909091,0.018181818181818184,0.009090909090909092,0.16363636363636364,0.02727272727272728,0.3272727272727272
NORTHEAST,3364,Aerospace Product and Parts,320,1063,351847.4,7697,8.1,1025,0,135,1,1159,9417.0,0.024637995115217158,192.0,0.106625,0.14545454545454548,0.3090909090909091,0.018181818181818184,0.009090909090909092,0.16363636363636364,0.02727272727272728,0.3272727272727272
MIDWEST,3364,Aerospace Product and Parts,320,1063,351847.4,7697,8.1,2009,0,22,0,2031,9417.0,0.024637995115217158,192.0,0.106625,0.14545454545454548,0.3090909090909091,0.018181818181818184,0.009090909090909092,0.16363636363636364,0.02727272727272728,0.3272727272727272
SOUTH,3364,Aerospace Product and Parts,320,1063,351847.4,7697,8.1,3165,0,5,0,3170,9417.0,0.024637995115217158,192.0,0.106625,0.14545454545454548,0.3090909090909091,0.018181818181818184,0.009090909090909092,0.16363636363636364,0.02727272727272728,0.3272727272727272
WEST,3364,Aerospace Product and Parts,320,1063,351847.4,7697,8.1,3232,0,Q,32,3284,9417.0,0.024637995115217158,192.0,0.106625,0.14545454545454548,0.3090909090909091,0.018181818181818184,0.009090909090909092,0.16363636363636364,0.02727272727272728,0.3272727272727272
NERC,31131,Sugar Manufacturing,31,71,461108.9,1022,16.2,1213,142,1803,157,3002,1224.0,0.4850392156862745,1443.0,0.4658101178101178,0.16,0.24000000000000005,0.02,0.01,0.18,0.030000000000000006,0.36
NORTHEAST,31131,Sugar Manufacturing,31,71,461108.9,1022,16.2,25,0,0,0,25,1224.0,0.4850392156862745,1443.0,0.4658101178101178,0.16,0.24000000000000005,0.02,0.01,0.18,0.030000000000000006,0.36
MIDWEST,31131,Sugar Manufacturing,31,71,461108.9,1022,16.2,563,0,205,*,768,1224.0,0.4850392156862745,1443.0,0.4658101178101178,0.16,0.24000000000000005,0.02,0.01,0.18,0.030000000000000006,0.36
SOUTH,31131,Sugar Manufacturing,31,71,461108.9,1022,16.2,308,142,1176,67,1560,1224.0,0.4850392156862745,1443.0,0.4658101178101178,0.16,0.24000000000000005,0.02,0.01,0.18,0.030000000000000006,0.36
WEST,31131,Sugar Manufacturing,31,71,461108.9,1022,16.2,317,0,422,90,650,1224.0,0.4850392156862745,1443.0,0.4658101178101178,0.16,0.24000000000000005,0.02,0.01,0.18,0.030000000000000006,0.36
NERC,311221,Wet Corn Milling,16,49,318767.6,870,17.8,6472,0,814,11,7274,6461.0,0.07287664448227829,1443.0,0.4658101178101178,0.13333333333333336,0.3722222222222222,0.01666666666666667,0.0,0.2,0.022222222222222223,0.25555555555555554
NORTHEAST,311221,Wet Corn Milling,16,49,318767.6,870,17.8,7,0,0,0,7,6461.0,0.07287664448227829,1443.0,0.4658101178101178,0.13333333333333336,0.3722222222222222,0.01666666666666667,0.0,0.2,0.022222222222222223,0.25555555555555554
MIDWEST,311221,Wet Corn Milling,16,49,318767.6,870,17.8,5557,0,706,11,6252,6461.0,0.07287664448227829,1443.0,0.4658101178101178,0.13333333333333336,0.3722222222222222,0.01666666666666667,0.0,0.2,0.022222222222222223,0.25555555555555554
SOUTH,311221,Wet Corn Milling,16,49,318767.6,870,17.8,840,0,85,0,925,6461.0,0.07287664448227829,1443.0,0.4658101178101178,0.13333333333333336,0.3722222222222222,0.01666666666666667,0.0,0.2,0.022222222222222223,0.25555555555555554
WEST,311221,Wet Corn Milling,16,49,318767.6,870,17.8,68,0,23,0,90,6461.0,0.07287664448227829,1443.0,0.4658101178101178,0.13333333333333336,0.3722222222222222,0.01666666666666667,0.0,0.2,0.022222222222222223,0.25555555555555554
NERC,321113,  Sawmills,96,1619,74861.3,7101,5.0,5600,0,955,599,5956,5001.0,0.08391841631673665,109.0,3.0050642201834865,0.13333333333333333,0.2833333333333333,0.016666666666666666,0.016666666666666666,0.15,0.03333333333333333,0.36666666666666664
NORTHEAST,321113,  Sawmills,96,1619,74861.3,7101,5.0,395,0,11,2,404,5001.0,0.08391841631673665,109.0,3.0050642201834865,0.13333333333333333,0.2833333333333333,0.016666666666666666,0.016666666666666666,0.15,0.03333333333333333,0.36666666666666664
MIDWEST,321113,  Sawmills,96,1619,74861.3,7101,5.0,375,0,1,0,376,5001.0,0.08391841631673665,109.0,3.0050642201834865,0.13333333333333333,0.2833333333333333,0.016666666666666666,0.016666666666666666,0.15,0.03333333333333333,0.36666666666666664
SOUTH,321113,  Sawmills,96,1619,74861.3,7101,5.0,3072,0,49,*,3121,5001.0,0.08391841631673665,109.0,3.0050642201834865,0.13333333333333333,0.2833333333333333,0.016666666666666666,0.016666666666666666,0.15,0.03333333333333333,0.36666666666666664
WEST,321113,  Sawmills,96,1619,74861.3,7101,5.0,1758,0,894,597,2054,5001.0,0.08391841631673665,109.0,3.0050642201834865,0.13333333333333333,0.2833333333333333,0.016666666666666666,0.016666666666666666,0.15,0.03333333333333333,0.36666666666666664
NERC,321219,   Reconstituted Wood Products,31,154,238620.9,645,4.8,4926,0,70,*,4996,4926.0,0.06649451887941535,13.0,15.22276923076923,0.13333333333333333,0.2833333333333333,0.016666666666666666,0.016666666666666666,0.15,0.03333333333333333,0.36666666666666664
NORTHEAST,321219,   Reconstituted Wood Products,31,154,238620.9,645,4.8,226,0,3,0,229,4926.0,0.06649451887941535,13.0,15.22276923076923,0.13333333333333333,0.2833333333333333,0.016666666666666666,0.016666666666666666,0.15,0.03333333333333333,0.36666666666666664
MIDWEST,321219,   Reconstituted Wood Products,31,154,238620.9,645,4.8,434,0,52,*,485,4926.0,0.06649451887941535,13.0,15.22276923076923,0.13333333333333333,0.2833333333333333,0.016666666666666666,0.016666666666666666,0.15,0.03333333333333333,0.36666666666666664
SOUTH,321219,   Reconstituted Wood Products,31,154,238620.9,645,4.8,3395,0,*,0,3395,4926.0,0.06649451887941535,13.0,15.22276923076923,0.13333333333333333,0.2833333333333333,0.016666666666666666,0.016666666666666666,0.15,0.03333333333333333,0.36666666666666664
WEST,321219,   Reconstituted Wood Products,31,154,238620.9,645,4.8,870,0,16,0,886,4926.0,0.06649451887941535,13.0,15.22276923076923,0.13333333333333333,0.2833333333333333,0.016666666666666666,0.016666666666666666,0.15,0.03333333333333333,0.36666666666666664
NERC,322110,  Pulp Mills,16,28,660445.9,741,30.4,1710,0,5655,479,6886,1345.0,0.6468847583643123,505.0,8.776609900990099,0.17142857142857146,0.19285714285714287,0.021428571428571432,0.0,0.2571428571428572,0.028571428571428574,0.32857142857142857
NORTHEAST,322110,  Pulp Mills,16,28,660445.9,741,30.4,36,0,510,78,468,1345.0,0.6468847583643123,505.0,8.776609900990099,0.17142857142857146,0.19285714285714287,0.021428571428571432,0.0,0.2571428571428572,0.028571428571428574,0.32857142857142857
MIDWEST,322110,  Pulp Mills,16,28,660445.9,741,30.4,233,0,0,0,233,1345.0,0.6468847583643123,505.0,8.776609900990099,0.17142857142857146,0.19285714285714287,0.021428571428571432,0.0,0.2571428571428572,0.028571428571428574,0.32857142857142857
SOUTH,322110,  Pulp Mills,16,28,660445.9,741,30.4,1337,0,5008,402,5943,1345.0,0.6468847583643123,505.0,8.776609900990099,0.17142857142857146,0.19285714285714287,0.021428571428571432,0.0,0.2571428571428572,0.028571428571428574,0.32857142857142857
WEST,322110,  Pulp Mills,16,28,660445.9,741,30.4,104,0,137,0,241,1345.0,0.6468847583643123,505.0,8.776609900990099,0.17142857142857146,0.19285714285714287,0.021428571428571432,0.0,0.2571428571428572,0.028571428571428574,0.32857142857142857
NERC,322121,"  Paper Mills, except Newsprint",97,165,677318.0,3061,22.0,19871,43,19925,3422,36416,17321.0,0.14813371052479649,505.0,8.776609900990099,0.16,0.33999999999999997,0.02,0.0,0.18,0.02,0.27999999999999997
NORTHEAST,322121,"  Paper Mills, except Newsprint",97,165,677318.0,3061,22.0,3227,6,5708,1556,7386,17321.0,0.14813371052479649,505.0,8.776609900990099,0.16,0.33999999999999997,0.02,0.0,0.18,0.02,0.27999999999999997
MIDWEST,322121,"  Paper Mills, except Newsprint",97,165,677318.0,3061,22.0,5892,37,4194,183,9939,17321.0,0.14813371052479649,505.0,8.776609900990099,0.16,0.33999999999999997,0.02,0.0,0.18,0.02,0.27999999999999997
SOUTH,322121,"  Paper Mills, except Newsprint",97,165,677318.0,3061,22.0,8330,0,8682,610,16402,17321.0,0.14813371052479649,505.0,8.776609900990099,0.16,0.33999999999999997,0.02,0.0,0.18,0.02,0.27999999999999997
WEST,322121,"  Paper Mills, except Newsprint",97,165,677318.0,3061,22.0,2422,0,1340,1073,2689,17321.0,0.14813371052479649,505.0,8.776609900990099,0.16,0.33999999999999997,0.02,0.0,0.18,0.02,0.27999999999999997
NERC,322122,  Newsprint Mills,6,18,326384.4,179,9.9,8245,0,428,39,8634,8206.0,0.024531805995612967,239.0,0.32835146443514646,0.14545454545454548,0.3090909090909091,0.018181818181818184,0.009090909090909092,0.16363636363636364,0.02727272727272728,0.3272727272727272
NORTHEAST,322122,  Newsprint Mills,6,18,326384.4,179,9.9,0,0,0,0,0,8206.0,0.024531805995612967,239.0,0.32835146443514646,0.14545454545454548,0.3090909090909091,0.018181818181818184,0.009090909090909092,0.16363636363636364,0.02727272727272728,0.3272727272727272
MIDWEST,322122,  Newsprint Mills,6,18,326384.4,179,9.9,381,0,54,0,435,8206.0,0.024531805995612967,239.0,0.32835146443514646,0.14545454545454548,0.3090909090909091,0.018181818181818184,0.009090909090909092,0.16363636363636364,0.02727272727272728,0.3272727272727272
SOUTH,322122,  Newsprint Mills,6,18,326384.4,179,9.9,3571,0,374,*,3945,8206.0,0.024531805995612967,239.0,0.32835146443514646,0.14545454545454548,0.3090909090909091,0.018181818181818184,0.009090909090909092,0.16363636363636364,0.02727272727272728,0.3272727272727272
WEST,322122,  Newsprint Mills,6,18,326384.4,179,9.9,4293,0,0,39,4254,8206.0,0.024531805995612967,239.0,0.32835146443514646,0.14545454545454548,0.3090909090909091,0.018181818181818184,0.009090909090909092,0.16363636363636364,0.02727272727272728,0.3272727272727272
NERC,322130,  Paperboard Mills,65,147,517925.8,2633,19.1,18928,15,18286,2855,34373,16108.0,0.19423913583312638,194.0,10.939505154639175,0.13333333333333333,0.2833333333333333,0.016666666666666666,0.016666666666666666,0.15,0.03333333333333333,0.36666666666666664
NORTHEAST,322130,  Paperboard Mills,65,147,517925.8,2633,19.1,1434,0,170,11,1593,16108.0,0.19423913583312638,194.0,10.939505154639175,0.13333333333333333,0.2833333333333333,0.016666666666666666,0.016666666666666666,0.15,0.03333333333333333,0.36666666666666664
MIDWEST,322130,  Paperboard Mills,65,147,517925.8,2633,19.1,2789,0,504,27,3266,16108.0,0.19423913583312638,194.0,10.939505154639175,0.13333333333333333,0.2833333333333333,0.016666666666666666,0.016666666666666666,0.15,0.03333333333333333,0.36666666666666664
SOUTH,322130,  Paperboard Mills,65,147,517925.8,2633,19.1,11243,15,15571,1688,25141,16108.0,0.19423913583312638,194.0,10.939505154639175,0.13333333333333333,0.2833333333333333,0.016666666666666666,0.016666666666666666,0.15,0.03333333333333333,0.36666666666666664
WEST,322130,  Paperboard Mills,65,147,517925.8,2633,19.1,3463,0,2041,1130,4373,16108.0,0.19423913583312638,194.0,10.939505154639175,0.13333333333333333,0.2833333333333333,0.016666666666666666,0.016666666666666666,0.15,0.03333333333333333,0.36666666666666664
NERC,324110,  Petroleum Refineries,58,174,491872.6,7987,47.1,47532,3206,17286,3866,64158,46871.0,0.24546657848136375,733.0,10.589768076398363,0.14545454545454548,0.21818181818181817,0.018181818181818184,0.018181818181818184,0.16363636363636364,0.03636363636363637,0.39999999999999997
NORTHEAST,324110,  Petroleum Refineries,58,174,491872.6,7987,47.1,2491,0,230,0,2721,46871.0,0.24546657848136375,733.0,10.589768076398363,0.14545454545454548,0.21818181818181817,0.018181818181818184,0.018181818181818184,0.16363636363636364,0.03636363636363637,0.39999999999999997
MIDWEST,324110,  Petroleum Refineries,58,174,491872.6,7987,47.1,9670,0,766,126,10310,46871.0,0.24546657848136375,733.0,10.589768076398363,0.14545454545454548,0.21818181818181817,0.018181818181818184,0.018181818181818184,0.16363636363636364,0.03636363636363637,0.39999999999999997
SOUTH,324110,  Petroleum Refineries,58,174,491872.6,7987,47.1,28134,2545,11191,3309,38561,46871.0,0.24546657848136375,733.0,10.589768076398363,0.14545454545454548,0.21818181818181817,0.018181818181818184,0.018181818181818184,0.16363636363636364,0.03636363636363637,0.39999999999999997
WEST,324110,  Petroleum Refineries,58,174,491872.6,7987,47.1,7237,660,5099,431,12566,46871.0,0.24546657848136375,733.0,10.589768076398363,0.14545454545454548,0.21818181818181817,0.018181818181818184,0.018181818181818184,0.16363636363636364,0.03636363636363637,0.39999999999999997
NERC,324121,   Asphalt Paving Mixture and Block,9,1285,7716.9,2610,2.3,932,Q,2,*,935,933.0,0.20845016077170417,29.0,0.5882758620689655,0.10909090909090911,0.3045454545454545,0.01363636363636364,0.018181818181818184,0.16363636363636364,0.03636363636363637,0.3545454545454545
NORTHEAST,324121,   Asphalt Paving Mixture and Block,9,1285,7716.9,2610,2.3,262,Q,0,0,263,933.0,0.20845016077170417,29.0,0.5882758620689655,0.10909090909090911,0.3045454545454545,0.01363636363636364,0.018181818181818184,0.16363636363636364,0.03636363636363637,0.3545454545454545
MIDWEST,324121,   Asphalt Paving Mixture and Block,9,1285,7716.9,2610,2.3,147,0,1,0,148,933.0,0.20845016077170417,29.0,0.5882758620689655,0.10909090909090911,0.3045454545454545,0.01363636363636364,0.018181818181818184,0.16363636363636364,0.03636363636363637,0.3545454545454545
SOUTH,324121,   Asphalt Paving Mixture and Block,9,1285,7716.9,2610,2.3,337,0,*,*,337,933.0,0.20845016077170417,29.0,0.5882758620689655,0.10909090909090911,0.3045454545454545,0.01363636363636364,0.018181818181818184,0.16363636363636364,0.03636363636363637,0.3545454545454545
WEST,324121,   Asphalt Paving Mixture and Block,9,1285,7716.9,2610,2.3,187,0,Q,0,188,933.0,0.20845016077170417,29.0,0.5882758620689655,0.10909090909090911,0.3045454545454545,0.01363636363636364,0.018181818181818184,0.16363636363636364,0.03636363636363637,0.3545454545454545
NERC,324122,   Asphalt Shingle and Coating Materials,20,162,127002.0,668,4.2,730,0,9,1,738,730.0,0.06543561643835617,29.0,0.5882758620689655,0.16,0.33999999999999997,0.02,0.0,0.18,0.02,0.27999999999999997
NORTHEAST,324122,   Asphalt Shingle and Coating Materials,20,162,127002.0,668,4.2,35,0,1,1,35,730.0,0.06543561643835617,29.0,0.5882758620689655,0.16,0.33999999999999997,0.02,0.0,0.18,0.02,0.27999999999999997
MIDWEST,324122,   Asphalt Shingle and Coating Materials,20,162,127002.0,668,4.2,232,0,9,0,241,730.0,0.06543561643835617,29.0,0.5882758620689655,0.16,0.33999999999999997,0.02,0.0,0.18,0.02,0.27999999999999997
SOUTH,324122,   Asphalt Shingle and Coating Materials,20,162,127002.0,668,4.2,361,0,*,0,361,730.0,0.06543561643835617,29.0,0.5882758620689655,0.16,0.33999999999999997,0.02,0.0,0.18,0.02,0.27999999999999997
WEST,324122,   Asphalt Shingle and Coating Materials,20,162,127002.0,668,4.2,101,0,*,0,101,730.0,0.06543561643835617,29.0,0.5882758620689655,0.16,0.33999999999999997,0.02,0.0,0.18,0.02,0.27999999999999997
NERC,324199,  Other Petroleum and Coal Products,3,86,41125.3,556,6.6,593,0,1460,908,1145,-316.0,-0.626253164556962,29.0,0.5882758620689655,0.17142857142857146,0.19285714285714287,0.021428571428571432,0.0,0.2571428571428572,0.028571428571428574,0.32857142857142857
NORTHEAST,324199,  Other Petroleum and Coal Products,3,86,41125.3,556,6.6,41,0,0,0,41,-316.0,-0.626253164556962,29.0,0.5882758620689655,0.17142857142857146,0.19285714285714287,0.021428571428571432,0.0,0.2571428571428572,0.028571428571428574,0.32857142857142857
MIDWEST,324199,  Other Petroleum and Coal Products,3,86,41125.3,556,6.6,265,0,760,760,265,-316.0,-0.626253164556962,29.0,0.5882758620689655,0.17142857142857146,0.19285714285714287,0.021428571428571432,0.0,0.2571428571428572,0.028571428571428574,0.32857142857142857
SOUTH,324199,  Other Petroleum and Coal Products,3,86,41125.3,556,6.6,257,0,551,10,798,-316.0,-0.626253164556962,29.0,0.5882758620689655,0.17142857142857146,0.19285714285714287,0.021428571428571432,0.0,0.2571428571428572,0.028571428571428574,0.32857142857142857
WEST,324199,  Other Petroleum and Coal Products,3,86,41125.3,556,6.6,30,0,149,138,40,-316.0,-0.626253164556962,29.0,0.5882758620689655,0.17142857142857146,0.19285714285714287,0.021428571428571432,0.0,0.2571428571428572,0.028571428571428574,0.32857142857142857
NERC,325110,  Petrochemicals,5,44,113973.3,882,20.6,W,566,3907,1123,W,5810.0,0.31536041308089496,2115.0,1.43416926713948,0.17777777777777778,0.2666666666666667,0.022222222222222223,0.0,0.2,0.022222222222222223,0.3111111111111111
NORTHEAST,325110,  Petrochemicals,5,44,113973.3,882,20.6,18,0,0,0,18,5810.0,0.31536041308089496,2115.0,1.43416926713948,0.17777777777777778,0.2666666666666667,0.022222222222222223,0.0,0.2,0.022222222222222223,0.3111111111111111
MIDWEST,325110,  Petrochemicals,5,44,113973.3,882,20.6,4,0,0,0,4,5810.0,0.31536041308089496,2115.0,1.43416926713948,0.17777777777777778,0.2666666666666667,0.022222222222222223,0.0,0.2,0.022222222222222223,0.3111111111111111
SOUTH,325110,  Petrochemicals,5,44,113973.3,882,20.6,W,566,3907,1123,W,5810.0,0.31536041308089496,2115.0,1.43416926713948,0.17777777777777778,0.2666666666666667,0.022222222222222223,0.0,0.2,0.022222222222222223,0.3111111111111111
WEST,325110,  Petrochemicals,5,44,113973.3,882,20.6,*,0,0,0,*,5810.0,0.31536041308089496,2115.0,1.43416926713948,0.17777777777777778,0.2666666666666667,0.022222222222222223,0.0,0.2,0.022222222222222223,0.3111111111111111
NERC,325120,  Industrial Gases,6,427,27063.8,973,4.3,19969,0,10,0,19979,19971.0,0.01862240248360122,4.0,2.559,0.17777777777777778,0.15555555555555556,0.022222222222222223,0.011111111111111112,0.2,0.03333333333333334,0.39999999999999997
NORTHEAST,325120,  Industrial Gases,6,427,27063.8,973,4.3,2868,0,0,0,2868,19971.0,0.01862240248360122,4.0,2.559,0.17777777777777778,0.15555555555555556,0.022222222222222223,0.011111111111111112,0.2,0.03333333333333334,0.39999999999999997
MIDWEST,325120,  Industrial Gases,6,427,27063.8,973,4.3,5798,0,2,0,5800,19971.0,0.01862240248360122,4.0,2.559,0.17777777777777778,0.15555555555555556,0.022222222222222223,0.011111111111111112,0.2,0.03333333333333334,0.39999999999999997
SOUTH,325120,  Industrial Gases,6,427,27063.8,973,4.3,9167,0,8,0,9174,19971.0,0.01862240248360122,4.0,2.559,0.17777777777777778,0.15555555555555556,0.022222222222222223,0.011111111111111112,0.2,0.03333333333333334,0.39999999999999997
WEST,325120,  Industrial Gases,6,427,27063.8,973,4.3,2136,0,0,0,2136,19971.0,0.01862240248360122,4.0,2.559,0.17777777777777778,0.15555555555555556,0.022222222222222223,0.011111111111111112,0.2,0.03333333333333334,0.39999999999999997
NERC,325180,  Other Basic Inorganic Chemicals,50,511,108618.8,6082,12.8,21823,2030,4623,640,27836,23213.0,0.05262120363589368,4.0,2.559,0.14545454545454548,0.3090909090909091,0.018181818181818184,0.009090909090909092,0.16363636363636364,0.02727272727272728,0.3272727272727272
NORTHEAST,325180,  Other Basic Inorganic Chemicals,50,511,108618.8,6082,12.8,2539,0,0,0,2539,23213.0,0.05262120363589368,4.0,2.559,0.14545454545454548,0.3090909090909091,0.018181818181818184,0.009090909090909092,0.16363636363636364,0.02727272727272728,0.3272727272727272
MIDWEST,325180,  Other Basic Inorganic Chemicals,50,511,108618.8,6082,12.8,2396,0,1,24,2373,23213.0,0.05262120363589368,4.0,2.559,0.14545454545454548,0.3090909090909091,0.018181818181818184,0.009090909090909092,0.16363636363636364,0.02727272727272728,0.3272727272727272
SOUTH,325180,  Other Basic Inorganic Chemicals,50,511,108618.8,6082,12.8,11763,2011,3937,574,17137,23213.0,0.05262120363589368,4.0,2.559,0.14545454545454548,0.3090909090909091,0.018181818181818184,0.009090909090909092,0.16363636363636364,0.02727272727272728,0.3272727272727272
WEST,325180,  Other Basic Inorganic Chemicals,50,511,108618.8,6082,12.8,5125,19,685,42,5786,23213.0,0.05262120363589368,4.0,2.559,0.14545454545454548,0.3090909090909091,0.018181818181818184,0.009090909090909092,0.16363636363636364,0.02727272727272728,0.3272727272727272
NERC,325193,  Ethyl Alcohol ,20,211,112716.7,1740,8.6,11390,0,2393,83,13699,11306.0,0.148177251017159,406.0,0.4622167487684729,0.14545454545454548,0.3090909090909091,0.018181818181818184,0.009090909090909092,0.16363636363636364,0.02727272727272728,0.3272727272727272
NORTHEAST,325193,  Ethyl Alcohol ,20,211,112716.7,1740,8.6,221,0,0,0,221,11306.0,0.148177251017159,406.0,0.4622167487684729,0.14545454545454548,0.3090909090909091,0.018181818181818184,0.009090909090909092,0.16363636363636364,0.02727272727272728,0.3272727272727272
MIDWEST,325193,  Ethyl Alcohol ,20,211,112716.7,1740,8.6,10434,0,2339,83,12690,11306.0,0.148177251017159,406.0,0.4622167487684729,0.14545454545454548,0.3090909090909091,0.018181818181818184,0.009090909090909092,0.16363636363636364,0.02727272727272728,0.3272727272727272
SOUTH,325193,  Ethyl Alcohol ,20,211,112716.7,1740,8.6,296,0,1,0,296,11306.0,0.148177251017159,406.0,0.4622167487684729,0.14545454545454548,0.3090909090909091,0.018181818181818184,0.009090909090909092,0.16363636363636364,0.02727272727272728,0.3272727272727272
WEST,325193,  Ethyl Alcohol ,20,211,112716.7,1740,8.6,440,0,53,*,493,11306.0,0.148177251017159,406.0,0.4622167487684729,0.14545454545454548,0.3090909090909091,0.018181818181818184,0.009090909090909092,0.16363636363636364,0.02727272727272728,0.3272727272727272
NERC,325194,"  Cyclic Crudes, Intermediate and Gum and Wood Chemicals",8,69,143873.1,856,12.7,3017,0,127,20,3124,2998.0,0.04666177451634423,5.0,4.7768,0.16,0.24000000000000005,0.02,0.01,0.18,0.030000000000000006,0.36
NORTHEAST,325194,"  Cyclic Crudes, Intermediate and Gum and Wood Chemicals",8,69,143873.1,856,12.7,205,0,1,0,206,2998.0,0.04666177451634423,5.0,4.7768,0.16,0.24000000000000005,0.02,0.01,0.18,0.030000000000000006,0.36
MIDWEST,325194,"  Cyclic Crudes, Intermediate and Gum and Wood Chemicals",8,69,143873.1,856,12.7,420,0,0,0,420,2998.0,0.04666177451634423,5.0,4.7768,0.16,0.24000000000000005,0.02,0.01,0.18,0.030000000000000006,0.36
SOUTH,325194,"  Cyclic Crudes, Intermediate and Gum and Wood Chemicals",8,69,143873.1,856,12.7,2387,0,15,0,2402,2998.0,0.04666177451634423,5.0,4.7768,0.16,0.24000000000000005,0.02,0.01,0.18,0.030000000000000006,0.36
WEST,325194,"  Cyclic Crudes, Intermediate and Gum and Wood Chemicals",8,69,143873.1,856,12.7,5,0,110,20,95,2998.0,0.04666177451634423,5.0,4.7768,0.16,0.24000000000000005,0.02,0.01,0.18,0.030000000000000006,0.36
NERC,325199,  Other Basic Organic Chemicals,76,518,165861.0,7675,16.3,W,Q,10967,2583,W,16805.0,0.1606005355548944,187.0,5.85696256684492,0.13333333333333333,0.2833333333333333,0.016666666666666666,0.016666666666666666,0.15,0.03333333333333333,0.36666666666666664
NORTHEAST,325199,  Other Basic Organic Chemicals,76,518,165861.0,7675,16.3,667,0,1,0,668,16805.0,0.1606005355548944,187.0,5.85696256684492,0.13333333333333333,0.2833333333333333,0.016666666666666666,0.016666666666666666,0.15,0.03333333333333333,0.36666666666666664
MIDWEST,325199,  Other Basic Organic Chemicals,76,518,165861.0,7675,16.3,4193,0,19,54,4157,16805.0,0.1606005355548944,187.0,5.85696256684492,0.13333333333333333,0.2833333333333333,0.016666666666666666,0.016666666666666666,0.15,0.03333333333333333,0.36666666666666664
SOUTH,325199,  Other Basic Organic Chemicals,76,518,165861.0,7675,16.3,W,Q,10938,2525,W,16805.0,0.1606005355548944,187.0,5.85696256684492,0.13333333333333333,0.2833333333333333,0.016666666666666666,0.016666666666666666,0.15,0.03333333333333333,0.36666666666666664
WEST,325199,  Other Basic Organic Chemicals,76,518,165861.0,7675,16.3,495,9,9,4,509,16805.0,0.1606005355548944,187.0,5.85696256684492,0.13333333333333333,0.2833333333333333,0.016666666666666666,0.016666666666666666,0.15,0.03333333333333333,0.36666666666666664
NERC,325211,  Plastics Materials and Resins,118,844,148606.5,5625,6.9,21549,2355,22537,6971,39470,16934.0,0.1112214479744892,283.0,1.2538798586572437,0.13333333333333333,0.2833333333333333,0.016666666666666666,0.016666666666666666,0.15,0.03333333333333333,0.36666666666666664
NORTHEAST,325211,  Plastics Materials and Resins,118,844,148606.5,5625,6.9,1124,0,Q,0,1124,16934.0,0.1112214479744892,283.0,1.2538798586572437,0.13333333333333333,0.2833333333333333,0.016666666666666666,0.016666666666666666,0.15,0.03333333333333333,0.36666666666666664
MIDWEST,325211,  Plastics Materials and Resins,118,844,148606.5,5625,6.9,4475,0,*,0,4475,16934.0,0.1112214479744892,283.0,1.2538798586572437,0.13333333333333333,0.2833333333333333,0.016666666666666666,0.016666666666666666,0.15,0.03333333333333333,0.36666666666666664
SOUTH,325211,  Plastics Materials and Resins,118,844,148606.5,5625,6.9,15710,2355,22536,6971,33630,16934.0,0.1112214479744892,283.0,1.2538798586572437,0.13333333333333333,0.2833333333333333,0.016666666666666666,0.016666666666666666,0.15,0.03333333333333333,0.36666666666666664
WEST,325211,  Plastics Materials and Resins,118,844,148606.5,5625,6.9,240,0,0,0,240,16934.0,0.1112214479744892,283.0,1.2538798586572437,0.13333333333333333,0.2833333333333333,0.016666666666666666,0.016666666666666666,0.15,0.03333333333333333,0.36666666666666664
NERC,325212,  Synthetic Rubber,11,85,125357.3,702,8.3,1162,*,301,35,1428,1127.0,0.09990771960958296,-24.0,-1.4216666666666666,0.12000000000000002,0.23500000000000001,0.015000000000000003,0.02,0.18,0.04,0.38999999999999996
NORTHEAST,325212,  Synthetic Rubber,11,85,125357.3,702,8.3,10,*,*,0,10,1127.0,0.09990771960958296,-24.0,-1.4216666666666666,0.12000000000000002,0.23500000000000001,0.015000000000000003,0.02,0.18,0.04,0.38999999999999996
MIDWEST,325212,  Synthetic Rubber,11,85,125357.3,702,8.3,122,0,0,0,122,1127.0,0.09990771960958296,-24.0,-1.4216666666666666,0.12000000000000002,0.23500000000000001,0.015000000000000003,0.02,0.18,0.04,0.38999999999999996
SOUTH,325212,  Synthetic Rubber,11,85,125357.3,702,8.3,1014,0,301,35,1280,1127.0,0.09990771960958296,-24.0,-1.4216666666666666,0.12000000000000002,0.23500000000000001,0.015000000000000003,0.02,0.18,0.04,0.38999999999999996
WEST,325212,  Synthetic Rubber,11,85,125357.3,702,8.3,16,0,0,0,16,1127.0,0.09990771960958296,-24.0,-1.4216666666666666,0.12000000000000002,0.23500000000000001,0.015000000000000003,0.02,0.18,0.04,0.38999999999999996
NERC,325220,  Artificial and Synthetic Fibers and Filaments,26,89,313159.4,493,5.5,3256,0,188,39,3405,3217.0,0.03712154180913895,-24.0,-1.4216666666666666,0.12000000000000002,0.33499999999999996,0.015000000000000003,0.01,0.18,0.030000000000000006,0.30999999999999994
NORTHEAST,325220,  Artificial and Synthetic Fibers and Filaments,26,89,313159.4,493,5.5,23,0,2,0,25,3217.0,0.03712154180913895,-24.0,-1.4216666666666666,0.12000000000000002,0.33499999999999996,0.015000000000000003,0.01,0.18,0.030000000000000006,0.30999999999999994
MIDWEST,325220,  Artificial and Synthetic Fibers and Filaments,26,89,313159.4,493,5.5,52,0,0,0,52,3217.0,0.03712154180913895,-24.0,-1.4216666666666666,0.12000000000000002,0.33499999999999996,0.015000000000000003,0.01,0.18,0.030000000000000006,0.30999999999999994
SOUTH,325220,  Artificial and Synthetic Fibers and Filaments,26,89,313159.4,493,5.5,3174,0,186,39,3322,3217.0,0.03712154180913895,-24.0,-1.4216666666666666,0.12000000000000002,0.33499999999999996,0.015000000000000003,0.01,0.18,0.030000000000000006,0.30999999999999994
WEST,325220,  Artificial and Synthetic Fibers and Filaments,26,89,313159.4,493,5.5,6,0,0,0,6,3217.0,0.03712154180913895,-24.0,-1.4216666666666666,0.12000000000000002,0.33499999999999996,0.015000000000000003,0.01,0.18,0.030000000000000006,0.30999999999999994
NERC,325311,  Nitrogenous Fertilizers,16,133,128985.3,1362,10.5,3847,0,255,15,4088,3832.0,0.16205219206680585,286.0,0.22667132867132866,0.13333333333333333,0.2833333333333333,0.016666666666666666,0.016666666666666666,0.15,0.03333333333333333,0.36666666666666664
NORTHEAST,325311,  Nitrogenous Fertilizers,16,133,128985.3,1362,10.5,26,0,0,0,26,3832.0,0.16205219206680585,286.0,0.22667132867132866,0.13333333333333333,0.2833333333333333,0.016666666666666666,0.016666666666666666,0.15,0.03333333333333333,0.36666666666666664
MIDWEST,325311,  Nitrogenous Fertilizers,16,133,128985.3,1362,10.5,1403,0,0,0,1403,3832.0,0.16205219206680585,286.0,0.22667132867132866,0.13333333333333333,0.2833333333333333,0.016666666666666666,0.016666666666666666,0.15,0.03333333333333333,0.36666666666666664
SOUTH,325311,  Nitrogenous Fertilizers,16,133,128985.3,1362,10.5,1941,0,174,8,2107,3832.0,0.16205219206680585,286.0,0.22667132867132866,0.13333333333333333,0.2833333333333333,0.016666666666666666,0.016666666666666666,0.15,0.03333333333333333,0.36666666666666664
WEST,325311,  Nitrogenous Fertilizers,16,133,128985.3,1362,10.5,477,0,81,7,551,3832.0,0.16205219206680585,286.0,0.22667132867132866,0.13333333333333333,0.2833333333333333,0.016666666666666666,0.016666666666666666,0.15,0.03333333333333333,0.36666666666666664
NERC,325312,  Phosphatic Fertilizers,4,57,87329.1,629,12.6,2125,0,1812,127,3810,1998.0,0.06147747747747748,286.0,0.22667132867132866,0.17142857142857146,0.19285714285714287,0.021428571428571432,0.0,0.2571428571428572,0.028571428571428574,0.32857142857142857
NORTHEAST,325312,  Phosphatic Fertilizers,4,57,87329.1,629,12.6,1,0,0,0,1,1998.0,0.06147747747747748,286.0,0.22667132867132866,0.17142857142857146,0.19285714285714287,0.021428571428571432,0.0,0.2571428571428572,0.028571428571428574,0.32857142857142857
MIDWEST,325312,  Phosphatic Fertilizers,4,57,87329.1,629,12.6,11,0,0,0,11,1998.0,0.06147747747747748,286.0,0.22667132867132866,0.17142857142857146,0.19285714285714287,0.021428571428571432,0.0,0.2571428571428572,0.028571428571428574,0.32857142857142857
SOUTH,325312,  Phosphatic Fertilizers,4,57,87329.1,629,12.6,1750,0,1738,125,3363,1998.0,0.06147747747747748,286.0,0.22667132867132866,0.17142857142857146,0.19285714285714287,0.021428571428571432,0.0,0.2571428571428572,0.028571428571428574,0.32857142857142857
WEST,325312,  Phosphatic Fertilizers,4,57,87329.1,629,12.6,364,0,73,1,436,1998.0,0.06147747747747748,286.0,0.22667132867132866,0.17142857142857146,0.19285714285714287,0.021428571428571432,0.0,0.2571428571428572,0.028571428571428574,0.32857142857142857
NERC,325412,  Pharmaceutical Preparation,97,601,170807.3,2543,4.4,5604,5,146,1,5754,5617.0,0.02854975965818052,92.0,0.11126086956521739,0.13333333333333333,0.2833333333333333,0.016666666666666666,0.016666666666666666,0.15,0.03333333333333333,0.36666666666666664
NORTHEAST,325412,  Pharmaceutical Preparation,97,601,170807.3,2543,4.4,W,5,63,0,W,5617.0,0.02854975965818052,92.0,0.11126086956521739,0.13333333333333333,0.2833333333333333,0.016666666666666666,0.016666666666666666,0.15,0.03333333333333333,0.36666666666666664
MIDWEST,325412,  Pharmaceutical Preparation,97,601,170807.3,2543,4.4,2211,0,41,0,2251,5617.0,0.02854975965818052,92.0,0.11126086956521739,0.13333333333333333,0.2833333333333333,0.016666666666666666,0.016666666666666666,0.15,0.03333333333333333,0.36666666666666664
SOUTH,325412,  Pharmaceutical Preparation,97,601,170807.3,2543,4.4,W,0,1,0,W,5617.0,0.02854975965818052,92.0,0.11126086956521739,0.13333333333333333,0.2833333333333333,0.016666666666666666,0.016666666666666666,0.15,0.03333333333333333,0.36666666666666664
WEST,325412,  Pharmaceutical Preparation,97,601,170807.3,2543,4.4,824,*,41,1,864,5617.0,0.02854975965818052,92.0,0.11126086956521739,0.13333333333333333,0.2833333333333333,0.016666666666666666,0.016666666666666666,0.15,0.03333333333333333,0.36666666666666664
NERC,325992,"  Photographic Film, Paper, Plate, and Chemicals",28,121,233422.0,682,5.7,995,1,*,4,993,993.0,0.030924471299093658,1.0,6.824,0.13333333333333333,0.2833333333333333,0.016666666666666666,0.016666666666666666,0.15,0.03333333333333333,0.36666666666666664
NORTHEAST,325992,"  Photographic Film, Paper, Plate, and Chemicals",28,121,233422.0,682,5.7,436,1,*,3,435,993.0,0.030924471299093658,1.0,6.824,0.13333333333333333,0.2833333333333333,0.016666666666666666,0.016666666666666666,0.15,0.03333333333333333,0.36666666666666664
MIDWEST,325992,"  Photographic Film, Paper, Plate, and Chemicals",28,121,233422.0,682,5.7,88,0,0,1,87,993.0,0.030924471299093658,1.0,6.824,0.13333333333333333,0.2833333333333333,0.016666666666666666,0.016666666666666666,0.15,0.03333333333333333,0.36666666666666664
SOUTH,325992,"  Photographic Film, Paper, Plate, and Chemicals",28,121,233422.0,682,5.7,311,0,0,0,311,993.0,0.030924471299093658,1.0,6.824,0.13333333333333333,0.2833333333333333,0.016666666666666666,0.016666666666666666,0.15,0.03333333333333333,0.36666666666666664
WEST,325992,"  Photographic Film, Paper, Plate, and Chemicals",28,121,233422.0,682,5.7,160,0,0,0,160,993.0,0.030924471299093658,1.0,6.824,0.13333333333333333,0.2833333333333333,0.016666666666666666,0.016666666666666666,0.15,0.03333333333333333,0.36666666666666664
NERC,327120,   Clay Building Material and Refractories,58,446,143775.5,1801,4.1,W,*,20,0,W,1502.0,0.09768042609853528,3.0,2.2746666666666666,0.12000000000000002,0.33499999999999996,0.015000000000000003,0.01,0.18,0.030000000000000006,0.30999999999999994
NORTHEAST,327120,   Clay Building Material and Refractories,58,446,143775.5,1801,4.1,260,0,16,0,276,1502.0,0.09768042609853528,3.0,2.2746666666666666,0.12000000000000002,0.33499999999999996,0.015000000000000003,0.01,0.18,0.030000000000000006,0.30999999999999994
MIDWEST,327120,   Clay Building Material and Refractories,58,446,143775.5,1801,4.1,W,*,*,0,W,1502.0,0.09768042609853528,3.0,2.2746666666666666,0.12000000000000002,0.33499999999999996,0.015000000000000003,0.01,0.18,0.030000000000000006,0.30999999999999994
SOUTH,327120,   Clay Building Material and Refractories,58,446,143775.5,1801,4.1,W,0,*,0,W,1502.0,0.09768042609853528,3.0,2.2746666666666666,0.12000000000000002,0.33499999999999996,0.015000000000000003,0.01,0.18,0.030000000000000006,0.30999999999999994
WEST,327120,   Clay Building Material and Refractories,58,446,143775.5,1801,4.1,102,0,Q,0,105,1502.0,0.09768042609853528,3.0,2.2746666666666666,0.12000000000000002,0.33499999999999996,0.015000000000000003,0.01,0.18,0.030000000000000006,0.30999999999999994
NERC,327211,  Flat Glass,43,50,854934.0,191,3.8,1662,32,1,37,1658,1657.0,0.1276668678334339,63.0,0.6499047619047619,0.14545454545454548,0.3090909090909091,0.018181818181818184,0.009090909090909092,0.16363636363636364,0.02727272727272728,0.3272727272727272
NORTHEAST,327211,  Flat Glass,43,50,854934.0,191,3.8,309,0,*,0,310,1657.0,0.1276668678334339,63.0,0.6499047619047619,0.14545454545454548,0.3090909090909091,0.018181818181818184,0.009090909090909092,0.16363636363636364,0.02727272727272728,0.3272727272727272
MIDWEST,327211,  Flat Glass,43,50,854934.0,191,3.8,430,32,*,37,426,1657.0,0.1276668678334339,63.0,0.6499047619047619,0.14545454545454548,0.3090909090909091,0.018181818181818184,0.009090909090909092,0.16363636363636364,0.02727272727272728,0.3272727272727272
SOUTH,327211,  Flat Glass,43,50,854934.0,191,3.8,725,0,*,0,725,1657.0,0.1276668678334339,63.0,0.6499047619047619,0.14545454545454548,0.3090909090909091,0.018181818181818184,0.009090909090909092,0.16363636363636364,0.02727272727272728,0.3272727272727272
WEST,327211,  Flat Glass,43,50,854934.0,191,3.8,197,0,0,0,197,1657.0,0.1276668678334339,63.0,0.6499047619047619,0.14545454545454548,0.3090909090909091,0.018181818181818184,0.009090909090909092,0.16363636363636364,0.02727272727272728,0.3272727272727272
NERC,327212,  Other Pressed and Blown Glass and Glassware,25,194,133977.0,604,3.1,W,0,*,0,W,2237.0,0.048808225301743405,63.0,0.6499047619047619,0.16,0.33999999999999997,0.02,0.0,0.18,0.02,0.27999999999999997
NORTHEAST,327212,  Other Pressed and Blown Glass and Glassware,25,194,133977.0,604,3.1,W,0,*,0,W,2237.0,0.048808225301743405,63.0,0.6499047619047619,0.16,0.33999999999999997,0.02,0.0,0.18,0.02,0.27999999999999997
MIDWEST,327212,  Other Pressed and Blown Glass and Glassware,25,194,133977.0,604,3.1,463,0,0,0,463,2237.0,0.048808225301743405,63.0,0.6499047619047619,0.16,0.33999999999999997,0.02,0.0,0.18,0.02,0.27999999999999997
SOUTH,327212,  Other Pressed and Blown Glass and Glassware,25,194,133977.0,604,3.1,1198,0,0,0,1198,2237.0,0.048808225301743405,63.0,0.6499047619047619,0.16,0.33999999999999997,0.02,0.0,0.18,0.02,0.27999999999999997
WEST,327212,  Other Pressed and Blown Glass and Glassware,25,194,133977.0,604,3.1,123,0,*,0,123,2237.0,0.048808225301743405,63.0,0.6499047619047619,0.16,0.33999999999999997,0.02,0.0,0.18,0.02,0.27999999999999997
NERC,327213,  Glass Containers,32,59,548622.7,359,6.2,3544,0,*,0,3544,3544.0,0.055839729119638824,63.0,0.6499047619047619,0.13333333333333336,0.3722222222222222,0.01666666666666667,0.0,0.2,0.022222222222222223,0.25555555555555554
NORTHEAST,327213,  Glass Containers,32,59,548622.7,359,6.2,651,0,0,0,651,3544.0,0.055839729119638824,63.0,0.6499047619047619,0.13333333333333336,0.3722222222222222,0.01666666666666667,0.0,0.2,0.022222222222222223,0.25555555555555554
MIDWEST,327213,  Glass Containers,32,59,548622.7,359,6.2,873,0,0,0,873,3544.0,0.055839729119638824,63.0,0.6499047619047619,0.13333333333333336,0.3722222222222222,0.01666666666666667,0.0,0.2,0.022222222222222223,0.25555555555555554
SOUTH,327213,  Glass Containers,32,59,548622.7,359,6.2,1112,0,*,0,1112,3544.0,0.055839729119638824,63.0,0.6499047619047619,0.13333333333333336,0.3722222222222222,0.01666666666666667,0.0,0.2,0.022222222222222223,0.25555555555555554
WEST,327213,  Glass Containers,32,59,548622.7,359,6.2,909,0,0,0,909,3544.0,0.055839729119638824,63.0,0.6499047619047619,0.13333333333333336,0.3722222222222222,0.01666666666666667,0.0,0.2,0.022222222222222223,0.25555555555555554
NERC,327215,  Glass Products from Purchased Glass,58,683,85814.4,1035,1.5,3341,0,12,3,3350,3347.0,0.023446668658500147,204.0,0.01672549019607843,0.13333333333333333,0.2833333333333333,0.016666666666666666,0.016666666666666666,0.15,0.03333333333333333,0.36666666666666664
NORTHEAST,327215,  Glass Products from Purchased Glass,58,683,85814.4,1035,1.5,364,0,12,3,373,3347.0,0.023446668658500147,204.0,0.01672549019607843,0.13333333333333333,0.2833333333333333,0.016666666666666666,0.016666666666666666,0.15,0.03333333333333333,0.36666666666666664
MIDWEST,327215,  Glass Products from Purchased Glass,58,683,85814.4,1035,1.5,1417,0,*,0,1417,3347.0,0.023446668658500147,204.0,0.01672549019607843,0.13333333333333333,0.2833333333333333,0.016666666666666666,0.016666666666666666,0.15,0.03333333333333333,0.36666666666666664
SOUTH,327215,  Glass Products from Purchased Glass,58,683,85814.4,1035,1.5,1168,0,0,0,1168,3347.0,0.023446668658500147,204.0,0.01672549019607843,0.13333333333333333,0.2833333333333333,0.016666666666666666,0.016666666666666666,0.15,0.03333333333333333,0.36666666666666664
WEST,327215,  Glass Products from Purchased Glass,58,683,85814.4,1035,1.5,393,0,*,0,393,3347.0,0.023446668658500147,204.0,0.01672549019607843,0.13333333333333333,0.2833333333333333,0.016666666666666666,0.016666666666666666,0.15,0.03333333333333333,0.36666666666666664
NERC,327310,  Cements,22,189,120297.3,2189,11.7,10959,0,221,*,11180,11008.0,0.09205704941860465,105.0,2.502133333333333,0.10909090909090911,0.3045454545454545,0.01363636363636364,0.018181818181818184,0.16363636363636364,0.03636363636363637,0.3545454545454545
NORTHEAST,327310,  Cements,22,189,120297.3,2189,11.7,870,0,0,0,870,11008.0,0.09205704941860465,105.0,2.502133333333333,0.10909090909090911,0.3045454545454545,0.01363636363636364,0.018181818181818184,0.16363636363636364,0.03636363636363637,0.3545454545454545
MIDWEST,327310,  Cements,22,189,120297.3,2189,11.7,W,0,172,*,W,11008.0,0.09205704941860465,105.0,2.502133333333333,0.10909090909090911,0.3045454545454545,0.01363636363636364,0.018181818181818184,0.16363636363636364,0.03636363636363637,0.3545454545454545
SOUTH,327310,  Cements,22,189,120297.3,2189,11.7,4882,0,*,0,4882,11008.0,0.09205704941860465,105.0,2.502133333333333,0.10909090909090911,0.3045454545454545,0.01363636363636364,0.018181818181818184,0.16363636363636364,0.03636363636363637,0.3545454545454545
WEST,327310,  Cements,22,189,120297.3,2189,11.7,W,0,49,*,W,11008.0,0.09205704941860465,105.0,2.502133333333333,0.10909090909090911,0.3045454545454545,0.01363636363636364,0.018181818181818184,0.16363636363636364,0.03636363636363637,0.3545454545454545
NERC,327410,  Lime,4,83,80618.6,502,7.1,1481,0,20,20,1481,1461.0,0.24521560574948664,1.0,64.828,0.12000000000000002,0.33499999999999996,0.015000000000000003,0.01,0.18,0.030000000000000006,0.30999999999999994
NORTHEAST,327410,  Lime,4,83,80618.6,502,7.1,78,0,20,20,78,1461.0,0.24521560574948664,1.0,64.828,0.12000000000000002,0.33499999999999996,0.015000000000000003,0.01,0.18,0.030000000000000006,0.30999999999999994
MIDWEST,327410,  Lime,4,83,80618.6,502,7.1,W,0,0,0,W,1461.0,0.24521560574948664,1.0,64.828,0.12000000000000002,0.33499999999999996,0.015000000000000003,0.01,0.18,0.030000000000000006,0.30999999999999994
SOUTH,327410,  Lime,4,83,80618.6,502,7.1,687,0,0,0,687,1461.0,0.24521560574948664,1.0,64.828,0.12000000000000002,0.33499999999999996,0.015000000000000003,0.01,0.18,0.030000000000000006,0.30999999999999994
WEST,327410,  Lime,4,83,80618.6,502,7.1,W,0,0,0,W,1461.0,0.24521560574948664,1.0,64.828,0.12000000000000002,0.33499999999999996,0.015000000000000003,0.01,0.18,0.030000000000000006,0.30999999999999994
NERC,327420, Gypsum,29,122,275830.4,391,3.7,1368,0,38,0,1406,1368.0,0.13219005847953216,1.0,64.828,0.15000000000000002,0.29375,0.018750000000000003,0.0,0.225,0.025,0.2875
NORTHEAST,327420, Gypsum,29,122,275830.4,391,3.7,119,0,15,0,133,1368.0,0.13219005847953216,1.0,64.828,0.15000000000000002,0.29375,0.018750000000000003,0.0,0.225,0.025,0.2875
MIDWEST,327420, Gypsum,29,122,275830.4,391,3.7,269,0,*,0,269,1368.0,0.13219005847953216,1.0,64.828,0.15000000000000002,0.29375,0.018750000000000003,0.0,0.225,0.025,0.2875
SOUTH,327420, Gypsum,29,122,275830.4,391,3.7,709,0,0,0,709,1368.0,0.13219005847953216,1.0,64.828,0.15000000000000002,0.29375,0.018750000000000003,0.0,0.225,0.025,0.2875
WEST,327420, Gypsum,29,122,275830.4,391,3.7,272,0,23,0,295,1368.0,0.13219005847953216,1.0,64.828,0.15000000000000002,0.29375,0.018750000000000003,0.0,0.225,0.025,0.2875
NERC,327993,  Mineral Wool,43,186,242384.6,405,2.2,3205,0,2,0,3207,3207.0,0.03510944808231992,118.0,0.05783050847457627,0.10909090909090911,0.3045454545454545,0.01363636363636364,0.018181818181818184,0.16363636363636364,0.03636363636363637,0.3545454545454545
NORTHEAST,327993,  Mineral Wool,43,186,242384.6,405,2.2,161,0,1,0,162,3207.0,0.03510944808231992,118.0,0.05783050847457627,0.10909090909090911,0.3045454545454545,0.01363636363636364,0.018181818181818184,0.16363636363636364,0.03636363636363637,0.3545454545454545
MIDWEST,327993,  Mineral Wool,43,186,242384.6,405,2.2,1349,0,*,0,1349,3207.0,0.03510944808231992,118.0,0.05783050847457627,0.10909090909090911,0.3045454545454545,0.01363636363636364,0.018181818181818184,0.16363636363636364,0.03636363636363637,0.3545454545454545
SOUTH,327993,  Mineral Wool,43,186,242384.6,405,2.2,1167,0,*,0,1167,3207.0,0.03510944808231992,118.0,0.05783050847457627,0.10909090909090911,0.3045454545454545,0.01363636363636364,0.018181818181818184,0.16363636363636364,0.03636363636363637,0.3545454545454545
WEST,327993,  Mineral Wool,43,186,242384.6,405,2.2,528,0,*,0,528,3207.0,0.03510944808231992,118.0,0.05783050847457627,0.10909090909090911,0.3045454545454545,0.01363636363636364,0.018181818181818184,0.16363636363636364,0.03636363636363637,0.3545454545454545
NERC,331110,  Iron and Steel Mills and Ferroalloys,251,345,788537.3,4101,12.5,60334,0,4605,468,64471,59867.0,0.06679579735079426,2337.0,0.8117552417629439,0.13333333333333333,0.2833333333333333,0.016666666666666666,0.016666666666666666,0.15,0.03333333333333333,0.36666666666666664
NORTHEAST,331110,  Iron and Steel Mills and Ferroalloys,251,345,788537.3,4101,12.5,6800,0,453,3,7250,59867.0,0.06679579735079426,2337.0,0.8117552417629439,0.13333333333333333,0.2833333333333333,0.016666666666666666,0.016666666666666666,0.15,0.03333333333333333,0.36666666666666664
MIDWEST,331110,  Iron and Steel Mills and Ferroalloys,251,345,788537.3,4101,12.5,24383,0,3811,284,27910,59867.0,0.06679579735079426,2337.0,0.8117552417629439,0.13333333333333333,0.2833333333333333,0.016666666666666666,0.016666666666666666,0.15,0.03333333333333333,0.36666666666666664
SOUTH,331110,  Iron and Steel Mills and Ferroalloys,251,345,788537.3,4101,12.5,25153,0,340,181,25313,59867.0,0.06679579735079426,2337.0,0.8117552417629439,0.13333333333333333,0.2833333333333333,0.016666666666666666,0.016666666666666666,0.15,0.03333333333333333,0.36666666666666664
WEST,331110,  Iron and Steel Mills and Ferroalloys,251,345,788537.3,4101,12.5,3998,0,0,0,3998,59867.0,0.06679579735079426,2337.0,0.8117552417629439,0.13333333333333333,0.2833333333333333,0.016666666666666666,0.016666666666666666,0.15,0.03333333333333333,0.36666666666666664
NERC,331314,  Secondary Smelting and Alloying of Aluminum,17,96,211771.4,484,5.2,4695,*,*,3848,847,847.0,0.08056670602125147,6.0,1.1373333333333333,0.16,0.32999999999999996,0.02,0.01,0.18,0.030000000000000006,0.27
NORTHEAST,331314,  Secondary Smelting and Alloying of Aluminum,17,96,211771.4,484,5.2,16,0,0,0,16,847.0,0.08056670602125147,6.0,1.1373333333333333,0.16,0.32999999999999996,0.02,0.01,0.18,0.030000000000000006,0.27
MIDWEST,331314,  Secondary Smelting and Alloying of Aluminum,17,96,211771.4,484,5.2,470,*,*,0,470,847.0,0.08056670602125147,6.0,1.1373333333333333,0.16,0.32999999999999996,0.02,0.01,0.18,0.030000000000000006,0.27
SOUTH,331314,  Secondary Smelting and Alloying of Aluminum,17,96,211771.4,484,5.2,4181,0,*,3848,332,847.0,0.08056670602125147,6.0,1.1373333333333333,0.16,0.32999999999999996,0.02,0.01,0.18,0.030000000000000006,0.27
WEST,331314,  Secondary Smelting and Alloying of Aluminum,17,96,211771.4,484,5.2,28,0,0,0,28,847.0,0.08056670602125147,6.0,1.1373333333333333,0.16,0.32999999999999996,0.02,0.01,0.18,0.030000000000000006,0.27
NERC,331315,"  Aluminum Sheet, Plate and Foils",47,57,833178.6,379,6.6,4494,0,9,0,4504,4494.0,0.04783177570093458,6.0,1.1373333333333333,0.14545454545454548,0.3090909090909091,0.018181818181818184,0.009090909090909092,0.16363636363636364,0.02727272727272728,0.3272727272727272
NORTHEAST,331315,"  Aluminum Sheet, Plate and Foils",47,57,833178.6,379,6.6,496,0,0,0,496,4494.0,0.04783177570093458,6.0,1.1373333333333333,0.14545454545454548,0.3090909090909091,0.018181818181818184,0.009090909090909092,0.16363636363636364,0.02727272727272728,0.3272727272727272
MIDWEST,331315,"  Aluminum Sheet, Plate and Foils",47,57,833178.6,379,6.6,1543,0,0,0,1543,4494.0,0.04783177570093458,6.0,1.1373333333333333,0.14545454545454548,0.3090909090909091,0.018181818181818184,0.009090909090909092,0.16363636363636364,0.02727272727272728,0.3272727272727272
SOUTH,331315,"  Aluminum Sheet, Plate and Foils",47,57,833178.6,379,6.6,2092,0,9,0,2102,4494.0,0.04783177570093458,6.0,1.1373333333333333,0.14545454545454548,0.3090909090909091,0.018181818181818184,0.009090909090909092,0.16363636363636364,0.02727272727272728,0.3272727272727272
WEST,331315,"  Aluminum Sheet, Plate and Foils",47,57,833178.6,379,6.6,362,0,0,0,362,4494.0,0.04783177570093458,6.0,1.1373333333333333,0.14545454545454548,0.3090909090909091,0.018181818181818184,0.009090909090909092,0.16363636363636364,0.02727272727272728,0.3272727272727272
NERC,331318,"  Other Aluminum Rolling, Drawing and Extruding",36,191,200159.3,501,2.7,1741,0,Q,0,1744,1741.0,0.03723607122343481,97.0,0.03517525773195876,0.13333333333333333,0.2833333333333333,0.016666666666666666,0.016666666666666666,0.15,0.03333333333333333,0.36666666666666664
NORTHEAST,331318,"  Other Aluminum Rolling, Drawing and Extruding",36,191,200159.3,501,2.7,300,0,0,0,300,1741.0,0.03723607122343481,97.0,0.03517525773195876,0.13333333333333333,0.2833333333333333,0.016666666666666666,0.016666666666666666,0.15,0.03333333333333333,0.36666666666666664
MIDWEST,331318,"  Other Aluminum Rolling, Drawing and Extruding",36,191,200159.3,501,2.7,W,0,0,0,W,1741.0,0.03723607122343481,97.0,0.03517525773195876,0.13333333333333333,0.2833333333333333,0.016666666666666666,0.016666666666666666,0.15,0.03333333333333333,0.36666666666666664
SOUTH,331318,"  Other Aluminum Rolling, Drawing and Extruding",36,191,200159.3,501,2.7,658,0,Q,0,661,1741.0,0.03723607122343481,97.0,0.03517525773195876,0.13333333333333333,0.2833333333333333,0.016666666666666666,0.016666666666666666,0.15,0.03333333333333333,0.36666666666666664
WEST,331318,"  Other Aluminum Rolling, Drawing and Extruding",36,191,200159.3,501,2.7,W,0,0,0,W,1741.0,0.03723607122343481,97.0,0.03517525773195876,0.13333333333333333,0.2833333333333333,0.016666666666666666,0.016666666666666666,0.15,0.03333333333333333,0.36666666666666664
NERC,331410,   Nonferrous Metal (except Aluminum) Smelting and Refining,14,108,148746.8,695,7.1,7810,0,36,25,7821,7785.0,0.0210373795761079,24.0,0.9951666666666668,0.14545454545454548,0.3090909090909091,0.018181818181818184,0.009090909090909092,0.16363636363636364,0.02727272727272728,0.3272727272727272
NORTHEAST,331410,   Nonferrous Metal (except Aluminum) Smelting and Refining,14,108,148746.8,695,7.1,205,0,0,0,205,7785.0,0.0210373795761079,24.0,0.9951666666666668,0.14545454545454548,0.3090909090909091,0.018181818181818184,0.009090909090909092,0.16363636363636364,0.02727272727272728,0.3272727272727272
MIDWEST,331410,   Nonferrous Metal (except Aluminum) Smelting and Refining,14,108,148746.8,695,7.1,2522,0,*,25,2496,7785.0,0.0210373795761079,24.0,0.9951666666666668,0.14545454545454548,0.3090909090909091,0.018181818181818184,0.009090909090909092,0.16363636363636364,0.02727272727272728,0.3272727272727272
SOUTH,331410,   Nonferrous Metal (except Aluminum) Smelting and Refining,14,108,148746.8,695,7.1,2867,0,36,0,2904,7785.0,0.0210373795761079,24.0,0.9951666666666668,0.14545454545454548,0.3090909090909091,0.018181818181818184,0.009090909090909092,0.16363636363636364,0.02727272727272728,0.3272727272727272
WEST,331410,   Nonferrous Metal (except Aluminum) Smelting and Refining,14,108,148746.8,695,7.1,2217,0,0,0,2217,7785.0,0.0210373795761079,24.0,0.9951666666666668,0.14545454545454548,0.3090909090909091,0.018181818181818184,0.009090909090909092,0.16363636363636364,0.02727272727272728,0.3272727272727272
NERC,331511,   Iron Foundries,43,320,135116.5,1308,4.1,6046,0,9,0,6055,6047.0,0.029340830163717545,124.0,0.44025806451612903,0.14545454545454548,0.3090909090909091,0.018181818181818184,0.009090909090909092,0.16363636363636364,0.02727272727272728,0.3272727272727272
NORTHEAST,331511,   Iron Foundries,43,320,135116.5,1308,4.1,549,0,0,0,549,6047.0,0.029340830163717545,124.0,0.44025806451612903,0.14545454545454548,0.3090909090909091,0.018181818181818184,0.009090909090909092,0.16363636363636364,0.02727272727272728,0.3272727272727272
MIDWEST,331511,   Iron Foundries,43,320,135116.5,1308,4.1,4216,0,9,0,4224,6047.0,0.029340830163717545,124.0,0.44025806451612903,0.14545454545454548,0.3090909090909091,0.018181818181818184,0.009090909090909092,0.16363636363636364,0.02727272727272728,0.3272727272727272
SOUTH,331511,   Iron Foundries,43,320,135116.5,1308,4.1,1157,0,*,0,1157,6047.0,0.029340830163717545,124.0,0.44025806451612903,0.14545454545454548,0.3090909090909091,0.018181818181818184,0.009090909090909092,0.16363636363636364,0.02727272727272728,0.3272727272727272
WEST,331511,   Iron Foundries,43,320,135116.5,1308,4.1,125,0,*,0,125,6047.0,0.029340830163717545,124.0,0.44025806451612903,0.14545454545454548,0.3090909090909091,0.018181818181818184,0.009090909090909092,0.16363636363636364,0.02727272727272728,0.3272727272727272
NERC,331523,   Nonferrous Metal Die-Casting Foundaries,28,254,114964.6,549,2.2,2105,0,0,0,2105,2105.0,0.03890166270783848,124.0,0.44025806451612903,0.14545454545454548,0.3090909090909091,0.018181818181818184,0.009090909090909092,0.16363636363636364,0.02727272727272728,0.3272727272727272
NORTHEAST,331523,   Nonferrous Metal Die-Casting Foundaries,28,254,114964.6,549,2.2,91,0,0,0,91,2105.0,0.03890166270783848,124.0,0.44025806451612903,0.14545454545454548,0.3090909090909091,0.018181818181818184,0.009090909090909092,0.16363636363636364,0.02727272727272728,0.3272727272727272
MIDWEST,331523,   Nonferrous Metal Die-Casting Foundaries,28,254,114964.6,549,2.2,1428,0,0,0,1428,2105.0,0.03890166270783848,124.0,0.44025806451612903,0.14545454545454548,0.3090909090909091,0.018181818181818184,0.009090909090909092,0.16363636363636364,0.02727272727272728,0.3272727272727272
SOUTH,331523,   Nonferrous Metal Die-Casting Foundaries,28,254,114964.6,549,2.2,452,0,0,0,452,2105.0,0.03890166270783848,124.0,0.44025806451612903,0.14545454545454548,0.3090909090909091,0.018181818181818184,0.009090909090909092,0.16363636363636364,0.02727272727272728,0.3272727272727272
WEST,331523,   Nonferrous Metal Die-Casting Foundaries,28,254,114964.6,549,2.2,135,0,0,0,135,2105.0,0.03890166270783848,124.0,0.44025806451612903,0.14545454545454548,0.3090909090909091,0.018181818181818184,0.009090909090909092,0.16363636363636364,0.02727272727272728,0.3272727272727272
NERC,331524,"  Aluminum Foundries, except Die-Casting",19,268,70095.9,610,2.3,793,0,*,0,793,793.0,0.047329129886506935,124.0,0.44025806451612903,0.14545454545454548,0.3090909090909091,0.018181818181818184,0.009090909090909092,0.16363636363636364,0.02727272727272728,0.3272727272727272
NORTHEAST,331524,"  Aluminum Foundries, except Die-Casting",19,268,70095.9,610,2.3,74,0,0,0,74,793.0,0.047329129886506935,124.0,0.44025806451612903,0.14545454545454548,0.3090909090909091,0.018181818181818184,0.009090909090909092,0.16363636363636364,0.02727272727272728,0.3272727272727272
MIDWEST,331524,"  Aluminum Foundries, except Die-Casting",19,268,70095.9,610,2.3,445,0,0,0,445,793.0,0.047329129886506935,124.0,0.44025806451612903,0.14545454545454548,0.3090909090909091,0.018181818181818184,0.009090909090909092,0.16363636363636364,0.02727272727272728,0.3272727272727272
SOUTH,331524,"  Aluminum Foundries, except Die-Casting",19,268,70095.9,610,2.3,216,0,0,0,216,793.0,0.047329129886506935,124.0,0.44025806451612903,0.14545454545454548,0.3090909090909091,0.018181818181818184,0.009090909090909092,0.16363636363636364,0.02727272727272728,0.3272727272727272
WEST,331524,"  Aluminum Foundries, except Die-Casting",19,268,70095.9,610,2.3,58,0,*,0,58,793.0,0.047329129886506935,124.0,0.44025806451612903,0.14545454545454548,0.3090909090909091,0.018181818181818184,0.009090909090909092,0.16363636363636364,0.02727272727272728,0.3272727272727272
NERC,334413,  Semiconductors and Related Devices,129,388,357738.8,1518,4.1,19101,0,34,0,19135,19106.0,0.01607243797759866,275.0,0.024814545454545454,0.13333333333333333,0.2833333333333333,0.016666666666666666,0.016666666666666666,0.15,0.03333333333333333,0.36666666666666664
NORTHEAST,334413,  Semiconductors and Related Devices,129,388,357738.8,1518,4.1,2128,0,*,0,2128,19106.0,0.01607243797759866,275.0,0.024814545454545454,0.13333333333333333,0.2833333333333333,0.016666666666666666,0.016666666666666666,0.15,0.03333333333333333,0.36666666666666664
MIDWEST,334413,  Semiconductors and Related Devices,129,388,357738.8,1518,4.1,638,0,3,0,641,19106.0,0.01607243797759866,275.0,0.024814545454545454,0.13333333333333333,0.2833333333333333,0.016666666666666666,0.016666666666666666,0.15,0.03333333333333333,0.36666666666666664
SOUTH,334413,  Semiconductors and Related Devices,129,388,357738.8,1518,4.1,3842,0,*,0,3842,19106.0,0.01607243797759866,275.0,0.024814545454545454,0.13333333333333333,0.2833333333333333,0.016666666666666666,0.016666666666666666,0.15,0.03333333333333333,0.36666666666666664
WEST,334413,  Semiconductors and Related Devices,129,388,357738.8,1518,4.1,12493,0,30,0,12523,19106.0,0.01607243797759866,275.0,0.024814545454545454,0.13333333333333333,0.2833333333333333,0.016666666666666666,0.016666666666666666,0.15,0.03333333333333333,0.36666666666666664
NERC,336111,Automobiles,84,44,1975817.3,233,5.5,3592,0,42,4,3631,3623.0,0.03107811206182721,4.0,0.853,0.13333333333333333,0.2833333333333333,0.016666666666666666,0.016666666666666666,0.15,0.03333333333333333,0.36666666666666664
NORTHEAST,336111,Automobiles,84,44,1975817.3,233,5.5,1,0,0,0,1,3623.0,0.03107811206182721,4.0,0.853,0.13333333333333333,0.2833333333333333,0.016666666666666666,0.016666666666666666,0.15,0.03333333333333333,0.36666666666666664
MIDWEST,336111,Automobiles,84,44,1975817.3,233,5.5,2121,0,9,0,2129,3623.0,0.03107811206182721,4.0,0.853,0.13333333333333333,0.2833333333333333,0.016666666666666666,0.016666666666666666,0.15,0.03333333333333333,0.36666666666666664
SOUTH,336111,Automobiles,84,44,1975817.3,233,5.5,842,0,34,4,872,3623.0,0.03107811206182721,4.0,0.853,0.13333333333333333,0.2833333333333333,0.016666666666666666,0.016666666666666666,0.15,0.03333333333333333,0.36666666666666664
WEST,336111,Automobiles,84,44,1975817.3,233,5.5,629,0,0,0,629,3623.0,0.03107811206182721,4.0,0.853,0.13333333333333333,0.2833333333333333,0.016666666666666666,0.016666666666666666,0.15,0.03333333333333333,0.36666666666666664
NERC,336112,  Light Trucks and Utility Vehicles,81,37,2183486.7,294,8.0,3573,0,83,0,3656,3574.0,0.03723223279238948,4.0,0.853,0.14545454545454548,0.3090909090909091,0.018181818181818184,0.009090909090909092,0.16363636363636364,0.02727272727272728,0.3272727272727272
NORTHEAST,336112,  Light Trucks and Utility Vehicles,81,37,2183486.7,294,8.0,0,0,0,0,0,3574.0,0.03723223279238948,4.0,0.853,0.14545454545454548,0.3090909090909091,0.018181818181818184,0.009090909090909092,0.16363636363636364,0.02727272727272728,0.3272727272727272
MIDWEST,336112,  Light Trucks and Utility Vehicles,81,37,2183486.7,294,8.0,1986,0,31,0,2017,3574.0,0.03723223279238948,4.0,0.853,0.14545454545454548,0.3090909090909091,0.018181818181818184,0.009090909090909092,0.16363636363636364,0.02727272727272728,0.3272727272727272
SOUTH,336112,  Light Trucks and Utility Vehicles,81,37,2183486.7,294,8.0,1585,0,52,0,1637,3574.0,0.03723223279238948,4.0,0.853,0.14545454545454548,0.3090909090909091,0.018181818181818184,0.009090909090909092,0.16363636363636364,0.02727272727272728,0.3272727272727272
WEST,336112,  Light Trucks and Utility Vehicles,81,37,2183486.7,294,8.0,2,0,0,0,2,3574.0,0.03723223279238948,4.0,0.853,0.14545454545454548,0.3090909090909091,0.018181818181818184,0.009090909090909092,0.16363636363636364,0.02727272727272728,0.3272727272727272
NERC,336411,Aircraft,147,293,568435.4,2964,11.5,3198,0,*,1,3198,3197.0,0.024546762589928058,126.0,0.027079365079365078,0.16,0.24000000000000005,0.02,0.01,0.18,0.030000000000000006,0.36
NORTHEAST,336411,Aircraft,147,293,568435.4,2964,11.5,265,0,0,1,264,3197.0,0.024546762589928058,126.0,0.027079365079365078,0.16,0.24000000000000005,0.02,0.01,0.18,0.030000000000000006,0.36
MIDWEST,336411,Aircraft,147,293,568435.4,2964,11.5,502,0,0,0,502,3197.0,0.024546762589928058,126.0,0.027079365079365078,0.16,0.24000000000000005,0.02,0.01,0.18,0.030000000000000006,0.36
SOUTH,336411,Aircraft,147,293,568435.4,2964,11.5,1707,0,*,0,1707,3197.0,0.024546762589928058,126.0,0.027079365079365078,0.16,0.24000000000000005,0.02,0.01,0.18,0.030000000000000006,0.36
WEST,336411,Aircraft,147,293,568435.4,2964,11.5,724,0,0,0,724,3197.0,0.024546762589928058,126.0,0.027079365079365078,0.16,0.24000000000000005,0.02,0.01,0.18,0.030000000000000006,0.36
